[2026-08-21T02:53:29.753Z] [ESEB-LOG] START: Orchestration initialized for domain 8000kicks.donabico.com
[2026-08-21T02:53:29.753Z] [ESEB-LOG] ROUND-ROBIN SELECTOR: Active Node: LLAMA_3B (Edge Ultra-Fast Localization)
[2026-08-21T02:53:30.024Z] [ESEB-LOG] AUTO-HEALED: Node response HTTP 429. Self-healing vector engaged.
[2026-08-21T02:53:30.025Z] [ESEB-LOG] HASH SHARDING: Initializing mathematical hash mapping into 24 virtual threads...
[2026-08-21T02:53:30.026Z] [ESEB-LOG] HASH SHARDING SUCCESS: All 24 virtual sharded threads mapped & verified. Entropy δ = 0.
[2026-08-21T02:53:30.026Z] [ESEB-LOG] DISPATCH: Virtual Thread #1 | Hash: 69588667228b | Status: ACTIVE
[2026-08-21T02:53:30.026Z] [ESEB-LOG] DISPATCH: Virtual Thread #2 | Hash: 9efd1557ebda | Status: ACTIVE
[2026-08-21T02:53:30.026Z] [ESEB-LOG] DISPATCH: Virtual Thread #3 | Hash: 448477bc66a1 | Status: ACTIVE
[2026-08-21T02:53:30.026Z] [ESEB-LOG] DISPATCH: Virtual Thread #4 | Hash: 6e672c577461 | Status: ACTIVE
[2026-08-21T02:53:30.026Z] [ESEB-LOG] DISPATCH: Virtual Thread #5 | Hash: cdc38110e213 | Status: ACTIVE
[2026-08-21T02:53:30.026Z] [ESEB-LOG] DISPATCH: Virtual Thread #6 | Hash: a2b49b94f8d0 | Status: ACTIVE
[2026-08-21T02:53:30.026Z] [ESEB-LOG] DISPATCH: Virtual Thread #7 | Hash: cc7c513fa001 | Status: ACTIVE
[2026-08-21T02:53:30.026Z] [ESEB-LOG] DISPATCH: Virtual Thread #8 | Hash: ad6814914b3d | Status: ACTIVE
[2026-08-21T02:53:30.026Z] [ESEB-LOG] DISPATCH: Virtual Thread #9 | Hash: 3463b921337e | Status: ACTIVE
[2026-08-21T02:53:30.026Z] [ESEB-LOG] DISPATCH: Virtual Thread #10 | Hash: 02ee8a8c7fa3 | Status: ACTIVE
[2026-08-21T02:53:30.026Z] [ESEB-LOG] DISPATCH: Virtual Thread #11 | Hash: c18ee373d9a3 | Status: ACTIVE
[2026-08-21T02:53:30.026Z] [ESEB-LOG] DISPATCH: Virtual Thread #12 | Hash: c53efccca1bc | Status: ACTIVE
[2026-08-21T02:53:30.026Z] [ESEB-LOG] DISPATCH: Virtual Thread #13 | Hash: 891469a9db7b | Status: ACTIVE
[2026-08-21T02:53:30.026Z] [ESEB-LOG] DISPATCH: Virtual Thread #14 | Hash: 5dfae781ee5a | Status: ACTIVE
[2026-08-21T02:53:30.026Z] [ESEB-LOG] DISPATCH: Virtual Thread #15 | Hash: 5c2f9012742c | Status: ACTIVE
[2026-08-21T02:53:30.026Z] [ESEB-LOG] DISPATCH: Virtual Thread #16 | Hash: 9868c2c888fd | Status: ACTIVE
[2026-08-21T02:53:30.026Z] [ESEB-LOG] DISPATCH: Virtual Thread #17 | Hash: 67e00196b1c7 | Status: ACTIVE
[2026-08-21T02:53:30.026Z] [ESEB-LOG] DISPATCH: Virtual Thread #18 | Hash: 4757aa249a33 | Status: ACTIVE
[2026-08-21T02:53:30.026Z] [ESEB-LOG] DISPATCH: Virtual Thread #19 | Hash: d8a5fc3a56fb | Status: ACTIVE
[2026-08-21T02:53:30.026Z] [ESEB-LOG] DISPATCH: Virtual Thread #20 | Hash: 077f36ecdae2 | Status: ACTIVE
[2026-08-21T02:53:30.026Z] [ESEB-LOG] DISPATCH: Virtual Thread #21 | Hash: 288fba1a6905 | Status: ACTIVE
[2026-08-21T02:53:30.026Z] [ESEB-LOG] DISPATCH: Virtual Thread #22 | Hash: d0b193972482 | Status: ACTIVE
[2026-08-21T02:53:30.026Z] [ESEB-LOG] DISPATCH: Virtual Thread #23 | Hash: 1b99f61b2869 | Status: ACTIVE
[2026-08-21T02:53:30.026Z] [ESEB-LOG] DISPATCH: Virtual Thread #24 | Hash: 326e6d612293 | Status: ACTIVE
[2026-08-21T02:53:30.026Z] [ESEB-LOG] ESEB CLASSIC SUCCESS: Core Authenticated | V-STAMP-24 Verified.
[2026-08-21T02:53:30.026Z] [ESEB-LOG] END: Execution Completed. Sharded Virtual Threads Active: 24/24 | Entropy δ = 0.
[2026-08-21T02:54:40.040Z] [ESEB-LOG] START: Orchestration initialized for domain 8000kicks.donabico.com
[2026-08-21T02:54:40.040Z] [ESEB-LOG] ROUND-ROBIN SELECTOR: Active Node: LLAMA_3B (Edge Ultra-Fast Localization)
[2026-08-21T02:54:40.250Z] [ESEB-LOG] AUTO-HEALED: Node response HTTP 429. Self-healing vector engaged.
[2026-08-21T02:54:40.251Z] [ESEB-LOG] HASH SHARDING: Initializing mathematical hash mapping into 24 virtual threads...
[2026-08-21T02:54:40.251Z] [ESEB-LOG] HASH SHARDING SUCCESS: All 24 virtual sharded threads mapped & verified. Entropy δ = 0.
[2026-08-21T02:54:40.251Z] [ESEB-LOG] DISPATCH: Virtual Thread #1 | Hash: 78b2d9a05eb7 | Status: ACTIVE
[2026-08-21T02:54:40.251Z] [ESEB-LOG] DISPATCH: Virtual Thread #2 | Hash: a79f2c3debb0 | Status: ACTIVE
[2026-08-21T02:54:40.251Z] [ESEB-LOG] DISPATCH: Virtual Thread #3 | Hash: 31791309e41a | Status: ACTIVE
[2026-08-21T02:54:40.251Z] [ESEB-LOG] DISPATCH: Virtual Thread #4 | Hash: ce4bba1dbf70 | Status: ACTIVE
[2026-08-21T02:54:40.251Z] [ESEB-LOG] DISPATCH: Virtual Thread #5 | Hash: 705a89cf173d | Status: ACTIVE
[2026-08-21T02:54:40.251Z] [ESEB-LOG] DISPATCH: Virtual Thread #6 | Hash: e9b5d20ccd74 | Status: ACTIVE
[2026-08-21T02:54:40.251Z] [ESEB-LOG] DISPATCH: Virtual Thread #7 | Hash: f68c4a9bd905 | Status: ACTIVE
[2026-08-21T02:54:40.251Z] [ESEB-LOG] DISPATCH: Virtual Thread #8 | Hash: fcb930aa7075 | Status: ACTIVE
[2026-08-21T02:54:40.251Z] [ESEB-LOG] DISPATCH: Virtual Thread #9 | Hash: 22a686bf45d0 | Status: ACTIVE
[2026-08-21T02:54:40.251Z] [ESEB-LOG] DISPATCH: Virtual Thread #10 | Hash: 9abf6f1fd6f6 | Status: ACTIVE
[2026-08-21T02:54:40.251Z] [ESEB-LOG] DISPATCH: Virtual Thread #11 | Hash: a9e175141678 | Status: ACTIVE
[2026-08-21T02:54:40.251Z] [ESEB-LOG] DISPATCH: Virtual Thread #12 | Hash: 8c5dc1e26f5f | Status: ACTIVE
[2026-08-21T02:54:40.251Z] [ESEB-LOG] DISPATCH: Virtual Thread #13 | Hash: 3d615cae6654 | Status: ACTIVE
[2026-08-21T02:54:40.251Z] [ESEB-LOG] DISPATCH: Virtual Thread #14 | Hash: 950b49e5e921 | Status: ACTIVE
[2026-08-21T02:54:40.251Z] [ESEB-LOG] DISPATCH: Virtual Thread #15 | Hash: b555a1e27908 | Status: ACTIVE
[2026-08-21T02:54:40.251Z] [ESEB-LOG] DISPATCH: Virtual Thread #16 | Hash: ad218d1b0fb8 | Status: ACTIVE
[2026-08-21T02:54:40.251Z] [ESEB-LOG] DISPATCH: Virtual Thread #17 | Hash: 97548c1977b1 | Status: ACTIVE
[2026-08-21T02:54:40.251Z] [ESEB-LOG] DISPATCH: Virtual Thread #18 | Hash: 747eb995b028 | Status: ACTIVE
[2026-08-21T02:54:40.251Z] [ESEB-LOG] DISPATCH: Virtual Thread #19 | Hash: f3475122df42 | Status: ACTIVE
[2026-08-21T02:54:40.251Z] [ESEB-LOG] DISPATCH: Virtual Thread #20 | Hash: bd882eb1e7ca | Status: ACTIVE
[2026-08-21T02:54:40.251Z] [ESEB-LOG] DISPATCH: Virtual Thread #21 | Hash: 48caf73e4d82 | Status: ACTIVE
[2026-08-21T02:54:40.251Z] [ESEB-LOG] DISPATCH: Virtual Thread #22 | Hash: a37ec49de986 | Status: ACTIVE
[2026-08-21T02:54:40.251Z] [ESEB-LOG] DISPATCH: Virtual Thread #23 | Hash: a44d55bae3e9 | Status: ACTIVE
[2026-08-21T02:54:40.251Z] [ESEB-LOG] DISPATCH: Virtual Thread #24 | Hash: a50f31bff97e | Status: ACTIVE
[2026-08-21T02:54:40.251Z] [ESEB-LOG] ESEB CLASSIC SUCCESS: Core Authenticated | V-STAMP-24 Verified.
[2026-08-21T02:54:40.252Z] [ESEB-LOG] END: Execution Completed. Sharded Virtual Threads Active: 24/24 | Entropy δ = 0.
[2026-08-21T04:30:31.177Z] [ESEB-LOG] START: Orchestration initialized for domain 8000kicks.donabico.com
[2026-08-21T04:30:31.177Z] [ESEB-LOG] ROUND-ROBIN SELECTOR: Active Node: GEMMA_7B (Context Enrichment & Smart Conversion)
[2026-08-21T04:30:31.350Z] [ESEB-LOG] AUTO-HEALED: Node response HTTP 429. Self-healing vector engaged.
[2026-08-21T04:30:31.351Z] [ESEB-LOG] HASH SHARDING: Initializing mathematical hash mapping into 24 virtual threads...
[2026-08-21T04:30:31.352Z] [ESEB-LOG] HASH SHARDING SUCCESS: All 24 virtual sharded threads mapped & verified. Entropy δ = 0.
[2026-08-21T04:30:31.352Z] [ESEB-LOG] DISPATCH: Virtual Thread #1 | Hash: 762513e8b168 | Status: ACTIVE
[2026-08-21T04:30:31.352Z] [ESEB-LOG] DISPATCH: Virtual Thread #2 | Hash: 20256e0fe358 | Status: ACTIVE
[2026-08-21T04:30:31.352Z] [ESEB-LOG] DISPATCH: Virtual Thread #3 | Hash: 3ef19949ca5c | Status: ACTIVE
[2026-08-21T04:30:31.352Z] [ESEB-LOG] DISPATCH: Virtual Thread #4 | Hash: 5a915aafa40a | Status: ACTIVE
[2026-08-21T04:30:31.352Z] [ESEB-LOG] DISPATCH: Virtual Thread #5 | Hash: f74b09bece92 | Status: ACTIVE
[2026-08-21T04:30:31.352Z] [ESEB-LOG] DISPATCH: Virtual Thread #6 | Hash: 17497f5f70d3 | Status: ACTIVE
[2026-08-21T04:30:31.352Z] [ESEB-LOG] DISPATCH: Virtual Thread #7 | Hash: aad04a400a23 | Status: ACTIVE
[2026-08-21T04:30:31.352Z] [ESEB-LOG] DISPATCH: Virtual Thread #8 | Hash: 81d9b3da29ca | Status: ACTIVE
[2026-08-21T04:30:31.352Z] [ESEB-LOG] DISPATCH: Virtual Thread #9 | Hash: db5231a7e86b | Status: ACTIVE
[2026-08-21T04:30:31.352Z] [ESEB-LOG] DISPATCH: Virtual Thread #10 | Hash: 8ee0cdf34903 | Status: ACTIVE
[2026-08-21T04:30:31.352Z] [ESEB-LOG] DISPATCH: Virtual Thread #11 | Hash: a6be8a35b45a | Status: ACTIVE
[2026-08-21T04:30:31.352Z] [ESEB-LOG] DISPATCH: Virtual Thread #12 | Hash: 64318bb8e4fa | Status: ACTIVE
[2026-08-21T04:30:31.352Z] [ESEB-LOG] DISPATCH: Virtual Thread #13 | Hash: 7a94befde65f | Status: ACTIVE
[2026-08-21T04:30:31.352Z] [ESEB-LOG] DISPATCH: Virtual Thread #14 | Hash: f13302658864 | Status: ACTIVE
[2026-08-21T04:30:31.352Z] [ESEB-LOG] DISPATCH: Virtual Thread #15 | Hash: 211f466308a3 | Status: ACTIVE
[2026-08-21T04:30:31.352Z] [ESEB-LOG] DISPATCH: Virtual Thread #16 | Hash: f24bf1730c46 | Status: ACTIVE
[2026-08-21T04:30:31.352Z] [ESEB-LOG] DISPATCH: Virtual Thread #17 | Hash: 87fd6c139686 | Status: ACTIVE
[2026-08-21T04:30:31.352Z] [ESEB-LOG] DISPATCH: Virtual Thread #18 | Hash: d7f8ef26ee38 | Status: ACTIVE
[2026-08-21T04:30:31.352Z] [ESEB-LOG] DISPATCH: Virtual Thread #19 | Hash: 02a60635c45f | Status: ACTIVE
[2026-08-21T04:30:31.352Z] [ESEB-LOG] DISPATCH: Virtual Thread #20 | Hash: c169c2e95137 | Status: ACTIVE
[2026-08-21T04:30:31.352Z] [ESEB-LOG] DISPATCH: Virtual Thread #21 | Hash: 398592c85cce | Status: ACTIVE
[2026-08-21T04:30:31.353Z] [ESEB-LOG] DISPATCH: Virtual Thread #22 | Hash: b641435e7ca7 | Status: ACTIVE
[2026-08-21T04:30:31.353Z] [ESEB-LOG] DISPATCH: Virtual Thread #23 | Hash: d02a70d3f51b | Status: ACTIVE
[2026-08-21T04:30:31.353Z] [ESEB-LOG] DISPATCH: Virtual Thread #24 | Hash: 95be160da412 | Status: ACTIVE
[2026-08-21T04:30:31.353Z] [ESEB-LOG] ESEB CLASSIC SUCCESS: Core Authenticated | V-STAMP-24 Verified.
[2026-08-21T04:30:31.353Z] [ESEB-LOG] END: Execution Completed. Sharded Virtual Threads Active: 24/24 | Entropy δ = 0.
[2026-08-21T08:30:09.852Z] [ESEB-LOG] START: Orchestration initialized for domain 8000kicks.donabico.com
[2026-08-21T08:30:09.852Z] [ESEB-LOG] ROUND-ROBIN SELECTOR: Active Node: BGE_EMBEDDING (RAG Knowledge Vectorization)
[2026-08-21T08:30:10.063Z] [ESEB-LOG] AUTO-HEALED: Node response HTTP 429. Self-healing vector engaged.
[2026-08-21T08:30:10.064Z] [ESEB-LOG] HASH SHARDING: Initializing mathematical hash mapping into 24 virtual threads...
[2026-08-21T08:30:10.065Z] [ESEB-LOG] HASH SHARDING SUCCESS: All 24 virtual sharded threads mapped & verified. Entropy δ = 0.
[2026-08-21T08:30:10.065Z] [ESEB-LOG] DISPATCH: Virtual Thread #1 | Hash: 887edf6dd0c0 | Status: ACTIVE
[2026-08-21T08:30:10.065Z] [ESEB-LOG] DISPATCH: Virtual Thread #2 | Hash: 4c94b33a4439 | Status: ACTIVE
[2026-08-21T08:30:10.065Z] [ESEB-LOG] DISPATCH: Virtual Thread #3 | Hash: 8dfdf9727b5d | Status: ACTIVE
[2026-08-21T08:30:10.065Z] [ESEB-LOG] DISPATCH: Virtual Thread #4 | Hash: 33a72e3b5064 | Status: ACTIVE
[2026-08-21T08:30:10.065Z] [ESEB-LOG] DISPATCH: Virtual Thread #5 | Hash: da59b74a3b4a | Status: ACTIVE
[2026-08-21T08:30:10.065Z] [ESEB-LOG] DISPATCH: Virtual Thread #6 | Hash: dd12813f9723 | Status: ACTIVE
[2026-08-21T08:30:10.065Z] [ESEB-LOG] DISPATCH: Virtual Thread #7 | Hash: d16027927dfe | Status: ACTIVE
[2026-08-21T08:30:10.065Z] [ESEB-LOG] DISPATCH: Virtual Thread #8 | Hash: c4d5f447c13a | Status: ACTIVE
[2026-08-21T08:30:10.065Z] [ESEB-LOG] DISPATCH: Virtual Thread #9 | Hash: 03bd8f158d9d | Status: ACTIVE
[2026-08-21T08:30:10.065Z] [ESEB-LOG] DISPATCH: Virtual Thread #10 | Hash: d38eb4689154 | Status: ACTIVE
[2026-08-21T08:30:10.065Z] [ESEB-LOG] DISPATCH: Virtual Thread #11 | Hash: 35e2ecacb64f | Status: ACTIVE
[2026-08-21T08:30:10.065Z] [ESEB-LOG] DISPATCH: Virtual Thread #12 | Hash: 0445cf480832 | Status: ACTIVE
[2026-08-21T08:30:10.065Z] [ESEB-LOG] DISPATCH: Virtual Thread #13 | Hash: c8dfa42faee4 | Status: ACTIVE
[2026-08-21T08:30:10.065Z] [ESEB-LOG] DISPATCH: Virtual Thread #14 | Hash: 89a71fe318c3 | Status: ACTIVE
[2026-08-21T08:30:10.065Z] [ESEB-LOG] DISPATCH: Virtual Thread #15 | Hash: 01fa7fa3dc52 | Status: ACTIVE
[2026-08-21T08:30:10.065Z] [ESEB-LOG] DISPATCH: Virtual Thread #16 | Hash: c6ae509b3957 | Status: ACTIVE
[2026-08-21T08:30:10.066Z] [ESEB-LOG] DISPATCH: Virtual Thread #17 | Hash: 836eede5b7b7 | Status: ACTIVE
[2026-08-21T08:30:10.066Z] [ESEB-LOG] DISPATCH: Virtual Thread #18 | Hash: 6b8b873127ac | Status: ACTIVE
[2026-08-21T08:30:10.066Z] [ESEB-LOG] DISPATCH: Virtual Thread #19 | Hash: d3e3d592bf2b | Status: ACTIVE
[2026-08-21T08:30:10.066Z] [ESEB-LOG] DISPATCH: Virtual Thread #20 | Hash: 283976328821 | Status: ACTIVE
[2026-08-21T08:30:10.066Z] [ESEB-LOG] DISPATCH: Virtual Thread #21 | Hash: 2c5479de1aa0 | Status: ACTIVE
[2026-08-21T08:30:10.066Z] [ESEB-LOG] DISPATCH: Virtual Thread #22 | Hash: 497813a18b23 | Status: ACTIVE
[2026-08-21T08:30:10.066Z] [ESEB-LOG] DISPATCH: Virtual Thread #23 | Hash: 09ff480425b2 | Status: ACTIVE
[2026-08-21T08:30:10.066Z] [ESEB-LOG] DISPATCH: Virtual Thread #24 | Hash: c75a4bbbfeba | Status: ACTIVE
[2026-08-21T08:30:10.066Z] [ESEB-LOG] ESEB CLASSIC SUCCESS: Core Authenticated | V-STAMP-24 Verified.
[2026-08-21T08:30:10.066Z] [ESEB-LOG] END: Execution Completed. Sharded Virtual Threads Active: 24/24 | Entropy δ = 0.
[2026-08-21T12:30:34.741Z] [ESEB-LOG] START: Orchestration initialized for domain 8000kicks.donabico.com
[2026-08-21T12:30:34.741Z] [ESEB-LOG] ROUND-ROBIN SELECTOR: Active Node: SDXL_IMAGE (Affiliate Intelligent Banners & Posters)
[2026-08-21T12:30:37.681Z] [ESEB-LOG] SOTA SUCCESS: NODE [SDXL_IMAGE] HTTP Status: 200 OK (Credit Preserved)
[2026-08-21T12:30:37.682Z] [ESEB-LOG] HASH SHARDING: Initializing mathematical hash mapping into 24 virtual threads...
[2026-08-21T12:30:37.683Z] [ESEB-LOG] HASH SHARDING SUCCESS: All 24 virtual sharded threads mapped & verified. Entropy δ = 0.
[2026-08-21T12:30:37.683Z] [ESEB-LOG] DISPATCH: Virtual Thread #1 | Hash: c9e1108604ba | Status: ACTIVE
[2026-08-21T12:30:37.683Z] [ESEB-LOG] DISPATCH: Virtual Thread #2 | Hash: 155fb8f46480 | Status: ACTIVE
[2026-08-21T12:30:37.683Z] [ESEB-LOG] DISPATCH: Virtual Thread #3 | Hash: e61e14f65600 | Status: ACTIVE
[2026-08-21T12:30:37.683Z] [ESEB-LOG] DISPATCH: Virtual Thread #4 | Hash: 12b9ef8b1b8a | Status: ACTIVE
[2026-08-21T12:30:37.683Z] [ESEB-LOG] DISPATCH: Virtual Thread #5 | Hash: 152ec62cbe31 | Status: ACTIVE
[2026-08-21T12:30:37.683Z] [ESEB-LOG] DISPATCH: Virtual Thread #6 | Hash: fb2d6134148d | Status: ACTIVE
[2026-08-21T12:30:37.683Z] [ESEB-LOG] DISPATCH: Virtual Thread #7 | Hash: aa4d78b79972 | Status: ACTIVE
[2026-08-21T12:30:37.683Z] [ESEB-LOG] DISPATCH: Virtual Thread #8 | Hash: 2388ab246fee | Status: ACTIVE
[2026-08-21T12:30:37.683Z] [ESEB-LOG] DISPATCH: Virtual Thread #9 | Hash: dd6dc01c764e | Status: ACTIVE
[2026-08-21T12:30:37.683Z] [ESEB-LOG] DISPATCH: Virtual Thread #10 | Hash: 13db6689e553 | Status: ACTIVE
[2026-08-21T12:30:37.683Z] [ESEB-LOG] DISPATCH: Virtual Thread #11 | Hash: d99241e7ea40 | Status: ACTIVE
[2026-08-21T12:30:37.683Z] [ESEB-LOG] DISPATCH: Virtual Thread #12 | Hash: 169a01e40c33 | Status: ACTIVE
[2026-08-21T12:30:37.683Z] [ESEB-LOG] DISPATCH: Virtual Thread #13 | Hash: 603048cf9ddf | Status: ACTIVE
[2026-08-21T12:30:37.683Z] [ESEB-LOG] DISPATCH: Virtual Thread #14 | Hash: 10b75c83d99c | Status: ACTIVE
[2026-08-21T12:30:37.683Z] [ESEB-LOG] DISPATCH: Virtual Thread #15 | Hash: 0db5a675419c | Status: ACTIVE
[2026-08-21T12:30:37.683Z] [ESEB-LOG] DISPATCH: Virtual Thread #16 | Hash: 16bd13079be2 | Status: ACTIVE
[2026-08-21T12:30:37.683Z] [ESEB-LOG] DISPATCH: Virtual Thread #17 | Hash: 895cad6cd226 | Status: ACTIVE
[2026-08-21T12:30:37.683Z] [ESEB-LOG] DISPATCH: Virtual Thread #18 | Hash: aaa1095ea1a1 | Status: ACTIVE
[2026-08-21T12:30:37.683Z] [ESEB-LOG] DISPATCH: Virtual Thread #19 | Hash: 615d68aadf16 | Status: ACTIVE
[2026-08-21T12:30:37.683Z] [ESEB-LOG] DISPATCH: Virtual Thread #20 | Hash: 8441988aeb3a | Status: ACTIVE
[2026-08-21T12:30:37.683Z] [ESEB-LOG] DISPATCH: Virtual Thread #21 | Hash: 600ff7ff3c50 | Status: ACTIVE
[2026-08-21T12:30:37.683Z] [ESEB-LOG] DISPATCH: Virtual Thread #22 | Hash: 200951ae03cb | Status: ACTIVE
[2026-08-21T12:30:37.683Z] [ESEB-LOG] DISPATCH: Virtual Thread #23 | Hash: fc4deb0a4ae6 | Status: ACTIVE
[2026-08-21T12:30:37.683Z] [ESEB-LOG] DISPATCH: Virtual Thread #24 | Hash: 0daf30cb37da | Status: ACTIVE
[2026-08-21T12:30:37.683Z] [ESEB-LOG] ESEB CLASSIC SUCCESS: Core Authenticated | V-STAMP-24 Verified.
[2026-08-21T12:30:37.683Z] [ESEB-LOG] END: Execution Completed. Sharded Virtual Threads Active: 24/24 | Entropy δ = 0.
[2026-08-21T16:22:17.359Z] [ESEB-LOG] START: Orchestration initialized for domain 8000kicks.donabico.com
[2026-08-21T16:22:17.359Z] [ESEB-LOG] ROUND-ROBIN SELECTOR: Active Node: LLAMA_70B (Super Smart Intelligent Reviews & Deep Synthesis)
[2026-08-21T16:22:24.376Z] [ESEB-LOG] SOTA SUCCESS: NODE [LLAMA_70B] HTTP Status: 200 OK (Credit Preserved)
[2026-08-21T16:22:24.377Z] [ESEB-LOG] HASH SHARDING: Initializing mathematical hash mapping into 24 virtual threads...
[2026-08-21T16:22:24.378Z] [ESEB-LOG] HASH SHARDING SUCCESS: All 24 virtual sharded threads mapped & verified. Entropy δ = 0.
[2026-08-21T16:22:24.378Z] [ESEB-LOG] DISPATCH: Virtual Thread #1 | Hash: f6b2ebfdfe0d | Status: ACTIVE
[2026-08-21T16:22:24.378Z] [ESEB-LOG] DISPATCH: Virtual Thread #2 | Hash: 125a00599f7e | Status: ACTIVE
[2026-08-21T16:22:24.378Z] [ESEB-LOG] DISPATCH: Virtual Thread #3 | Hash: c1ed7fe9a151 | Status: ACTIVE
[2026-08-21T16:22:24.378Z] [ESEB-LOG] DISPATCH: Virtual Thread #4 | Hash: be19149a6c3e | Status: ACTIVE
[2026-08-21T16:22:24.378Z] [ESEB-LOG] DISPATCH: Virtual Thread #5 | Hash: 29454b034199 | Status: ACTIVE
[2026-08-21T16:22:24.378Z] [ESEB-LOG] DISPATCH: Virtual Thread #6 | Hash: d82458021e10 | Status: ACTIVE
[2026-08-21T16:22:24.378Z] [ESEB-LOG] DISPATCH: Virtual Thread #7 | Hash: 5d08507f7765 | Status: ACTIVE
[2026-08-21T16:22:24.378Z] [ESEB-LOG] DISPATCH: Virtual Thread #8 | Hash: f2283152251c | Status: ACTIVE
[2026-08-21T16:22:24.378Z] [ESEB-LOG] DISPATCH: Virtual Thread #9 | Hash: f49c4ea7a6e8 | Status: ACTIVE
[2026-08-21T16:22:24.378Z] [ESEB-LOG] DISPATCH: Virtual Thread #10 | Hash: f792707337d7 | Status: ACTIVE
[2026-08-21T16:22:24.378Z] [ESEB-LOG] DISPATCH: Virtual Thread #11 | Hash: f1b86094878e | Status: ACTIVE
[2026-08-21T16:22:24.378Z] [ESEB-LOG] DISPATCH: Virtual Thread #12 | Hash: 340bc827476d | Status: ACTIVE
[2026-08-21T16:22:24.378Z] [ESEB-LOG] DISPATCH: Virtual Thread #13 | Hash: 97a09d64a98f | Status: ACTIVE
[2026-08-21T16:22:24.378Z] [ESEB-LOG] DISPATCH: Virtual Thread #14 | Hash: 0e0191f8de32 | Status: ACTIVE
[2026-08-21T16:22:24.378Z] [ESEB-LOG] DISPATCH: Virtual Thread #15 | Hash: 0996b879a3ba | Status: ACTIVE
[2026-08-21T16:22:24.378Z] [ESEB-LOG] DISPATCH: Virtual Thread #16 | Hash: 58887361a53c | Status: ACTIVE
[2026-08-21T16:22:24.378Z] [ESEB-LOG] DISPATCH: Virtual Thread #17 | Hash: 3a89b2236024 | Status: ACTIVE
[2026-08-21T16:22:24.378Z] [ESEB-LOG] DISPATCH: Virtual Thread #18 | Hash: e9ca5ce03975 | Status: ACTIVE
[2026-08-21T16:22:24.378Z] [ESEB-LOG] DISPATCH: Virtual Thread #19 | Hash: 93802b25001f | Status: ACTIVE
[2026-08-21T16:22:24.378Z] [ESEB-LOG] DISPATCH: Virtual Thread #20 | Hash: 1fe1b9ad9bc8 | Status: ACTIVE
[2026-08-21T16:22:24.378Z] [ESEB-LOG] DISPATCH: Virtual Thread #21 | Hash: 5a3a0b75267d | Status: ACTIVE
[2026-08-21T16:22:24.378Z] [ESEB-LOG] DISPATCH: Virtual Thread #22 | Hash: 99949dea7f55 | Status: ACTIVE
[2026-08-21T16:22:24.378Z] [ESEB-LOG] DISPATCH: Virtual Thread #23 | Hash: c62483d07797 | Status: ACTIVE
[2026-08-21T16:22:24.378Z] [ESEB-LOG] DISPATCH: Virtual Thread #24 | Hash: c57526e509f9 | Status: ACTIVE
[2026-08-21T16:22:24.378Z] [ESEB-LOG] ESEB CLASSIC SUCCESS: Core Authenticated | V-STAMP-24 Verified.
[2026-08-21T16:22:24.378Z] [ESEB-LOG] END: Execution Completed. Sharded Virtual Threads Active: 24/24 | Entropy δ = 0.
[2026-08-21T20:16:34.012Z] [ESEB-LOG] START: Orchestration initialized for domain 8000kicks.donabico.com
[2026-08-21T20:16:34.013Z] [ESEB-LOG] ROUND-ROBIN SELECTOR: Active Node: LLAMA_8B (Rapid RAG Fallback & Smart Sourcing)
[2026-08-21T20:16:36.150Z] [ESEB-LOG] SOTA SUCCESS: NODE [LLAMA_8B] HTTP Status: 200 OK (Credit Preserved)
[2026-08-21T20:16:36.151Z] [ESEB-LOG] HASH SHARDING: Initializing mathematical hash mapping into 24 virtual threads...
[2026-08-21T20:16:36.151Z] [ESEB-LOG] HASH SHARDING SUCCESS: All 24 virtual sharded threads mapped & verified. Entropy δ = 0.
[2026-08-21T20:16:36.151Z] [ESEB-LOG] DISPATCH: Virtual Thread #1 | Hash: 200208765680 | Status: ACTIVE
[2026-08-21T20:16:36.151Z] [ESEB-LOG] DISPATCH: Virtual Thread #2 | Hash: 23a5f89577e3 | Status: ACTIVE
[2026-08-21T20:16:36.151Z] [ESEB-LOG] DISPATCH: Virtual Thread #3 | Hash: 0fb1a839947d | Status: ACTIVE
[2026-08-21T20:16:36.151Z] [ESEB-LOG] DISPATCH: Virtual Thread #4 | Hash: d8f627d3a3f4 | Status: ACTIVE
[2026-08-21T20:16:36.151Z] [ESEB-LOG] DISPATCH: Virtual Thread #5 | Hash: c79be31c00d3 | Status: ACTIVE
[2026-08-21T20:16:36.151Z] [ESEB-LOG] DISPATCH: Virtual Thread #6 | Hash: 6b89c229d5ac | Status: ACTIVE
[2026-08-21T20:16:36.151Z] [ESEB-LOG] DISPATCH: Virtual Thread #7 | Hash: e48291b24acc | Status: ACTIVE
[2026-08-21T20:16:36.151Z] [ESEB-LOG] DISPATCH: Virtual Thread #8 | Hash: ca9cb8061810 | Status: ACTIVE
[2026-08-21T20:16:36.151Z] [ESEB-LOG] DISPATCH: Virtual Thread #9 | Hash: 1ac27ce57b39 | Status: ACTIVE
[2026-08-21T20:16:36.152Z] [ESEB-LOG] DISPATCH: Virtual Thread #10 | Hash: 43662fe90c7e | Status: ACTIVE
[2026-08-21T20:16:36.152Z] [ESEB-LOG] DISPATCH: Virtual Thread #11 | Hash: ce8a2a49a630 | Status: ACTIVE
[2026-08-21T20:16:36.152Z] [ESEB-LOG] DISPATCH: Virtual Thread #12 | Hash: 129ffa856d06 | Status: ACTIVE
[2026-08-21T20:16:36.152Z] [ESEB-LOG] DISPATCH: Virtual Thread #13 | Hash: 368ec2414b89 | Status: ACTIVE
[2026-08-21T20:16:36.152Z] [ESEB-LOG] DISPATCH: Virtual Thread #14 | Hash: 8cf79812f021 | Status: ACTIVE
[2026-08-21T20:16:36.152Z] [ESEB-LOG] DISPATCH: Virtual Thread #15 | Hash: eec4edd39c41 | Status: ACTIVE
[2026-08-21T20:16:36.152Z] [ESEB-LOG] DISPATCH: Virtual Thread #16 | Hash: 893d4e226d64 | Status: ACTIVE
[2026-08-21T20:16:36.152Z] [ESEB-LOG] DISPATCH: Virtual Thread #17 | Hash: 53ce8bd8346b | Status: ACTIVE
[2026-08-21T20:16:36.152Z] [ESEB-LOG] DISPATCH: Virtual Thread #18 | Hash: 3c3f0e62dd7e | Status: ACTIVE
[2026-08-21T20:16:36.152Z] [ESEB-LOG] DISPATCH: Virtual Thread #19 | Hash: 431e0edd8bc0 | Status: ACTIVE
[2026-08-21T20:16:36.152Z] [ESEB-LOG] DISPATCH: Virtual Thread #20 | Hash: 234d196be18a | Status: ACTIVE
[2026-08-21T20:16:36.152Z] [ESEB-LOG] DISPATCH: Virtual Thread #21 | Hash: 0bfb1e637605 | Status: ACTIVE
[2026-08-21T20:16:36.152Z] [ESEB-LOG] DISPATCH: Virtual Thread #22 | Hash: 5f7913f87f97 | Status: ACTIVE
[2026-08-21T20:16:36.152Z] [ESEB-LOG] DISPATCH: Virtual Thread #23 | Hash: be1f84087be3 | Status: ACTIVE
[2026-08-21T20:16:36.152Z] [ESEB-LOG] DISPATCH: Virtual Thread #24 | Hash: d0a67cb60226 | Status: ACTIVE
[2026-08-21T20:16:36.152Z] [ESEB-LOG] ESEB CLASSIC SUCCESS: Core Authenticated | V-STAMP-24 Verified.
[2026-08-21T20:16:36.152Z] [ESEB-LOG] END: Execution Completed. Sharded Virtual Threads Active: 24/24 | Entropy δ = 0.
[2026-08-22T00:45:23.451Z] [ESEB-LOG] START: Orchestration initialized for domain 8000kicks.donabico.com
[2026-08-22T00:45:23.451Z] [ESEB-LOG] ROUND-ROBIN SELECTOR: Active Node: DEEPSEEK (Advanced Reasoning & GEO-SEO Optimization)
[2026-08-22T00:45:30.274Z] [ESEB-LOG] SOTA SUCCESS: NODE [DEEPSEEK] HTTP Status: 200 OK (Credit Preserved)
[2026-08-22T00:45:30.276Z] [ESEB-LOG] HASH SHARDING: Initializing mathematical hash mapping into 24 virtual threads...
[2026-08-22T00:45:30.276Z] [ESEB-LOG] HASH SHARDING SUCCESS: All 24 virtual sharded threads mapped & verified. Entropy δ = 0.
[2026-08-22T00:45:30.276Z] [ESEB-LOG] DISPATCH: Virtual Thread #1 | Hash: c3dad132f579 | Status: ACTIVE
[2026-08-22T00:45:30.276Z] [ESEB-LOG] DISPATCH: Virtual Thread #2 | Hash: 85c6bc385e91 | Status: ACTIVE
[2026-08-22T00:45:30.276Z] [ESEB-LOG] DISPATCH: Virtual Thread #3 | Hash: b0e4405e0e6e | Status: ACTIVE
[2026-08-22T00:45:30.276Z] [ESEB-LOG] DISPATCH: Virtual Thread #4 | Hash: d9c4196a2dcf | Status: ACTIVE
[2026-08-22T00:45:30.276Z] [ESEB-LOG] DISPATCH: Virtual Thread #5 | Hash: d29c82fe6604 | Status: ACTIVE
[2026-08-22T00:45:30.276Z] [ESEB-LOG] DISPATCH: Virtual Thread #6 | Hash: 77d346d5be62 | Status: ACTIVE
[2026-08-22T00:45:30.276Z] [ESEB-LOG] DISPATCH: Virtual Thread #7 | Hash: 9402adf91750 | Status: ACTIVE
[2026-08-22T00:45:30.276Z] [ESEB-LOG] DISPATCH: Virtual Thread #8 | Hash: 4df7fdd539da | Status: ACTIVE
[2026-08-22T00:45:30.276Z] [ESEB-LOG] DISPATCH: Virtual Thread #9 | Hash: 7f8f39e979a2 | Status: ACTIVE
[2026-08-22T00:45:30.276Z] [ESEB-LOG] DISPATCH: Virtual Thread #10 | Hash: 927af3c1cfbc | Status: ACTIVE
[2026-08-22T00:45:30.276Z] [ESEB-LOG] DISPATCH: Virtual Thread #11 | Hash: f741092dd4aa | Status: ACTIVE
[2026-08-22T00:45:30.276Z] [ESEB-LOG] DISPATCH: Virtual Thread #12 | Hash: e41596c9cfb3 | Status: ACTIVE
[2026-08-22T00:45:30.276Z] [ESEB-LOG] DISPATCH: Virtual Thread #13 | Hash: c3dfe3cc01d5 | Status: ACTIVE
[2026-08-22T00:45:30.276Z] [ESEB-LOG] DISPATCH: Virtual Thread #14 | Hash: 780fa46db65b | Status: ACTIVE
[2026-08-22T00:45:30.276Z] [ESEB-LOG] DISPATCH: Virtual Thread #15 | Hash: 81385dec9d37 | Status: ACTIVE
[2026-08-22T00:45:30.276Z] [ESEB-LOG] DISPATCH: Virtual Thread #16 | Hash: b86ddfc4e2d5 | Status: ACTIVE
[2026-08-22T00:45:30.277Z] [ESEB-LOG] DISPATCH: Virtual Thread #17 | Hash: f65269ccc791 | Status: ACTIVE
[2026-08-22T00:45:30.277Z] [ESEB-LOG] DISPATCH: Virtual Thread #18 | Hash: c3b5ef934f56 | Status: ACTIVE
[2026-08-22T00:45:30.277Z] [ESEB-LOG] DISPATCH: Virtual Thread #19 | Hash: a2308575d9f4 | Status: ACTIVE
[2026-08-22T00:45:30.277Z] [ESEB-LOG] DISPATCH: Virtual Thread #20 | Hash: 4a98b1d18bab | Status: ACTIVE
[2026-08-22T00:45:30.277Z] [ESEB-LOG] DISPATCH: Virtual Thread #21 | Hash: 38338bd7f552 | Status: ACTIVE
[2026-08-22T00:45:30.277Z] [ESEB-LOG] DISPATCH: Virtual Thread #22 | Hash: a6241afbe128 | Status: ACTIVE
[2026-08-22T00:45:30.277Z] [ESEB-LOG] DISPATCH: Virtual Thread #23 | Hash: 6bf61ccb4b26 | Status: ACTIVE
[2026-08-22T00:45:30.277Z] [ESEB-LOG] DISPATCH: Virtual Thread #24 | Hash: 77d5ea35693d | Status: ACTIVE
[2026-08-22T00:45:30.277Z] [ESEB-LOG] ESEB CLASSIC SUCCESS: Core Authenticated | V-STAMP-24 Verified.
[2026-08-22T00:45:30.277Z] [ESEB-LOG] END: Execution Completed. Sharded Virtual Threads Active: 24/24 | Entropy δ = 0.
[2026-08-22T04:24:09.509Z] [ESEB-LOG] START: Orchestration initialized for domain 8000kicks.donabico.com
[2026-08-22T04:24:09.509Z] [ESEB-LOG] ROUND-ROBIN SELECTOR: Active Node: MISTRAL_7B (JSON-LD Schema & Structured Intelligence)
[2026-08-22T04:24:19.557Z] [ESEB-LOG] AUTO-HEALED: Request timeout. Self-healing fallback engaged.
[2026-08-22T04:24:19.558Z] [ESEB-LOG] HASH SHARDING: Initializing mathematical hash mapping into 24 virtual threads...
[2026-08-22T04:24:19.558Z] [ESEB-LOG] HASH SHARDING SUCCESS: All 24 virtual sharded threads mapped & verified. Entropy δ = 0.
[2026-08-22T04:24:19.558Z] [ESEB-LOG] DISPATCH: Virtual Thread #1 | Hash: 560ab712d5f2 | Status: ACTIVE
[2026-08-22T04:24:19.558Z] [ESEB-LOG] DISPATCH: Virtual Thread #2 | Hash: 0a25c86e8050 | Status: ACTIVE
[2026-08-22T04:24:19.558Z] [ESEB-LOG] DISPATCH: Virtual Thread #3 | Hash: 8abc42ebadc1 | Status: ACTIVE
[2026-08-22T04:24:19.558Z] [ESEB-LOG] DISPATCH: Virtual Thread #4 | Hash: ea3c05f60583 | Status: ACTIVE
[2026-08-22T04:24:19.558Z] [ESEB-LOG] DISPATCH: Virtual Thread #5 | Hash: d7829a5092a5 | Status: ACTIVE
[2026-08-22T04:24:19.558Z] [ESEB-LOG] DISPATCH: Virtual Thread #6 | Hash: a6bc79525f3c | Status: ACTIVE
[2026-08-22T04:24:19.558Z] [ESEB-LOG] DISPATCH: Virtual Thread #7 | Hash: c1caf4b4910a | Status: ACTIVE
[2026-08-22T04:24:19.558Z] [ESEB-LOG] DISPATCH: Virtual Thread #8 | Hash: f50541f2afc0 | Status: ACTIVE
[2026-08-22T04:24:19.558Z] [ESEB-LOG] DISPATCH: Virtual Thread #9 | Hash: e725b6eb18fe | Status: ACTIVE
[2026-08-22T04:24:19.558Z] [ESEB-LOG] DISPATCH: Virtual Thread #10 | Hash: d49734aa786f | Status: ACTIVE
[2026-08-22T04:24:19.558Z] [ESEB-LOG] DISPATCH: Virtual Thread #11 | Hash: ecc3669846c8 | Status: ACTIVE
[2026-08-22T04:24:19.558Z] [ESEB-LOG] DISPATCH: Virtual Thread #12 | Hash: 1658caa04cfc | Status: ACTIVE
[2026-08-22T04:24:19.558Z] [ESEB-LOG] DISPATCH: Virtual Thread #13 | Hash: ea991675ffee | Status: ACTIVE
[2026-08-22T04:24:19.558Z] [ESEB-LOG] DISPATCH: Virtual Thread #14 | Hash: 88ef4139848d | Status: ACTIVE
[2026-08-22T04:24:19.558Z] [ESEB-LOG] DISPATCH: Virtual Thread #15 | Hash: 9682b3bd0b9c | Status: ACTIVE
[2026-08-22T04:24:19.559Z] [ESEB-LOG] DISPATCH: Virtual Thread #16 | Hash: ec0e0cb4b89b | Status: ACTIVE
[2026-08-22T04:24:19.559Z] [ESEB-LOG] DISPATCH: Virtual Thread #17 | Hash: df95f2dc8329 | Status: ACTIVE
[2026-08-22T04:24:19.559Z] [ESEB-LOG] DISPATCH: Virtual Thread #18 | Hash: eba9bc19c954 | Status: ACTIVE
[2026-08-22T04:24:19.559Z] [ESEB-LOG] DISPATCH: Virtual Thread #19 | Hash: 4e647fa2e0f4 | Status: ACTIVE
[2026-08-22T04:24:19.559Z] [ESEB-LOG] DISPATCH: Virtual Thread #20 | Hash: 32f6da06a24e | Status: ACTIVE
[2026-08-22T04:24:19.559Z] [ESEB-LOG] DISPATCH: Virtual Thread #21 | Hash: 9a64e2239311 | Status: ACTIVE
[2026-08-22T04:24:19.559Z] [ESEB-LOG] DISPATCH: Virtual Thread #22 | Hash: 01991b282861 | Status: ACTIVE
[2026-08-22T04:24:19.559Z] [ESEB-LOG] DISPATCH: Virtual Thread #23 | Hash: d1df3fd18277 | Status: ACTIVE
[2026-08-22T04:24:19.559Z] [ESEB-LOG] DISPATCH: Virtual Thread #24 | Hash: dea8fe25417f | Status: ACTIVE
[2026-08-22T04:24:19.559Z] [ESEB-LOG] ESEB CLASSIC SUCCESS: Core Authenticated | V-STAMP-24 Verified.
[2026-08-22T04:24:19.559Z] [ESEB-LOG] END: Execution Completed. Sharded Virtual Threads Active: 24/24 | Entropy δ = 0.
[2026-08-22T08:19:08.326Z] [ESEB-LOG] START: Orchestration initialized for domain 8000kicks.donabico.com
[2026-08-22T08:19:08.326Z] [ESEB-LOG] ROUND-ROBIN SELECTOR: Active Node: LLAMA_3B (Edge Ultra-Fast Localization)
[2026-08-22T08:19:09.560Z] [ESEB-LOG] SOTA SUCCESS: NODE [LLAMA_3B] HTTP Status: 200 OK (Credit Preserved)
[2026-08-22T08:19:09.561Z] [ESEB-LOG] HASH SHARDING: Initializing mathematical hash mapping into 24 virtual threads...
[2026-08-22T08:19:09.561Z] [ESEB-LOG] HASH SHARDING SUCCESS: All 24 virtual sharded threads mapped & verified. Entropy δ = 0.
[2026-08-22T08:19:09.561Z] [ESEB-LOG] DISPATCH: Virtual Thread #1 | Hash: dea0a32f6c51 | Status: ACTIVE
[2026-08-22T08:19:09.561Z] [ESEB-LOG] DISPATCH: Virtual Thread #2 | Hash: fe5f405a3d2a | Status: ACTIVE
[2026-08-22T08:19:09.561Z] [ESEB-LOG] DISPATCH: Virtual Thread #3 | Hash: 3f03ab25975e | Status: ACTIVE
[2026-08-22T08:19:09.561Z] [ESEB-LOG] DISPATCH: Virtual Thread #4 | Hash: bcca68f6a4e9 | Status: ACTIVE
[2026-08-22T08:19:09.561Z] [ESEB-LOG] DISPATCH: Virtual Thread #5 | Hash: 05dad517252e | Status: ACTIVE
[2026-08-22T08:19:09.561Z] [ESEB-LOG] DISPATCH: Virtual Thread #6 | Hash: 556798fe9854 | Status: ACTIVE
[2026-08-22T08:19:09.561Z] [ESEB-LOG] DISPATCH: Virtual Thread #7 | Hash: 5d5fb8e3056e | Status: ACTIVE
[2026-08-22T08:19:09.561Z] [ESEB-LOG] DISPATCH: Virtual Thread #8 | Hash: 4e3d0fad88f5 | Status: ACTIVE
[2026-08-22T08:19:09.561Z] [ESEB-LOG] DISPATCH: Virtual Thread #9 | Hash: 94416ab3c29c | Status: ACTIVE
[2026-08-22T08:19:09.561Z] [ESEB-LOG] DISPATCH: Virtual Thread #10 | Hash: 9f48cb4cb0eb | Status: ACTIVE
[2026-08-22T08:19:09.561Z] [ESEB-LOG] DISPATCH: Virtual Thread #11 | Hash: 44ed39f9dc9d | Status: ACTIVE
[2026-08-22T08:19:09.561Z] [ESEB-LOG] DISPATCH: Virtual Thread #12 | Hash: c2a6c1867d86 | Status: ACTIVE
[2026-08-22T08:19:09.561Z] [ESEB-LOG] DISPATCH: Virtual Thread #13 | Hash: 2a019e83988b | Status: ACTIVE
[2026-08-22T08:19:09.561Z] [ESEB-LOG] DISPATCH: Virtual Thread #14 | Hash: f1fb8e4aa537 | Status: ACTIVE
[2026-08-22T08:19:09.561Z] [ESEB-LOG] DISPATCH: Virtual Thread #15 | Hash: a9938aee630f | Status: ACTIVE
[2026-08-22T08:19:09.561Z] [ESEB-LOG] DISPATCH: Virtual Thread #16 | Hash: 430263fa7d0a | Status: ACTIVE
[2026-08-22T08:19:09.561Z] [ESEB-LOG] DISPATCH: Virtual Thread #17 | Hash: 1671e0f684f3 | Status: ACTIVE
[2026-08-22T08:19:09.561Z] [ESEB-LOG] DISPATCH: Virtual Thread #18 | Hash: c74dd6aff6cd | Status: ACTIVE
[2026-08-22T08:19:09.561Z] [ESEB-LOG] DISPATCH: Virtual Thread #19 | Hash: 7dc9c9e7d88d | Status: ACTIVE
[2026-08-22T08:19:09.561Z] [ESEB-LOG] DISPATCH: Virtual Thread #20 | Hash: 6d44eb268388 | Status: ACTIVE
[2026-08-22T08:19:09.561Z] [ESEB-LOG] DISPATCH: Virtual Thread #21 | Hash: ffb176caf341 | Status: ACTIVE
[2026-08-22T08:19:09.561Z] [ESEB-LOG] DISPATCH: Virtual Thread #22 | Hash: 1929f2b7fff5 | Status: ACTIVE
[2026-08-22T08:19:09.561Z] [ESEB-LOG] DISPATCH: Virtual Thread #23 | Hash: efecc5612b5c | Status: ACTIVE
[2026-08-22T08:19:09.561Z] [ESEB-LOG] DISPATCH: Virtual Thread #24 | Hash: 461a197144ba | Status: ACTIVE
[2026-08-22T08:19:09.561Z] [ESEB-LOG] ESEB CLASSIC SUCCESS: Core Authenticated | V-STAMP-24 Verified.
[2026-08-22T08:19:09.561Z] [ESEB-LOG] END: Execution Completed. Sharded Virtual Threads Active: 24/24 | Entropy δ = 0.
[2026-08-22T12:22:16.714Z] [ESEB-LOG] START: Orchestration initialized for domain 8000kicks.donabico.com
[2026-08-22T12:22:16.715Z] [ESEB-LOG] ROUND-ROBIN SELECTOR: Active Node: GEMMA_7B (Context Enrichment & Smart Conversion)
[2026-08-22T12:22:26.784Z] [ESEB-LOG] AUTO-HEALED: Request timeout. Self-healing fallback engaged.
[2026-08-22T12:22:26.784Z] [ESEB-LOG] HASH SHARDING: Initializing mathematical hash mapping into 24 virtual threads...
[2026-08-22T12:22:26.785Z] [ESEB-LOG] HASH SHARDING SUCCESS: All 24 virtual sharded threads mapped & verified. Entropy δ = 0.
[2026-08-22T12:22:26.785Z] [ESEB-LOG] DISPATCH: Virtual Thread #1 | Hash: 97260b22953e | Status: ACTIVE
[2026-08-22T12:22:26.785Z] [ESEB-LOG] DISPATCH: Virtual Thread #2 | Hash: 0a5f71542b8f | Status: ACTIVE
[2026-08-22T12:22:26.785Z] [ESEB-LOG] DISPATCH: Virtual Thread #3 | Hash: b934c8f2bad5 | Status: ACTIVE
[2026-08-22T12:22:26.785Z] [ESEB-LOG] DISPATCH: Virtual Thread #4 | Hash: 89f76933748c | Status: ACTIVE
[2026-08-22T12:22:26.785Z] [ESEB-LOG] DISPATCH: Virtual Thread #5 | Hash: 4a252579ee5d | Status: ACTIVE
[2026-08-22T12:22:26.785Z] [ESEB-LOG] DISPATCH: Virtual Thread #6 | Hash: d72f09327bb5 | Status: ACTIVE
[2026-08-22T12:22:26.785Z] [ESEB-LOG] DISPATCH: Virtual Thread #7 | Hash: 473a11976d34 | Status: ACTIVE
[2026-08-22T12:22:26.785Z] [ESEB-LOG] DISPATCH: Virtual Thread #8 | Hash: 4478a4c5568b | Status: ACTIVE
[2026-08-22T12:22:26.785Z] [ESEB-LOG] DISPATCH: Virtual Thread #9 | Hash: 6f0a08267c19 | Status: ACTIVE
[2026-08-22T12:22:26.785Z] [ESEB-LOG] DISPATCH: Virtual Thread #10 | Hash: a065ce657cfc | Status: ACTIVE
[2026-08-22T12:22:26.785Z] [ESEB-LOG] DISPATCH: Virtual Thread #11 | Hash: 0625c1923782 | Status: ACTIVE
[2026-08-22T12:22:26.785Z] [ESEB-LOG] DISPATCH: Virtual Thread #12 | Hash: 2b430509e763 | Status: ACTIVE
[2026-08-22T12:22:26.785Z] [ESEB-LOG] DISPATCH: Virtual Thread #13 | Hash: a432585ba32d | Status: ACTIVE
[2026-08-22T12:22:26.785Z] [ESEB-LOG] DISPATCH: Virtual Thread #14 | Hash: 7036b671ef2f | Status: ACTIVE
[2026-08-22T12:22:26.785Z] [ESEB-LOG] DISPATCH: Virtual Thread #15 | Hash: 8fe1bb924d88 | Status: ACTIVE
[2026-08-22T12:22:26.785Z] [ESEB-LOG] DISPATCH: Virtual Thread #16 | Hash: 77d22185a098 | Status: ACTIVE
[2026-08-22T12:22:26.785Z] [ESEB-LOG] DISPATCH: Virtual Thread #17 | Hash: 255de1b35397 | Status: ACTIVE
[2026-08-22T12:22:26.785Z] [ESEB-LOG] DISPATCH: Virtual Thread #18 | Hash: 7289e215e57c | Status: ACTIVE
[2026-08-22T12:22:26.785Z] [ESEB-LOG] DISPATCH: Virtual Thread #19 | Hash: 9689ad29b641 | Status: ACTIVE
[2026-08-22T12:22:26.785Z] [ESEB-LOG] DISPATCH: Virtual Thread #20 | Hash: 02323f461085 | Status: ACTIVE
[2026-08-22T12:22:26.785Z] [ESEB-LOG] DISPATCH: Virtual Thread #21 | Hash: 0dab5a3d619a | Status: ACTIVE
[2026-08-22T12:22:26.785Z] [ESEB-LOG] DISPATCH: Virtual Thread #22 | Hash: b3a0f27ef9e5 | Status: ACTIVE
[2026-08-22T12:22:26.785Z] [ESEB-LOG] DISPATCH: Virtual Thread #23 | Hash: a61efc259f3d | Status: ACTIVE
[2026-08-22T12:22:26.785Z] [ESEB-LOG] DISPATCH: Virtual Thread #24 | Hash: d2d163043d42 | Status: ACTIVE
[2026-08-22T12:22:26.785Z] [ESEB-LOG] ESEB CLASSIC SUCCESS: Core Authenticated | V-STAMP-24 Verified.
[2026-08-22T12:22:26.785Z] [ESEB-LOG] END: Execution Completed. Sharded Virtual Threads Active: 24/24 | Entropy δ = 0.
[2026-08-22T16:14:11.945Z] [ESEB-LOG] START: Orchestration initialized for domain 8000kicks.donabico.com
[2026-08-22T16:14:11.945Z] [ESEB-LOG] ROUND-ROBIN SELECTOR: Active Node: BGE_EMBEDDING (RAG Knowledge Vectorization)
[2026-08-22T16:14:12.171Z] [ESEB-LOG] SOTA SUCCESS: NODE [BGE_EMBEDDING] HTTP Status: 200 OK (Credit Preserved)
[2026-08-22T16:14:12.172Z] [ESEB-LOG] HASH SHARDING: Initializing mathematical hash mapping into 24 virtual threads...
[2026-08-22T16:14:12.173Z] [ESEB-LOG] HASH SHARDING SUCCESS: All 24 virtual sharded threads mapped & verified. Entropy δ = 0.
[2026-08-22T16:14:12.173Z] [ESEB-LOG] DISPATCH: Virtual Thread #1 | Hash: 26aa933e30dc | Status: ACTIVE
[2026-08-22T16:14:12.173Z] [ESEB-LOG] DISPATCH: Virtual Thread #2 | Hash: 779288672593 | Status: ACTIVE
[2026-08-22T16:14:12.173Z] [ESEB-LOG] DISPATCH: Virtual Thread #3 | Hash: a21cb5766af4 | Status: ACTIVE
[2026-08-22T16:14:12.173Z] [ESEB-LOG] DISPATCH: Virtual Thread #4 | Hash: 85a28e206277 | Status: ACTIVE
[2026-08-22T16:14:12.173Z] [ESEB-LOG] DISPATCH: Virtual Thread #5 | Hash: 9690d0795726 | Status: ACTIVE
[2026-08-22T16:14:12.173Z] [ESEB-LOG] DISPATCH: Virtual Thread #6 | Hash: c9359c32fad3 | Status: ACTIVE
[2026-08-22T16:14:12.173Z] [ESEB-LOG] DISPATCH: Virtual Thread #7 | Hash: 0adc93c438a1 | Status: ACTIVE
[2026-08-22T16:14:12.173Z] [ESEB-LOG] DISPATCH: Virtual Thread #8 | Hash: f7bdc8d8d7cb | Status: ACTIVE
[2026-08-22T16:14:12.173Z] [ESEB-LOG] DISPATCH: Virtual Thread #9 | Hash: de31224c7e42 | Status: ACTIVE
[2026-08-22T16:14:12.173Z] [ESEB-LOG] DISPATCH: Virtual Thread #10 | Hash: 455b11a89f6a | Status: ACTIVE
[2026-08-22T16:14:12.173Z] [ESEB-LOG] DISPATCH: Virtual Thread #11 | Hash: 8f89e53d50ac | Status: ACTIVE
[2026-08-22T16:14:12.173Z] [ESEB-LOG] DISPATCH: Virtual Thread #12 | Hash: 6dfcc04c397e | Status: ACTIVE
[2026-08-22T16:14:12.173Z] [ESEB-LOG] DISPATCH: Virtual Thread #13 | Hash: 2af65de97ab6 | Status: ACTIVE
[2026-08-22T16:14:12.173Z] [ESEB-LOG] DISPATCH: Virtual Thread #14 | Hash: 7a574284ad7c | Status: ACTIVE
[2026-08-22T16:14:12.173Z] [ESEB-LOG] DISPATCH: Virtual Thread #15 | Hash: c9d0ecdb8f72 | Status: ACTIVE
[2026-08-22T16:14:12.173Z] [ESEB-LOG] DISPATCH: Virtual Thread #16 | Hash: 81cc2466db23 | Status: ACTIVE
[2026-08-22T16:14:12.173Z] [ESEB-LOG] DISPATCH: Virtual Thread #17 | Hash: ab47f9c4118f | Status: ACTIVE
[2026-08-22T16:14:12.173Z] [ESEB-LOG] DISPATCH: Virtual Thread #18 | Hash: 216ada00f24b | Status: ACTIVE
[2026-08-22T16:14:12.173Z] [ESEB-LOG] DISPATCH: Virtual Thread #19 | Hash: 029c9181da3c | Status: ACTIVE
[2026-08-22T16:14:12.173Z] [ESEB-LOG] DISPATCH: Virtual Thread #20 | Hash: 7d66a50b8fa5 | Status: ACTIVE
[2026-08-22T16:14:12.173Z] [ESEB-LOG] DISPATCH: Virtual Thread #21 | Hash: 7399cf23bf20 | Status: ACTIVE
[2026-08-22T16:14:12.173Z] [ESEB-LOG] DISPATCH: Virtual Thread #22 | Hash: 040f76b84f30 | Status: ACTIVE
[2026-08-22T16:14:12.173Z] [ESEB-LOG] DISPATCH: Virtual Thread #23 | Hash: 9be13d4edd66 | Status: ACTIVE
[2026-08-22T16:14:12.173Z] [ESEB-LOG] DISPATCH: Virtual Thread #24 | Hash: 12787447f5a2 | Status: ACTIVE
[2026-08-22T16:14:12.173Z] [ESEB-LOG] ESEB CLASSIC SUCCESS: Core Authenticated | V-STAMP-24 Verified.
[2026-08-22T16:14:12.173Z] [ESEB-LOG] END: Execution Completed. Sharded Virtual Threads Active: 24/24 | Entropy δ = 0.
[2026-08-22T20:13:56.811Z] [ESEB-LOG] START: Orchestration initialized for domain 8000kicks.donabico.com
[2026-08-22T20:13:56.812Z] [ESEB-LOG] ROUND-ROBIN SELECTOR: Active Node: SDXL_IMAGE (Affiliate Intelligent Banners & Posters)
[2026-08-22T20:13:59.558Z] [ESEB-LOG] SOTA SUCCESS: NODE [SDXL_IMAGE] HTTP Status: 200 OK (Credit Preserved)
[2026-08-22T20:13:59.559Z] [ESEB-LOG] HASH SHARDING: Initializing mathematical hash mapping into 24 virtual threads...
[2026-08-22T20:13:59.560Z] [ESEB-LOG] HASH SHARDING SUCCESS: All 24 virtual sharded threads mapped & verified. Entropy δ = 0.
[2026-08-22T20:13:59.560Z] [ESEB-LOG] DISPATCH: Virtual Thread #1 | Hash: 5f28f5871394 | Status: ACTIVE
[2026-08-22T20:13:59.560Z] [ESEB-LOG] DISPATCH: Virtual Thread #2 | Hash: 59421606620d | Status: ACTIVE
[2026-08-22T20:13:59.560Z] [ESEB-LOG] DISPATCH: Virtual Thread #3 | Hash: c26d392cf20b | Status: ACTIVE
[2026-08-22T20:13:59.560Z] [ESEB-LOG] DISPATCH: Virtual Thread #4 | Hash: 4ca2fbff2d2d | Status: ACTIVE
[2026-08-22T20:13:59.560Z] [ESEB-LOG] DISPATCH: Virtual Thread #5 | Hash: 72c6a2d63612 | Status: ACTIVE
[2026-08-22T20:13:59.560Z] [ESEB-LOG] DISPATCH: Virtual Thread #6 | Hash: 41e34aca18cf | Status: ACTIVE
[2026-08-22T20:13:59.560Z] [ESEB-LOG] DISPATCH: Virtual Thread #7 | Hash: 39e0a27ce513 | Status: ACTIVE
[2026-08-22T20:13:59.560Z] [ESEB-LOG] DISPATCH: Virtual Thread #8 | Hash: 322c0fbb269f | Status: ACTIVE
[2026-08-22T20:13:59.560Z] [ESEB-LOG] DISPATCH: Virtual Thread #9 | Hash: d825ce692a04 | Status: ACTIVE
[2026-08-22T20:13:59.560Z] [ESEB-LOG] DISPATCH: Virtual Thread #10 | Hash: 8b11ec2ae98a | Status: ACTIVE
[2026-08-22T20:13:59.560Z] [ESEB-LOG] DISPATCH: Virtual Thread #11 | Hash: d407fe56a6b9 | Status: ACTIVE
[2026-08-22T20:13:59.560Z] [ESEB-LOG] DISPATCH: Virtual Thread #12 | Hash: 30f431cc512f | Status: ACTIVE
[2026-08-22T20:13:59.560Z] [ESEB-LOG] DISPATCH: Virtual Thread #13 | Hash: fef07b7d7638 | Status: ACTIVE
[2026-08-22T20:13:59.560Z] [ESEB-LOG] DISPATCH: Virtual Thread #14 | Hash: 0cad8ac476a0 | Status: ACTIVE
[2026-08-22T20:13:59.560Z] [ESEB-LOG] DISPATCH: Virtual Thread #15 | Hash: 99eb111fe02f | Status: ACTIVE
[2026-08-22T20:13:59.560Z] [ESEB-LOG] DISPATCH: Virtual Thread #16 | Hash: 712559cfabda | Status: ACTIVE
[2026-08-22T20:13:59.560Z] [ESEB-LOG] DISPATCH: Virtual Thread #17 | Hash: 369d313d7f95 | Status: ACTIVE
[2026-08-22T20:13:59.560Z] [ESEB-LOG] DISPATCH: Virtual Thread #18 | Hash: b7d638ea78fb | Status: ACTIVE
[2026-08-22T20:13:59.560Z] [ESEB-LOG] DISPATCH: Virtual Thread #19 | Hash: 21644b28bad3 | Status: ACTIVE
[2026-08-22T20:13:59.560Z] [ESEB-LOG] DISPATCH: Virtual Thread #20 | Hash: 6ebf6e2d42e3 | Status: ACTIVE
[2026-08-22T20:13:59.560Z] [ESEB-LOG] DISPATCH: Virtual Thread #21 | Hash: 993bd7b839f9 | Status: ACTIVE
[2026-08-22T20:13:59.560Z] [ESEB-LOG] DISPATCH: Virtual Thread #22 | Hash: 6d68a3f71f6f | Status: ACTIVE
[2026-08-22T20:13:59.560Z] [ESEB-LOG] DISPATCH: Virtual Thread #23 | Hash: 430249e2477f | Status: ACTIVE
[2026-08-22T20:13:59.560Z] [ESEB-LOG] DISPATCH: Virtual Thread #24 | Hash: ad43aa52fe04 | Status: ACTIVE
[2026-08-22T20:13:59.560Z] [ESEB-LOG] ESEB CLASSIC SUCCESS: Core Authenticated | V-STAMP-24 Verified.
[2026-08-22T20:13:59.560Z] [ESEB-LOG] END: Execution Completed. Sharded Virtual Threads Active: 24/24 | Entropy δ = 0.
[2026-08-23T00:50:41.513Z] [ESEB-LOG] START: Orchestration initialized for domain 8000kicks.donabico.com
[2026-08-23T00:50:41.513Z] [ESEB-LOG] ROUND-ROBIN SELECTOR: Active Node: LLAMA_70B (Super Smart Intelligent Reviews & Deep Synthesis)
[2026-08-23T00:50:45.177Z] [ESEB-LOG] SOTA SUCCESS: NODE [LLAMA_70B] HTTP Status: 200 OK (Credit Preserved)
[2026-08-23T00:50:45.178Z] [ESEB-LOG] HASH SHARDING: Initializing mathematical hash mapping into 24 virtual threads...
[2026-08-23T00:50:45.179Z] [ESEB-LOG] HASH SHARDING SUCCESS: All 24 virtual sharded threads mapped & verified. Entropy δ = 0.
[2026-08-23T00:50:45.179Z] [ESEB-LOG] DISPATCH: Virtual Thread #1 | Hash: 91409d11e5ba | Status: ACTIVE
[2026-08-23T00:50:45.179Z] [ESEB-LOG] DISPATCH: Virtual Thread #2 | Hash: d64f15f48c61 | Status: ACTIVE
[2026-08-23T00:50:45.179Z] [ESEB-LOG] DISPATCH: Virtual Thread #3 | Hash: 1a31cf0b059f | Status: ACTIVE
[2026-08-23T00:50:45.179Z] [ESEB-LOG] DISPATCH: Virtual Thread #4 | Hash: 881bdf54ccc7 | Status: ACTIVE
[2026-08-23T00:50:45.179Z] [ESEB-LOG] DISPATCH: Virtual Thread #5 | Hash: c8b5907f0760 | Status: ACTIVE
[2026-08-23T00:50:45.179Z] [ESEB-LOG] DISPATCH: Virtual Thread #6 | Hash: 63419f266389 | Status: ACTIVE
[2026-08-23T00:50:45.179Z] [ESEB-LOG] DISPATCH: Virtual Thread #7 | Hash: fcbee4b373b7 | Status: ACTIVE
[2026-08-23T00:50:45.179Z] [ESEB-LOG] DISPATCH: Virtual Thread #8 | Hash: 3fc82d3f1edd | Status: ACTIVE
[2026-08-23T00:50:45.179Z] [ESEB-LOG] DISPATCH: Virtual Thread #9 | Hash: 1d2a7256ee90 | Status: ACTIVE
[2026-08-23T00:50:45.179Z] [ESEB-LOG] DISPATCH: Virtual Thread #10 | Hash: ef5ea92b8183 | Status: ACTIVE
[2026-08-23T00:50:45.179Z] [ESEB-LOG] DISPATCH: Virtual Thread #11 | Hash: 22fd105e5698 | Status: ACTIVE
[2026-08-23T00:50:45.179Z] [ESEB-LOG] DISPATCH: Virtual Thread #12 | Hash: a260be4d88a4 | Status: ACTIVE
[2026-08-23T00:50:45.179Z] [ESEB-LOG] DISPATCH: Virtual Thread #13 | Hash: 507887cb7e6c | Status: ACTIVE
[2026-08-23T00:50:45.179Z] [ESEB-LOG] DISPATCH: Virtual Thread #14 | Hash: c6569a942204 | Status: ACTIVE
[2026-08-23T00:50:45.179Z] [ESEB-LOG] DISPATCH: Virtual Thread #15 | Hash: 6808d6ce202d | Status: ACTIVE
[2026-08-23T00:50:45.179Z] [ESEB-LOG] DISPATCH: Virtual Thread #16 | Hash: 22c0e2b8be5a | Status: ACTIVE
[2026-08-23T00:50:45.179Z] [ESEB-LOG] DISPATCH: Virtual Thread #17 | Hash: 5395ceb3c29c | Status: ACTIVE
[2026-08-23T00:50:45.179Z] [ESEB-LOG] DISPATCH: Virtual Thread #18 | Hash: bbedd56ffd31 | Status: ACTIVE
[2026-08-23T00:50:45.179Z] [ESEB-LOG] DISPATCH: Virtual Thread #19 | Hash: e40ea15defff | Status: ACTIVE
[2026-08-23T00:50:45.179Z] [ESEB-LOG] DISPATCH: Virtual Thread #20 | Hash: c06a050bcfbc | Status: ACTIVE
[2026-08-23T00:50:45.179Z] [ESEB-LOG] DISPATCH: Virtual Thread #21 | Hash: 0b6dc0b12b30 | Status: ACTIVE
[2026-08-23T00:50:45.179Z] [ESEB-LOG] DISPATCH: Virtual Thread #22 | Hash: 0c6cf62a5abb | Status: ACTIVE
[2026-08-23T00:50:45.179Z] [ESEB-LOG] DISPATCH: Virtual Thread #23 | Hash: ac786e8c870e | Status: ACTIVE
[2026-08-23T00:50:45.179Z] [ESEB-LOG] DISPATCH: Virtual Thread #24 | Hash: 6b3ba39e46ef | Status: ACTIVE
[2026-08-23T00:50:45.179Z] [ESEB-LOG] ESEB CLASSIC SUCCESS: Core Authenticated | V-STAMP-24 Verified.
[2026-08-23T00:50:45.179Z] [ESEB-LOG] END: Execution Completed. Sharded Virtual Threads Active: 24/24 | Entropy δ = 0.
[2026-08-23T04:28:42.361Z] [ESEB-LOG] START: Orchestration initialized for domain 8000kicks.donabico.com
[2026-08-23T04:28:42.362Z] [ESEB-LOG] ROUND-ROBIN SELECTOR: Active Node: LLAMA_8B (Rapid RAG Fallback & Smart Sourcing)
[2026-08-23T04:28:43.789Z] [ESEB-LOG] SOTA SUCCESS: NODE [LLAMA_8B] HTTP Status: 200 OK (Credit Preserved)
[2026-08-23T04:28:43.791Z] [ESEB-LOG] HASH SHARDING: Initializing mathematical hash mapping into 24 virtual threads...
[2026-08-23T04:28:43.791Z] [ESEB-LOG] HASH SHARDING SUCCESS: All 24 virtual sharded threads mapped & verified. Entropy δ = 0.
[2026-08-23T04:28:43.791Z] [ESEB-LOG] DISPATCH: Virtual Thread #1 | Hash: e5cef917db7d | Status: ACTIVE
[2026-08-23T04:28:43.791Z] [ESEB-LOG] DISPATCH: Virtual Thread #2 | Hash: 0875169f6560 | Status: ACTIVE
[2026-08-23T04:28:43.791Z] [ESEB-LOG] DISPATCH: Virtual Thread #3 | Hash: 5f081275c1b3 | Status: ACTIVE
[2026-08-23T04:28:43.791Z] [ESEB-LOG] DISPATCH: Virtual Thread #4 | Hash: fad5fe670ae1 | Status: ACTIVE
[2026-08-23T04:28:43.791Z] [ESEB-LOG] DISPATCH: Virtual Thread #5 | Hash: 42e6345757e9 | Status: ACTIVE
[2026-08-23T04:28:43.791Z] [ESEB-LOG] DISPATCH: Virtual Thread #6 | Hash: 9b21c6ee5697 | Status: ACTIVE
[2026-08-23T04:28:43.791Z] [ESEB-LOG] DISPATCH: Virtual Thread #7 | Hash: 46aadb3cd1bb | Status: ACTIVE
[2026-08-23T04:28:43.791Z] [ESEB-LOG] DISPATCH: Virtual Thread #8 | Hash: a7f7b835fa6c | Status: ACTIVE
[2026-08-23T04:28:43.791Z] [ESEB-LOG] DISPATCH: Virtual Thread #9 | Hash: 8954c891681c | Status: ACTIVE
[2026-08-23T04:28:43.791Z] [ESEB-LOG] DISPATCH: Virtual Thread #10 | Hash: bcb4dc45da7e | Status: ACTIVE
[2026-08-23T04:28:43.791Z] [ESEB-LOG] DISPATCH: Virtual Thread #11 | Hash: b6f14ac1a5c7 | Status: ACTIVE
[2026-08-23T04:28:43.792Z] [ESEB-LOG] DISPATCH: Virtual Thread #12 | Hash: 10534293f324 | Status: ACTIVE
[2026-08-23T04:28:43.792Z] [ESEB-LOG] DISPATCH: Virtual Thread #13 | Hash: 79c52b06793e | Status: ACTIVE
[2026-08-23T04:28:43.792Z] [ESEB-LOG] DISPATCH: Virtual Thread #14 | Hash: eed515beb5e2 | Status: ACTIVE
[2026-08-23T04:28:43.792Z] [ESEB-LOG] DISPATCH: Virtual Thread #15 | Hash: 59bbcbf41d01 | Status: ACTIVE
[2026-08-23T04:28:43.792Z] [ESEB-LOG] DISPATCH: Virtual Thread #16 | Hash: c28b841eda05 | Status: ACTIVE
[2026-08-23T04:28:43.792Z] [ESEB-LOG] DISPATCH: Virtual Thread #17 | Hash: 001b295b53c1 | Status: ACTIVE
[2026-08-23T04:28:43.792Z] [ESEB-LOG] DISPATCH: Virtual Thread #18 | Hash: d2d4b25c9c17 | Status: ACTIVE
[2026-08-23T04:28:43.792Z] [ESEB-LOG] DISPATCH: Virtual Thread #19 | Hash: bce9b7f4bac7 | Status: ACTIVE
[2026-08-23T04:28:43.792Z] [ESEB-LOG] DISPATCH: Virtual Thread #20 | Hash: ea1f89484c6d | Status: ACTIVE
[2026-08-23T04:28:43.792Z] [ESEB-LOG] DISPATCH: Virtual Thread #21 | Hash: 438280196a91 | Status: ACTIVE
[2026-08-23T04:28:43.792Z] [ESEB-LOG] DISPATCH: Virtual Thread #22 | Hash: 7cb64db0d66a | Status: ACTIVE
[2026-08-23T04:28:43.792Z] [ESEB-LOG] DISPATCH: Virtual Thread #23 | Hash: 740c353cddee | Status: ACTIVE
[2026-08-23T04:28:43.792Z] [ESEB-LOG] DISPATCH: Virtual Thread #24 | Hash: 324f929d6b27 | Status: ACTIVE
[2026-08-23T04:28:43.792Z] [ESEB-LOG] ESEB CLASSIC SUCCESS: Core Authenticated | V-STAMP-24 Verified.
[2026-08-23T04:28:43.792Z] [ESEB-LOG] END: Execution Completed. Sharded Virtual Threads Active: 24/24 | Entropy δ = 0.
[2026-08-23T08:20:32.689Z] [ESEB-LOG] START: Orchestration initialized for domain 8000kicks.donabico.com
[2026-08-23T08:20:32.689Z] [ESEB-LOG] ROUND-ROBIN SELECTOR: Active Node: DEEPSEEK (Advanced Reasoning & GEO-SEO Optimization)
[2026-08-23T08:20:39.479Z] [ESEB-LOG] SOTA SUCCESS: NODE [DEEPSEEK] HTTP Status: 200 OK (Credit Preserved)
[2026-08-23T08:20:39.480Z] [ESEB-LOG] HASH SHARDING: Initializing mathematical hash mapping into 24 virtual threads...
[2026-08-23T08:20:39.481Z] [ESEB-LOG] HASH SHARDING SUCCESS: All 24 virtual sharded threads mapped & verified. Entropy δ = 0.
[2026-08-23T08:20:39.481Z] [ESEB-LOG] DISPATCH: Virtual Thread #1 | Hash: 5b698c12dc8e | Status: ACTIVE
[2026-08-23T08:20:39.481Z] [ESEB-LOG] DISPATCH: Virtual Thread #2 | Hash: c13d67ff0321 | Status: ACTIVE
[2026-08-23T08:20:39.481Z] [ESEB-LOG] DISPATCH: Virtual Thread #3 | Hash: a14f29a59772 | Status: ACTIVE
[2026-08-23T08:20:39.481Z] [ESEB-LOG] DISPATCH: Virtual Thread #4 | Hash: bc448fbac483 | Status: ACTIVE
[2026-08-23T08:20:39.481Z] [ESEB-LOG] DISPATCH: Virtual Thread #5 | Hash: 1203fcbd6efc | Status: ACTIVE
[2026-08-23T08:20:39.481Z] [ESEB-LOG] DISPATCH: Virtual Thread #6 | Hash: 92e73e33f041 | Status: ACTIVE
[2026-08-23T08:20:39.481Z] [ESEB-LOG] DISPATCH: Virtual Thread #7 | Hash: c19382a1707a | Status: ACTIVE
[2026-08-23T08:20:39.481Z] [ESEB-LOG] DISPATCH: Virtual Thread #8 | Hash: 75b3d06c1dc6 | Status: ACTIVE
[2026-08-23T08:20:39.481Z] [ESEB-LOG] DISPATCH: Virtual Thread #9 | Hash: 7f0e1c3c7473 | Status: ACTIVE
[2026-08-23T08:20:39.481Z] [ESEB-LOG] DISPATCH: Virtual Thread #10 | Hash: f20f873aed70 | Status: ACTIVE
[2026-08-23T08:20:39.481Z] [ESEB-LOG] DISPATCH: Virtual Thread #11 | Hash: 97df6019a304 | Status: ACTIVE
[2026-08-23T08:20:39.481Z] [ESEB-LOG] DISPATCH: Virtual Thread #12 | Hash: a3bee9fe84ca | Status: ACTIVE
[2026-08-23T08:20:39.481Z] [ESEB-LOG] DISPATCH: Virtual Thread #13 | Hash: b4d1aac778e1 | Status: ACTIVE
[2026-08-23T08:20:39.481Z] [ESEB-LOG] DISPATCH: Virtual Thread #14 | Hash: 20044faea8d9 | Status: ACTIVE
[2026-08-23T08:20:39.481Z] [ESEB-LOG] DISPATCH: Virtual Thread #15 | Hash: 4fca19609c5b | Status: ACTIVE
[2026-08-23T08:20:39.481Z] [ESEB-LOG] DISPATCH: Virtual Thread #16 | Hash: 08f69cc9b629 | Status: ACTIVE
[2026-08-23T08:20:39.481Z] [ESEB-LOG] DISPATCH: Virtual Thread #17 | Hash: ec600f26aa32 | Status: ACTIVE
[2026-08-23T08:20:39.481Z] [ESEB-LOG] DISPATCH: Virtual Thread #18 | Hash: f47c41193f26 | Status: ACTIVE
[2026-08-23T08:20:39.481Z] [ESEB-LOG] DISPATCH: Virtual Thread #19 | Hash: 8770298a9ef0 | Status: ACTIVE
[2026-08-23T08:20:39.481Z] [ESEB-LOG] DISPATCH: Virtual Thread #20 | Hash: 31f783da6033 | Status: ACTIVE
[2026-08-23T08:20:39.481Z] [ESEB-LOG] DISPATCH: Virtual Thread #21 | Hash: 6cc7a3fc7555 | Status: ACTIVE
[2026-08-23T08:20:39.481Z] [ESEB-LOG] DISPATCH: Virtual Thread #22 | Hash: 56ac0adfcc3c | Status: ACTIVE
[2026-08-23T08:20:39.481Z] [ESEB-LOG] DISPATCH: Virtual Thread #23 | Hash: b503e54b9ff5 | Status: ACTIVE
[2026-08-23T08:20:39.481Z] [ESEB-LOG] DISPATCH: Virtual Thread #24 | Hash: 92b09bd67058 | Status: ACTIVE
[2026-08-23T08:20:39.481Z] [ESEB-LOG] ESEB CLASSIC SUCCESS: Core Authenticated | V-STAMP-24 Verified.
[2026-08-23T08:20:39.481Z] [ESEB-LOG] END: Execution Completed. Sharded Virtual Threads Active: 24/24 | Entropy δ = 0.
[2026-08-23T12:22:46.527Z] [ESEB-LOG] START: Orchestration initialized for domain 8000kicks.donabico.com
[2026-08-23T12:22:46.528Z] [ESEB-LOG] ROUND-ROBIN SELECTOR: Active Node: MISTRAL_7B (JSON-LD Schema & Structured Intelligence)
[2026-08-23T12:22:56.577Z] [ESEB-LOG] AUTO-HEALED: Request timeout. Self-healing fallback engaged.
[2026-08-23T12:22:56.577Z] [ESEB-LOG] HASH SHARDING: Initializing mathematical hash mapping into 24 virtual threads...
[2026-08-23T12:22:56.578Z] [ESEB-LOG] HASH SHARDING SUCCESS: All 24 virtual sharded threads mapped & verified. Entropy δ = 0.
[2026-08-23T12:22:56.578Z] [ESEB-LOG] DISPATCH: Virtual Thread #1 | Hash: c76857c8263d | Status: ACTIVE
[2026-08-23T12:22:56.578Z] [ESEB-LOG] DISPATCH: Virtual Thread #2 | Hash: c7b1ae77493e | Status: ACTIVE
[2026-08-23T12:22:56.578Z] [ESEB-LOG] DISPATCH: Virtual Thread #3 | Hash: 731176c8d888 | Status: ACTIVE
[2026-08-23T12:22:56.578Z] [ESEB-LOG] DISPATCH: Virtual Thread #4 | Hash: b30c8b37fdad | Status: ACTIVE
[2026-08-23T12:22:56.578Z] [ESEB-LOG] DISPATCH: Virtual Thread #5 | Hash: 06c6742809f1 | Status: ACTIVE
[2026-08-23T12:22:56.578Z] [ESEB-LOG] DISPATCH: Virtual Thread #6 | Hash: feed0aeb8e7c | Status: ACTIVE
[2026-08-23T12:22:56.578Z] [ESEB-LOG] DISPATCH: Virtual Thread #7 | Hash: dcf00ca73c6d | Status: ACTIVE
[2026-08-23T12:22:56.578Z] [ESEB-LOG] DISPATCH: Virtual Thread #8 | Hash: d7a44ea5cdb4 | Status: ACTIVE
[2026-08-23T12:22:56.578Z] [ESEB-LOG] DISPATCH: Virtual Thread #9 | Hash: 7ae605f3a422 | Status: ACTIVE
[2026-08-23T12:22:56.578Z] [ESEB-LOG] DISPATCH: Virtual Thread #10 | Hash: c2cb5a135712 | Status: ACTIVE
[2026-08-23T12:22:56.578Z] [ESEB-LOG] DISPATCH: Virtual Thread #11 | Hash: ceb9086b1411 | Status: ACTIVE
[2026-08-23T12:22:56.578Z] [ESEB-LOG] DISPATCH: Virtual Thread #12 | Hash: 6967da94a5da | Status: ACTIVE
[2026-08-23T12:22:56.578Z] [ESEB-LOG] DISPATCH: Virtual Thread #13 | Hash: 16a5946bc0fe | Status: ACTIVE
[2026-08-23T12:22:56.578Z] [ESEB-LOG] DISPATCH: Virtual Thread #14 | Hash: fee66e10b029 | Status: ACTIVE
[2026-08-23T12:22:56.578Z] [ESEB-LOG] DISPATCH: Virtual Thread #15 | Hash: 7ea1e1c85240 | Status: ACTIVE
[2026-08-23T12:22:56.578Z] [ESEB-LOG] DISPATCH: Virtual Thread #16 | Hash: 09733d9c9e64 | Status: ACTIVE
[2026-08-23T12:22:56.578Z] [ESEB-LOG] DISPATCH: Virtual Thread #17 | Hash: 7bea6b12aeb8 | Status: ACTIVE
[2026-08-23T12:22:56.578Z] [ESEB-LOG] DISPATCH: Virtual Thread #18 | Hash: e1219ecb7bc6 | Status: ACTIVE
[2026-08-23T12:22:56.578Z] [ESEB-LOG] DISPATCH: Virtual Thread #19 | Hash: 67fa5959f955 | Status: ACTIVE
[2026-08-23T12:22:56.578Z] [ESEB-LOG] DISPATCH: Virtual Thread #20 | Hash: deb40bf00d54 | Status: ACTIVE
[2026-08-23T12:22:56.578Z] [ESEB-LOG] DISPATCH: Virtual Thread #21 | Hash: 1be7556503f8 | Status: ACTIVE
[2026-08-23T12:22:56.578Z] [ESEB-LOG] DISPATCH: Virtual Thread #22 | Hash: 54ca1ee636e7 | Status: ACTIVE
[2026-08-23T12:22:56.578Z] [ESEB-LOG] DISPATCH: Virtual Thread #23 | Hash: 3180825c2267 | Status: ACTIVE
[2026-08-23T12:22:56.578Z] [ESEB-LOG] DISPATCH: Virtual Thread #24 | Hash: 340b7faf2f65 | Status: ACTIVE
[2026-08-23T12:22:56.578Z] [ESEB-LOG] ESEB CLASSIC SUCCESS: Core Authenticated | V-STAMP-24 Verified.
[2026-08-23T12:22:56.579Z] [ESEB-LOG] END: Execution Completed. Sharded Virtual Threads Active: 24/24 | Entropy δ = 0.
[2026-08-23T16:15:41.128Z] [ESEB-LOG] START: Orchestration initialized for domain 8000kicks.donabico.com
[2026-08-23T16:15:41.129Z] [ESEB-LOG] ROUND-ROBIN SELECTOR: Active Node: LLAMA_3B (Edge Ultra-Fast Localization)
[2026-08-23T16:15:42.552Z] [ESEB-LOG] SOTA SUCCESS: NODE [LLAMA_3B] HTTP Status: 200 OK (Credit Preserved)
[2026-08-23T16:15:42.553Z] [ESEB-LOG] HASH SHARDING: Initializing mathematical hash mapping into 24 virtual threads...
[2026-08-23T16:15:42.553Z] [ESEB-LOG] HASH SHARDING SUCCESS: All 24 virtual sharded threads mapped & verified. Entropy δ = 0.
[2026-08-23T16:15:42.553Z] [ESEB-LOG] DISPATCH: Virtual Thread #1 | Hash: 2d58a0efc324 | Status: ACTIVE
[2026-08-23T16:15:42.554Z] [ESEB-LOG] DISPATCH: Virtual Thread #2 | Hash: 54ea43beda22 | Status: ACTIVE
[2026-08-23T16:15:42.554Z] [ESEB-LOG] DISPATCH: Virtual Thread #3 | Hash: f4b8dbbea060 | Status: ACTIVE
[2026-08-23T16:15:42.554Z] [ESEB-LOG] DISPATCH: Virtual Thread #4 | Hash: 82c5cb7992b2 | Status: ACTIVE
[2026-08-23T16:15:42.554Z] [ESEB-LOG] DISPATCH: Virtual Thread #5 | Hash: 4aa86bc1d115 | Status: ACTIVE
[2026-08-23T16:15:42.554Z] [ESEB-LOG] DISPATCH: Virtual Thread #6 | Hash: 243ebd25884c | Status: ACTIVE
[2026-08-23T16:15:42.554Z] [ESEB-LOG] DISPATCH: Virtual Thread #7 | Hash: 734ab56f8a15 | Status: ACTIVE
[2026-08-23T16:15:42.554Z] [ESEB-LOG] DISPATCH: Virtual Thread #8 | Hash: c0b118894186 | Status: ACTIVE
[2026-08-23T16:15:42.554Z] [ESEB-LOG] DISPATCH: Virtual Thread #9 | Hash: d634e784e584 | Status: ACTIVE
[2026-08-23T16:15:42.554Z] [ESEB-LOG] DISPATCH: Virtual Thread #10 | Hash: 5c8e2f64ad2c | Status: ACTIVE
[2026-08-23T16:15:42.554Z] [ESEB-LOG] DISPATCH: Virtual Thread #11 | Hash: 616d1c2a8bd1 | Status: ACTIVE
[2026-08-23T16:15:42.554Z] [ESEB-LOG] DISPATCH: Virtual Thread #12 | Hash: b0bcfde853ed | Status: ACTIVE
[2026-08-23T16:15:42.554Z] [ESEB-LOG] DISPATCH: Virtual Thread #13 | Hash: 40c28a67f4bd | Status: ACTIVE
[2026-08-23T16:15:42.554Z] [ESEB-LOG] DISPATCH: Virtual Thread #14 | Hash: 4b1d0fe17cf1 | Status: ACTIVE
[2026-08-23T16:15:42.554Z] [ESEB-LOG] DISPATCH: Virtual Thread #15 | Hash: 180d9c3b0d6f | Status: ACTIVE
[2026-08-23T16:15:42.554Z] [ESEB-LOG] DISPATCH: Virtual Thread #16 | Hash: 75eb7d1e3a99 | Status: ACTIVE
[2026-08-23T16:15:42.554Z] [ESEB-LOG] DISPATCH: Virtual Thread #17 | Hash: c9a0f58236cd | Status: ACTIVE
[2026-08-23T16:15:42.554Z] [ESEB-LOG] DISPATCH: Virtual Thread #18 | Hash: 78fdf0037fe7 | Status: ACTIVE
[2026-08-23T16:15:42.554Z] [ESEB-LOG] DISPATCH: Virtual Thread #19 | Hash: b8d375be2e20 | Status: ACTIVE
[2026-08-23T16:15:42.554Z] [ESEB-LOG] DISPATCH: Virtual Thread #20 | Hash: f7b9ab6ac5af | Status: ACTIVE
[2026-08-23T16:15:42.554Z] [ESEB-LOG] DISPATCH: Virtual Thread #21 | Hash: 2ee08220b49f | Status: ACTIVE
[2026-08-23T16:15:42.554Z] [ESEB-LOG] DISPATCH: Virtual Thread #22 | Hash: 420e90439b8c | Status: ACTIVE
[2026-08-23T16:15:42.554Z] [ESEB-LOG] DISPATCH: Virtual Thread #23 | Hash: a87ba0bb090f | Status: ACTIVE
[2026-08-23T16:15:42.554Z] [ESEB-LOG] DISPATCH: Virtual Thread #24 | Hash: 339093252556 | Status: ACTIVE
[2026-08-23T16:15:42.554Z] [ESEB-LOG] ESEB CLASSIC SUCCESS: Core Authenticated | V-STAMP-24 Verified.
[2026-08-23T16:15:42.554Z] [ESEB-LOG] END: Execution Completed. Sharded Virtual Threads Active: 24/24 | Entropy δ = 0.
[2026-08-23T20:13:02.713Z] [ESEB-LOG] START: Orchestration initialized for domain 8000kicks.donabico.com
[2026-08-23T20:13:02.713Z] [ESEB-LOG] ROUND-ROBIN SELECTOR: Active Node: GEMMA_7B (Context Enrichment & Smart Conversion)
[2026-08-23T20:13:12.761Z] [ESEB-LOG] AUTO-HEALED: Request timeout. Self-healing fallback engaged.
[2026-08-23T20:13:12.761Z] [ESEB-LOG] HASH SHARDING: Initializing mathematical hash mapping into 24 virtual threads...
[2026-08-23T20:13:12.762Z] [ESEB-LOG] HASH SHARDING SUCCESS: All 24 virtual sharded threads mapped & verified. Entropy δ = 0.
[2026-08-23T20:13:12.762Z] [ESEB-LOG] DISPATCH: Virtual Thread #1 | Hash: 080ec3d4cdb4 | Status: ACTIVE
[2026-08-23T20:13:12.762Z] [ESEB-LOG] DISPATCH: Virtual Thread #2 | Hash: e1ead6e07eb9 | Status: ACTIVE
[2026-08-23T20:13:12.762Z] [ESEB-LOG] DISPATCH: Virtual Thread #3 | Hash: ebacd14a2da2 | Status: ACTIVE
[2026-08-23T20:13:12.762Z] [ESEB-LOG] DISPATCH: Virtual Thread #4 | Hash: 42c95e3b2c72 | Status: ACTIVE
[2026-08-23T20:13:12.762Z] [ESEB-LOG] DISPATCH: Virtual Thread #5 | Hash: 58a049cec2a6 | Status: ACTIVE
[2026-08-23T20:13:12.762Z] [ESEB-LOG] DISPATCH: Virtual Thread #6 | Hash: c9bdb7d106ee | Status: ACTIVE
[2026-08-23T20:13:12.762Z] [ESEB-LOG] DISPATCH: Virtual Thread #7 | Hash: 21cdab8f12ed | Status: ACTIVE
[2026-08-23T20:13:12.762Z] [ESEB-LOG] DISPATCH: Virtual Thread #8 | Hash: 068520030646 | Status: ACTIVE
[2026-08-23T20:13:12.762Z] [ESEB-LOG] DISPATCH: Virtual Thread #9 | Hash: 8b5edef89b7c | Status: ACTIVE
[2026-08-23T20:13:12.762Z] [ESEB-LOG] DISPATCH: Virtual Thread #10 | Hash: c90d15433323 | Status: ACTIVE
[2026-08-23T20:13:12.762Z] [ESEB-LOG] DISPATCH: Virtual Thread #11 | Hash: 12c12d3619f4 | Status: ACTIVE
[2026-08-23T20:13:12.762Z] [ESEB-LOG] DISPATCH: Virtual Thread #12 | Hash: 74d30ad20327 | Status: ACTIVE
[2026-08-23T20:13:12.762Z] [ESEB-LOG] DISPATCH: Virtual Thread #13 | Hash: 3b657516225d | Status: ACTIVE
[2026-08-23T20:13:12.762Z] [ESEB-LOG] DISPATCH: Virtual Thread #14 | Hash: 0533737490fa | Status: ACTIVE
[2026-08-23T20:13:12.762Z] [ESEB-LOG] DISPATCH: Virtual Thread #15 | Hash: ca542079e260 | Status: ACTIVE
[2026-08-23T20:13:12.762Z] [ESEB-LOG] DISPATCH: Virtual Thread #16 | Hash: d11cc4e04e79 | Status: ACTIVE
[2026-08-23T20:13:12.762Z] [ESEB-LOG] DISPATCH: Virtual Thread #17 | Hash: cee0220ffdd0 | Status: ACTIVE
[2026-08-23T20:13:12.762Z] [ESEB-LOG] DISPATCH: Virtual Thread #18 | Hash: 4e20f58d5514 | Status: ACTIVE
[2026-08-23T20:13:12.762Z] [ESEB-LOG] DISPATCH: Virtual Thread #19 | Hash: 1f1d9e133e05 | Status: ACTIVE
[2026-08-23T20:13:12.762Z] [ESEB-LOG] DISPATCH: Virtual Thread #20 | Hash: d5b1ebba004c | Status: ACTIVE
[2026-08-23T20:13:12.762Z] [ESEB-LOG] DISPATCH: Virtual Thread #21 | Hash: aebc26f926ce | Status: ACTIVE
[2026-08-23T20:13:12.762Z] [ESEB-LOG] DISPATCH: Virtual Thread #22 | Hash: f704a9baf83e | Status: ACTIVE
[2026-08-23T20:13:12.762Z] [ESEB-LOG] DISPATCH: Virtual Thread #23 | Hash: fa2896af252d | Status: ACTIVE
[2026-08-23T20:13:12.762Z] [ESEB-LOG] DISPATCH: Virtual Thread #24 | Hash: 5e5e68cd3dce | Status: ACTIVE
[2026-08-23T20:13:12.762Z] [ESEB-LOG] ESEB CLASSIC SUCCESS: Core Authenticated | V-STAMP-24 Verified.
[2026-08-23T20:13:12.762Z] [ESEB-LOG] END: Execution Completed. Sharded Virtual Threads Active: 24/24 | Entropy δ = 0.
[2026-08-24T00:48:42.802Z] [ESEB-LOG] START: Orchestration initialized for domain 8000kicks.donabico.com
[2026-08-24T00:48:42.803Z] [ESEB-LOG] ROUND-ROBIN SELECTOR: Active Node: BGE_EMBEDDING (RAG Knowledge Vectorization)
[2026-08-24T00:48:43.278Z] [ESEB-LOG] SOTA SUCCESS: NODE [BGE_EMBEDDING] HTTP Status: 200 OK (Credit Preserved)
[2026-08-24T00:48:43.279Z] [ESEB-LOG] HASH SHARDING: Initializing mathematical hash mapping into 24 virtual threads...
[2026-08-24T00:48:43.280Z] [ESEB-LOG] HASH SHARDING SUCCESS: All 24 virtual sharded threads mapped & verified. Entropy δ = 0.
[2026-08-24T00:48:43.280Z] [ESEB-LOG] DISPATCH: Virtual Thread #1 | Hash: 9936e19a82c7 | Status: ACTIVE
[2026-08-24T00:48:43.280Z] [ESEB-LOG] DISPATCH: Virtual Thread #2 | Hash: 5337bbf02a93 | Status: ACTIVE
[2026-08-24T00:48:43.280Z] [ESEB-LOG] DISPATCH: Virtual Thread #3 | Hash: 2b127704f89e | Status: ACTIVE
[2026-08-24T00:48:43.280Z] [ESEB-LOG] DISPATCH: Virtual Thread #4 | Hash: 718fe9ea11b2 | Status: ACTIVE
[2026-08-24T00:48:43.280Z] [ESEB-LOG] DISPATCH: Virtual Thread #5 | Hash: d31b87ac849f | Status: ACTIVE
[2026-08-24T00:48:43.280Z] [ESEB-LOG] DISPATCH: Virtual Thread #6 | Hash: d15212317362 | Status: ACTIVE
[2026-08-24T00:48:43.280Z] [ESEB-LOG] DISPATCH: Virtual Thread #7 | Hash: 3d4b6d4dfdf8 | Status: ACTIVE
[2026-08-24T00:48:43.280Z] [ESEB-LOG] DISPATCH: Virtual Thread #8 | Hash: 12a05b1fd88e | Status: ACTIVE
[2026-08-24T00:48:43.280Z] [ESEB-LOG] DISPATCH: Virtual Thread #9 | Hash: fcd3004df47c | Status: ACTIVE
[2026-08-24T00:48:43.280Z] [ESEB-LOG] DISPATCH: Virtual Thread #10 | Hash: a7bc3845a955 | Status: ACTIVE
[2026-08-24T00:48:43.280Z] [ESEB-LOG] DISPATCH: Virtual Thread #11 | Hash: 5c4cfd79ab2d | Status: ACTIVE
[2026-08-24T00:48:43.280Z] [ESEB-LOG] DISPATCH: Virtual Thread #12 | Hash: d84a2052e23d | Status: ACTIVE
[2026-08-24T00:48:43.280Z] [ESEB-LOG] DISPATCH: Virtual Thread #13 | Hash: bbadb931a6ee | Status: ACTIVE
[2026-08-24T00:48:43.280Z] [ESEB-LOG] DISPATCH: Virtual Thread #14 | Hash: 6a1e76297998 | Status: ACTIVE
[2026-08-24T00:48:43.280Z] [ESEB-LOG] DISPATCH: Virtual Thread #15 | Hash: e6b654366a0a | Status: ACTIVE
[2026-08-24T00:48:43.280Z] [ESEB-LOG] DISPATCH: Virtual Thread #16 | Hash: ab909835fb1a | Status: ACTIVE
[2026-08-24T00:48:43.280Z] [ESEB-LOG] DISPATCH: Virtual Thread #17 | Hash: 5853d6f828fd | Status: ACTIVE
[2026-08-24T00:48:43.280Z] [ESEB-LOG] DISPATCH: Virtual Thread #18 | Hash: 5fa84f69477d | Status: ACTIVE
[2026-08-24T00:48:43.280Z] [ESEB-LOG] DISPATCH: Virtual Thread #19 | Hash: 0138deb89c04 | Status: ACTIVE
[2026-08-24T00:48:43.280Z] [ESEB-LOG] DISPATCH: Virtual Thread #20 | Hash: 40d37c181c4d | Status: ACTIVE
[2026-08-24T00:48:43.280Z] [ESEB-LOG] DISPATCH: Virtual Thread #21 | Hash: 213c63a36a79 | Status: ACTIVE
[2026-08-24T00:48:43.280Z] [ESEB-LOG] DISPATCH: Virtual Thread #22 | Hash: 75148f870779 | Status: ACTIVE
[2026-08-24T00:48:43.280Z] [ESEB-LOG] DISPATCH: Virtual Thread #23 | Hash: bef8de334606 | Status: ACTIVE
[2026-08-24T00:48:43.280Z] [ESEB-LOG] DISPATCH: Virtual Thread #24 | Hash: bd2cfc182ec5 | Status: ACTIVE
[2026-08-24T00:48:43.280Z] [ESEB-LOG] ESEB CLASSIC SUCCESS: Core Authenticated | V-STAMP-24 Verified.
[2026-08-24T00:48:43.281Z] [ESEB-LOG] END: Execution Completed. Sharded Virtual Threads Active: 24/24 | Entropy δ = 0.
[2026-08-24T04:36:57.834Z] [ESEB-LOG] START: Orchestration initialized for domain 8000kicks.donabico.com
[2026-08-24T04:36:57.834Z] [ESEB-LOG] ROUND-ROBIN SELECTOR: Active Node: SDXL_IMAGE (Affiliate Intelligent Banners & Posters)
[2026-08-24T04:37:00.592Z] [ESEB-LOG] SOTA SUCCESS: NODE [SDXL_IMAGE] HTTP Status: 200 OK (Credit Preserved)
[2026-08-24T04:37:00.593Z] [ESEB-LOG] HASH SHARDING: Initializing mathematical hash mapping into 24 virtual threads...
[2026-08-24T04:37:00.594Z] [ESEB-LOG] HASH SHARDING SUCCESS: All 24 virtual sharded threads mapped & verified. Entropy δ = 0.
[2026-08-24T04:37:00.594Z] [ESEB-LOG] DISPATCH: Virtual Thread #1 | Hash: 91e7a13ba6fd | Status: ACTIVE
[2026-08-24T04:37:00.594Z] [ESEB-LOG] DISPATCH: Virtual Thread #2 | Hash: accaf92b28ad | Status: ACTIVE
[2026-08-24T04:37:00.594Z] [ESEB-LOG] DISPATCH: Virtual Thread #3 | Hash: 513d67170fc9 | Status: ACTIVE
[2026-08-24T04:37:00.594Z] [ESEB-LOG] DISPATCH: Virtual Thread #4 | Hash: aba5e24e99b3 | Status: ACTIVE
[2026-08-24T04:37:00.594Z] [ESEB-LOG] DISPATCH: Virtual Thread #5 | Hash: 37d7127940a6 | Status: ACTIVE
[2026-08-24T04:37:00.594Z] [ESEB-LOG] DISPATCH: Virtual Thread #6 | Hash: cda17116f760 | Status: ACTIVE
[2026-08-24T04:37:00.594Z] [ESEB-LOG] DISPATCH: Virtual Thread #7 | Hash: 11dbc6119204 | Status: ACTIVE
[2026-08-24T04:37:00.594Z] [ESEB-LOG] DISPATCH: Virtual Thread #8 | Hash: 3d3cfc5d85e0 | Status: ACTIVE
[2026-08-24T04:37:00.594Z] [ESEB-LOG] DISPATCH: Virtual Thread #9 | Hash: 48f7492e8277 | Status: ACTIVE
[2026-08-24T04:37:00.594Z] [ESEB-LOG] DISPATCH: Virtual Thread #10 | Hash: af6b8587a699 | Status: ACTIVE
[2026-08-24T04:37:00.594Z] [ESEB-LOG] DISPATCH: Virtual Thread #11 | Hash: 32fd506dbc06 | Status: ACTIVE
[2026-08-24T04:37:00.594Z] [ESEB-LOG] DISPATCH: Virtual Thread #12 | Hash: c6675fea74bd | Status: ACTIVE
[2026-08-24T04:37:00.594Z] [ESEB-LOG] DISPATCH: Virtual Thread #13 | Hash: c908b0ccc437 | Status: ACTIVE
[2026-08-24T04:37:00.594Z] [ESEB-LOG] DISPATCH: Virtual Thread #14 | Hash: 7cf1d392bb1d | Status: ACTIVE
[2026-08-24T04:37:00.594Z] [ESEB-LOG] DISPATCH: Virtual Thread #15 | Hash: b42e2ec5a39e | Status: ACTIVE
[2026-08-24T04:37:00.594Z] [ESEB-LOG] DISPATCH: Virtual Thread #16 | Hash: eb11721d56b0 | Status: ACTIVE
[2026-08-24T04:37:00.594Z] [ESEB-LOG] DISPATCH: Virtual Thread #17 | Hash: 01173ea7c092 | Status: ACTIVE
[2026-08-24T04:37:00.594Z] [ESEB-LOG] DISPATCH: Virtual Thread #18 | Hash: b70af6a5a817 | Status: ACTIVE
[2026-08-24T04:37:00.594Z] [ESEB-LOG] DISPATCH: Virtual Thread #19 | Hash: 9e14ff7ff31e | Status: ACTIVE
[2026-08-24T04:37:00.594Z] [ESEB-LOG] DISPATCH: Virtual Thread #20 | Hash: a21735df14ad | Status: ACTIVE
[2026-08-24T04:37:00.594Z] [ESEB-LOG] DISPATCH: Virtual Thread #21 | Hash: bd50fc3eb533 | Status: ACTIVE
[2026-08-24T04:37:00.594Z] [ESEB-LOG] DISPATCH: Virtual Thread #22 | Hash: 6b3b46cb5952 | Status: ACTIVE
[2026-08-24T04:37:00.594Z] [ESEB-LOG] DISPATCH: Virtual Thread #23 | Hash: 4a197f1d48d9 | Status: ACTIVE
[2026-08-24T04:37:00.594Z] [ESEB-LOG] DISPATCH: Virtual Thread #24 | Hash: 88e795643786 | Status: ACTIVE
[2026-08-24T04:37:00.594Z] [ESEB-LOG] ESEB CLASSIC SUCCESS: Core Authenticated | V-STAMP-24 Verified.
[2026-08-24T04:37:00.594Z] [ESEB-LOG] END: Execution Completed. Sharded Virtual Threads Active: 24/24 | Entropy δ = 0.
[2026-08-24T08:38:27.984Z] [ESEB-LOG] START: Orchestration initialized for domain 8000kicks.donabico.com
[2026-08-24T08:38:27.984Z] [ESEB-LOG] ROUND-ROBIN SELECTOR: Active Node: LLAMA_70B (Super Smart Intelligent Reviews & Deep Synthesis)
[2026-08-24T08:38:32.476Z] [ESEB-LOG] SOTA SUCCESS: NODE [LLAMA_70B] HTTP Status: 200 OK (Credit Preserved)
[2026-08-24T08:38:32.477Z] [ESEB-LOG] HASH SHARDING: Initializing mathematical hash mapping into 24 virtual threads...
[2026-08-24T08:38:32.478Z] [ESEB-LOG] HASH SHARDING SUCCESS: All 24 virtual sharded threads mapped & verified. Entropy δ = 0.
[2026-08-24T08:38:32.478Z] [ESEB-LOG] DISPATCH: Virtual Thread #1 | Hash: c7041bc7412e | Status: ACTIVE
[2026-08-24T08:38:32.478Z] [ESEB-LOG] DISPATCH: Virtual Thread #2 | Hash: c05f69cf267a | Status: ACTIVE
[2026-08-24T08:38:32.478Z] [ESEB-LOG] DISPATCH: Virtual Thread #3 | Hash: d82726209815 | Status: ACTIVE
[2026-08-24T08:38:32.478Z] [ESEB-LOG] DISPATCH: Virtual Thread #4 | Hash: 3931ef40fe3f | Status: ACTIVE
[2026-08-24T08:38:32.478Z] [ESEB-LOG] DISPATCH: Virtual Thread #5 | Hash: d110cd3b8325 | Status: ACTIVE
[2026-08-24T08:38:32.478Z] [ESEB-LOG] DISPATCH: Virtual Thread #6 | Hash: fef4cba08c8b | Status: ACTIVE
[2026-08-24T08:38:32.478Z] [ESEB-LOG] DISPATCH: Virtual Thread #7 | Hash: e078145c17f9 | Status: ACTIVE
[2026-08-24T08:38:32.478Z] [ESEB-LOG] DISPATCH: Virtual Thread #8 | Hash: b0252acb1e02 | Status: ACTIVE
[2026-08-24T08:38:32.478Z] [ESEB-LOG] DISPATCH: Virtual Thread #9 | Hash: c863995870d7 | Status: ACTIVE
[2026-08-24T08:38:32.478Z] [ESEB-LOG] DISPATCH: Virtual Thread #10 | Hash: b660c6ca27cc | Status: ACTIVE
[2026-08-24T08:38:32.478Z] [ESEB-LOG] DISPATCH: Virtual Thread #11 | Hash: 0a4e2cc4b19e | Status: ACTIVE
[2026-08-24T08:38:32.478Z] [ESEB-LOG] DISPATCH: Virtual Thread #12 | Hash: 38bf9698e406 | Status: ACTIVE
[2026-08-24T08:38:32.478Z] [ESEB-LOG] DISPATCH: Virtual Thread #13 | Hash: 00d43b06fa62 | Status: ACTIVE
[2026-08-24T08:38:32.478Z] [ESEB-LOG] DISPATCH: Virtual Thread #14 | Hash: cd42a69effac | Status: ACTIVE
[2026-08-24T08:38:32.478Z] [ESEB-LOG] DISPATCH: Virtual Thread #15 | Hash: bfeb50a1a4f0 | Status: ACTIVE
[2026-08-24T08:38:32.478Z] [ESEB-LOG] DISPATCH: Virtual Thread #16 | Hash: e1d044f4e77f | Status: ACTIVE
[2026-08-24T08:38:32.478Z] [ESEB-LOG] DISPATCH: Virtual Thread #17 | Hash: 8f94ffd12c53 | Status: ACTIVE
[2026-08-24T08:38:32.478Z] [ESEB-LOG] DISPATCH: Virtual Thread #18 | Hash: 92814f27d51d | Status: ACTIVE
[2026-08-24T08:38:32.478Z] [ESEB-LOG] DISPATCH: Virtual Thread #19 | Hash: d5e7696cf390 | Status: ACTIVE
[2026-08-24T08:38:32.478Z] [ESEB-LOG] DISPATCH: Virtual Thread #20 | Hash: bcea4e7a960f | Status: ACTIVE
[2026-08-24T08:38:32.478Z] [ESEB-LOG] DISPATCH: Virtual Thread #21 | Hash: 1bba12842b18 | Status: ACTIVE
[2026-08-24T08:38:32.478Z] [ESEB-LOG] DISPATCH: Virtual Thread #22 | Hash: 8d060c9572f7 | Status: ACTIVE
[2026-08-24T08:38:32.478Z] [ESEB-LOG] DISPATCH: Virtual Thread #23 | Hash: 56adb43bca2e | Status: ACTIVE
[2026-08-24T08:38:32.478Z] [ESEB-LOG] DISPATCH: Virtual Thread #24 | Hash: f15c65af0707 | Status: ACTIVE
[2026-08-24T08:38:32.478Z] [ESEB-LOG] ESEB CLASSIC SUCCESS: Core Authenticated | V-STAMP-24 Verified.
[2026-08-24T08:38:32.478Z] [ESEB-LOG] END: Execution Completed. Sharded Virtual Threads Active: 24/24 | Entropy δ = 0.
[2026-08-24T12:31:55.061Z] [ESEB-LOG] START: Orchestration initialized for domain 8000kicks.donabico.com
[2026-08-24T12:31:55.062Z] [ESEB-LOG] ROUND-ROBIN SELECTOR: Active Node: LLAMA_8B (Rapid RAG Fallback & Smart Sourcing)
[2026-08-24T12:31:58.077Z] [ESEB-LOG] SOTA SUCCESS: NODE [LLAMA_8B] HTTP Status: 200 OK (Credit Preserved)
[2026-08-24T12:31:58.078Z] [ESEB-LOG] HASH SHARDING: Initializing mathematical hash mapping into 24 virtual threads...
[2026-08-24T12:31:58.078Z] [ESEB-LOG] HASH SHARDING SUCCESS: All 24 virtual sharded threads mapped & verified. Entropy δ = 0.
[2026-08-24T12:31:58.078Z] [ESEB-LOG] DISPATCH: Virtual Thread #1 | Hash: e1eef49eda64 | Status: ACTIVE
[2026-08-24T12:31:58.078Z] [ESEB-LOG] DISPATCH: Virtual Thread #2 | Hash: cc841e277b06 | Status: ACTIVE
[2026-08-24T12:31:58.079Z] [ESEB-LOG] DISPATCH: Virtual Thread #3 | Hash: 01088b6c1565 | Status: ACTIVE
[2026-08-24T12:31:58.079Z] [ESEB-LOG] DISPATCH: Virtual Thread #4 | Hash: 3834146916c9 | Status: ACTIVE
[2026-08-24T12:31:58.079Z] [ESEB-LOG] DISPATCH: Virtual Thread #5 | Hash: 611ebb63a875 | Status: ACTIVE
[2026-08-24T12:31:58.079Z] [ESEB-LOG] DISPATCH: Virtual Thread #6 | Hash: c45e0435c656 | Status: ACTIVE
[2026-08-24T12:31:58.079Z] [ESEB-LOG] DISPATCH: Virtual Thread #7 | Hash: baaa4865a7d9 | Status: ACTIVE
[2026-08-24T12:31:58.079Z] [ESEB-LOG] DISPATCH: Virtual Thread #8 | Hash: 2826e9590a1d | Status: ACTIVE
[2026-08-24T12:31:58.079Z] [ESEB-LOG] DISPATCH: Virtual Thread #9 | Hash: 5bd5e87017b1 | Status: ACTIVE
[2026-08-24T12:31:58.079Z] [ESEB-LOG] DISPATCH: Virtual Thread #10 | Hash: b687055d2224 | Status: ACTIVE
[2026-08-24T12:31:58.079Z] [ESEB-LOG] DISPATCH: Virtual Thread #11 | Hash: e688ed79b8a4 | Status: ACTIVE
[2026-08-24T12:31:58.079Z] [ESEB-LOG] DISPATCH: Virtual Thread #12 | Hash: b4ebef05e65d | Status: ACTIVE
[2026-08-24T12:31:58.079Z] [ESEB-LOG] DISPATCH: Virtual Thread #13 | Hash: 27c18a107338 | Status: ACTIVE
[2026-08-24T12:31:58.079Z] [ESEB-LOG] DISPATCH: Virtual Thread #14 | Hash: 29fd2dfca51a | Status: ACTIVE
[2026-08-24T12:31:58.079Z] [ESEB-LOG] DISPATCH: Virtual Thread #15 | Hash: 881b78b7e0fc | Status: ACTIVE
[2026-08-24T12:31:58.079Z] [ESEB-LOG] DISPATCH: Virtual Thread #16 | Hash: e237c7c3c4ba | Status: ACTIVE
[2026-08-24T12:31:58.079Z] [ESEB-LOG] DISPATCH: Virtual Thread #17 | Hash: fae0aa62406e | Status: ACTIVE
[2026-08-24T12:31:58.079Z] [ESEB-LOG] DISPATCH: Virtual Thread #18 | Hash: b7428e7c6ef5 | Status: ACTIVE
[2026-08-24T12:31:58.079Z] [ESEB-LOG] DISPATCH: Virtual Thread #19 | Hash: dff33572ea1b | Status: ACTIVE
[2026-08-24T12:31:58.079Z] [ESEB-LOG] DISPATCH: Virtual Thread #20 | Hash: 86aaf5239db3 | Status: ACTIVE
[2026-08-24T12:31:58.079Z] [ESEB-LOG] DISPATCH: Virtual Thread #21 | Hash: f7db68535103 | Status: ACTIVE
[2026-08-24T12:31:58.079Z] [ESEB-LOG] DISPATCH: Virtual Thread #22 | Hash: 42e306c6b62f | Status: ACTIVE
[2026-08-24T12:31:58.079Z] [ESEB-LOG] DISPATCH: Virtual Thread #23 | Hash: 678432bb28e1 | Status: ACTIVE
[2026-08-24T12:31:58.079Z] [ESEB-LOG] DISPATCH: Virtual Thread #24 | Hash: 26486d43bd8e | Status: ACTIVE
[2026-08-24T12:31:58.079Z] [ESEB-LOG] ESEB CLASSIC SUCCESS: Core Authenticated | V-STAMP-24 Verified.
[2026-08-24T12:31:58.079Z] [ESEB-LOG] END: Execution Completed. Sharded Virtual Threads Active: 24/24 | Entropy δ = 0.
[2026-08-24T16:26:33.441Z] [ESEB-LOG] START: Orchestration initialized for domain 8000kicks.donabico.com
[2026-08-24T16:26:33.441Z] [ESEB-LOG] ROUND-ROBIN SELECTOR: Active Node: DEEPSEEK (Advanced Reasoning & GEO-SEO Optimization)
[2026-08-24T16:26:41.249Z] [ESEB-LOG] SOTA SUCCESS: NODE [DEEPSEEK] HTTP Status: 200 OK (Credit Preserved)
[2026-08-24T16:26:41.249Z] [ESEB-LOG] HASH SHARDING: Initializing mathematical hash mapping into 24 virtual threads...
[2026-08-24T16:26:41.250Z] [ESEB-LOG] HASH SHARDING SUCCESS: All 24 virtual sharded threads mapped & verified. Entropy δ = 0.
[2026-08-24T16:26:41.250Z] [ESEB-LOG] DISPATCH: Virtual Thread #1 | Hash: d8edddfd80c5 | Status: ACTIVE
[2026-08-24T16:26:41.250Z] [ESEB-LOG] DISPATCH: Virtual Thread #2 | Hash: 20726d0ccc84 | Status: ACTIVE
[2026-08-24T16:26:41.250Z] [ESEB-LOG] DISPATCH: Virtual Thread #3 | Hash: 896e11e7f8a2 | Status: ACTIVE
[2026-08-24T16:26:41.250Z] [ESEB-LOG] DISPATCH: Virtual Thread #4 | Hash: 0018fdadd519 | Status: ACTIVE
[2026-08-24T16:26:41.250Z] [ESEB-LOG] DISPATCH: Virtual Thread #5 | Hash: 7e001d5ddbed | Status: ACTIVE
[2026-08-24T16:26:41.250Z] [ESEB-LOG] DISPATCH: Virtual Thread #6 | Hash: 6b219091a475 | Status: ACTIVE
[2026-08-24T16:26:41.250Z] [ESEB-LOG] DISPATCH: Virtual Thread #7 | Hash: 9cebcd217c36 | Status: ACTIVE
[2026-08-24T16:26:41.250Z] [ESEB-LOG] DISPATCH: Virtual Thread #8 | Hash: a70848653dc4 | Status: ACTIVE
[2026-08-24T16:26:41.250Z] [ESEB-LOG] DISPATCH: Virtual Thread #9 | Hash: 5d1c10bc480e | Status: ACTIVE
[2026-08-24T16:26:41.250Z] [ESEB-LOG] DISPATCH: Virtual Thread #10 | Hash: a0326acc06e4 | Status: ACTIVE
[2026-08-24T16:26:41.250Z] [ESEB-LOG] DISPATCH: Virtual Thread #11 | Hash: 1b7f3998136c | Status: ACTIVE
[2026-08-24T16:26:41.250Z] [ESEB-LOG] DISPATCH: Virtual Thread #12 | Hash: be9532e4026b | Status: ACTIVE
[2026-08-24T16:26:41.250Z] [ESEB-LOG] DISPATCH: Virtual Thread #13 | Hash: 7e8149240427 | Status: ACTIVE
[2026-08-24T16:26:41.250Z] [ESEB-LOG] DISPATCH: Virtual Thread #14 | Hash: 045d60da356c | Status: ACTIVE
[2026-08-24T16:26:41.250Z] [ESEB-LOG] DISPATCH: Virtual Thread #15 | Hash: 10e652f100e3 | Status: ACTIVE
[2026-08-24T16:26:41.250Z] [ESEB-LOG] DISPATCH: Virtual Thread #16 | Hash: ed503caf9016 | Status: ACTIVE
[2026-08-24T16:26:41.250Z] [ESEB-LOG] DISPATCH: Virtual Thread #17 | Hash: 4da9eae17f66 | Status: ACTIVE
[2026-08-24T16:26:41.250Z] [ESEB-LOG] DISPATCH: Virtual Thread #18 | Hash: 01e0c58002ec | Status: ACTIVE
[2026-08-24T16:26:41.250Z] [ESEB-LOG] DISPATCH: Virtual Thread #19 | Hash: a37cdbd820a3 | Status: ACTIVE
[2026-08-24T16:26:41.250Z] [ESEB-LOG] DISPATCH: Virtual Thread #20 | Hash: 1cbced9e7f80 | Status: ACTIVE
[2026-08-24T16:26:41.250Z] [ESEB-LOG] DISPATCH: Virtual Thread #21 | Hash: 770de767e850 | Status: ACTIVE
[2026-08-24T16:26:41.250Z] [ESEB-LOG] DISPATCH: Virtual Thread #22 | Hash: fdf9bca727c6 | Status: ACTIVE
[2026-08-24T16:26:41.250Z] [ESEB-LOG] DISPATCH: Virtual Thread #23 | Hash: 4a95edad5e5a | Status: ACTIVE
[2026-08-24T16:26:41.250Z] [ESEB-LOG] DISPATCH: Virtual Thread #24 | Hash: 61d0991d744f | Status: ACTIVE
[2026-08-24T16:26:41.250Z] [ESEB-LOG] ESEB CLASSIC SUCCESS: Core Authenticated | V-STAMP-24 Verified.
[2026-08-24T16:26:41.250Z] [ESEB-LOG] END: Execution Completed. Sharded Virtual Threads Active: 24/24 | Entropy δ = 0.
[2026-08-24T20:20:56.213Z] [ESEB-LOG] START: Orchestration initialized for domain 8000kicks.donabico.com
[2026-08-24T20:20:56.214Z] [ESEB-LOG] ROUND-ROBIN SELECTOR: Active Node: MISTRAL_7B (JSON-LD Schema & Structured Intelligence)
[2026-08-24T20:21:06.269Z] [ESEB-LOG] AUTO-HEALED: Request timeout. Self-healing fallback engaged.
[2026-08-24T20:21:06.269Z] [ESEB-LOG] HASH SHARDING: Initializing mathematical hash mapping into 24 virtual threads...
[2026-08-24T20:21:06.270Z] [ESEB-LOG] HASH SHARDING SUCCESS: All 24 virtual sharded threads mapped & verified. Entropy δ = 0.
[2026-08-24T20:21:06.270Z] [ESEB-LOG] DISPATCH: Virtual Thread #1 | Hash: d65cfc187a47 | Status: ACTIVE
[2026-08-24T20:21:06.270Z] [ESEB-LOG] DISPATCH: Virtual Thread #2 | Hash: a0c81cf01b9a | Status: ACTIVE
[2026-08-24T20:21:06.270Z] [ESEB-LOG] DISPATCH: Virtual Thread #3 | Hash: 785b50414445 | Status: ACTIVE
[2026-08-24T20:21:06.270Z] [ESEB-LOG] DISPATCH: Virtual Thread #4 | Hash: 0359ecfd14c3 | Status: ACTIVE
[2026-08-24T20:21:06.270Z] [ESEB-LOG] DISPATCH: Virtual Thread #5 | Hash: 872ef26fd0a5 | Status: ACTIVE
[2026-08-24T20:21:06.270Z] [ESEB-LOG] DISPATCH: Virtual Thread #6 | Hash: 7f92e57a6e8f | Status: ACTIVE
[2026-08-24T20:21:06.270Z] [ESEB-LOG] DISPATCH: Virtual Thread #7 | Hash: 019c624e12cd | Status: ACTIVE
[2026-08-24T20:21:06.270Z] [ESEB-LOG] DISPATCH: Virtual Thread #8 | Hash: 8b31cc9be522 | Status: ACTIVE
[2026-08-24T20:21:06.270Z] [ESEB-LOG] DISPATCH: Virtual Thread #9 | Hash: fdc1215587d9 | Status: ACTIVE
[2026-08-24T20:21:06.270Z] [ESEB-LOG] DISPATCH: Virtual Thread #10 | Hash: a951c6d5a144 | Status: ACTIVE
[2026-08-24T20:21:06.270Z] [ESEB-LOG] DISPATCH: Virtual Thread #11 | Hash: d0edc8e1d679 | Status: ACTIVE
[2026-08-24T20:21:06.270Z] [ESEB-LOG] DISPATCH: Virtual Thread #12 | Hash: f24f60c2fbe2 | Status: ACTIVE
[2026-08-24T20:21:06.270Z] [ESEB-LOG] DISPATCH: Virtual Thread #13 | Hash: 7fae986319d3 | Status: ACTIVE
[2026-08-24T20:21:06.270Z] [ESEB-LOG] DISPATCH: Virtual Thread #14 | Hash: 66df4b82098a | Status: ACTIVE
[2026-08-24T20:21:06.270Z] [ESEB-LOG] DISPATCH: Virtual Thread #15 | Hash: a78f1bc51c94 | Status: ACTIVE
[2026-08-24T20:21:06.270Z] [ESEB-LOG] DISPATCH: Virtual Thread #16 | Hash: 84f684b72503 | Status: ACTIVE
[2026-08-24T20:21:06.270Z] [ESEB-LOG] DISPATCH: Virtual Thread #17 | Hash: 33850d5ca154 | Status: ACTIVE
[2026-08-24T20:21:06.270Z] [ESEB-LOG] DISPATCH: Virtual Thread #18 | Hash: 13ff9d191a70 | Status: ACTIVE
[2026-08-24T20:21:06.270Z] [ESEB-LOG] DISPATCH: Virtual Thread #19 | Hash: 6165748df84d | Status: ACTIVE
[2026-08-24T20:21:06.270Z] [ESEB-LOG] DISPATCH: Virtual Thread #20 | Hash: 8bb0efc02cc8 | Status: ACTIVE
[2026-08-24T20:21:06.270Z] [ESEB-LOG] DISPATCH: Virtual Thread #21 | Hash: 3805a05a88c0 | Status: ACTIVE
[2026-08-24T20:21:06.270Z] [ESEB-LOG] DISPATCH: Virtual Thread #22 | Hash: 63e4ff687714 | Status: ACTIVE
[2026-08-24T20:21:06.270Z] [ESEB-LOG] DISPATCH: Virtual Thread #23 | Hash: e335852ab9ca | Status: ACTIVE
[2026-08-24T20:21:06.270Z] [ESEB-LOG] DISPATCH: Virtual Thread #24 | Hash: d27ea47ed52e | Status: ACTIVE
[2026-08-24T20:21:06.270Z] [ESEB-LOG] ESEB CLASSIC SUCCESS: Core Authenticated | V-STAMP-24 Verified.
[2026-08-24T20:21:06.271Z] [ESEB-LOG] END: Execution Completed. Sharded Virtual Threads Active: 24/24 | Entropy δ = 0.
[2026-08-25T00:47:49.994Z] [ESEB-LOG] START: Orchestration initialized for domain 8000kicks.donabico.com
[2026-08-25T00:47:49.994Z] [ESEB-LOG] ROUND-ROBIN SELECTOR: Active Node: LLAMA_3B (Edge Ultra-Fast Localization)
[2026-08-25T00:47:51.290Z] [ESEB-LOG] SOTA SUCCESS: NODE [LLAMA_3B] HTTP Status: 200 OK (Credit Preserved)
[2026-08-25T00:47:51.291Z] [ESEB-LOG] HASH SHARDING: Initializing mathematical hash mapping into 24 virtual threads...
[2026-08-25T00:47:51.291Z] [ESEB-LOG] HASH SHARDING SUCCESS: All 24 virtual sharded threads mapped & verified. Entropy δ = 0.
[2026-08-25T00:47:51.291Z] [ESEB-LOG] DISPATCH: Virtual Thread #1 | Hash: e131db4dc697 | Status: ACTIVE
[2026-08-25T00:47:51.291Z] [ESEB-LOG] DISPATCH: Virtual Thread #2 | Hash: 48e738f40292 | Status: ACTIVE
[2026-08-25T00:47:51.291Z] [ESEB-LOG] DISPATCH: Virtual Thread #3 | Hash: 8a5b19bd0bdc | Status: ACTIVE
[2026-08-25T00:47:51.291Z] [ESEB-LOG] DISPATCH: Virtual Thread #4 | Hash: 7858eb8fda59 | Status: ACTIVE
[2026-08-25T00:47:51.291Z] [ESEB-LOG] DISPATCH: Virtual Thread #5 | Hash: aa7991e6b980 | Status: ACTIVE
[2026-08-25T00:47:51.291Z] [ESEB-LOG] DISPATCH: Virtual Thread #6 | Hash: d6f2179310f9 | Status: ACTIVE
[2026-08-25T00:47:51.291Z] [ESEB-LOG] DISPATCH: Virtual Thread #7 | Hash: d1f6bbbace21 | Status: ACTIVE
[2026-08-25T00:47:51.291Z] [ESEB-LOG] DISPATCH: Virtual Thread #8 | Hash: 5b7b07b458fb | Status: ACTIVE
[2026-08-25T00:47:51.291Z] [ESEB-LOG] DISPATCH: Virtual Thread #9 | Hash: 434725926574 | Status: ACTIVE
[2026-08-25T00:47:51.291Z] [ESEB-LOG] DISPATCH: Virtual Thread #10 | Hash: a59be1583a5e | Status: ACTIVE
[2026-08-25T00:47:51.291Z] [ESEB-LOG] DISPATCH: Virtual Thread #11 | Hash: e2936fffa92d | Status: ACTIVE
[2026-08-25T00:47:51.291Z] [ESEB-LOG] DISPATCH: Virtual Thread #12 | Hash: 02556b2a138b | Status: ACTIVE
[2026-08-25T00:47:51.292Z] [ESEB-LOG] DISPATCH: Virtual Thread #13 | Hash: 9ceb61337616 | Status: ACTIVE
[2026-08-25T00:47:51.292Z] [ESEB-LOG] DISPATCH: Virtual Thread #14 | Hash: acdbf360e785 | Status: ACTIVE
[2026-08-25T00:47:51.292Z] [ESEB-LOG] DISPATCH: Virtual Thread #15 | Hash: 1e34cb160ed4 | Status: ACTIVE
[2026-08-25T00:47:51.292Z] [ESEB-LOG] DISPATCH: Virtual Thread #16 | Hash: 4ca638e94add | Status: ACTIVE
[2026-08-25T00:47:51.292Z] [ESEB-LOG] DISPATCH: Virtual Thread #17 | Hash: 17a4fe88975f | Status: ACTIVE
[2026-08-25T00:47:51.292Z] [ESEB-LOG] DISPATCH: Virtual Thread #18 | Hash: e10522ceb0f2 | Status: ACTIVE
[2026-08-25T00:47:51.292Z] [ESEB-LOG] DISPATCH: Virtual Thread #19 | Hash: e0fcd956ec66 | Status: ACTIVE
[2026-08-25T00:47:51.292Z] [ESEB-LOG] DISPATCH: Virtual Thread #20 | Hash: 9aae03ac263b | Status: ACTIVE
[2026-08-25T00:47:51.292Z] [ESEB-LOG] DISPATCH: Virtual Thread #21 | Hash: 3f69ea233e74 | Status: ACTIVE
[2026-08-25T00:47:51.292Z] [ESEB-LOG] DISPATCH: Virtual Thread #22 | Hash: 4ac66301d588 | Status: ACTIVE
[2026-08-25T00:47:51.292Z] [ESEB-LOG] DISPATCH: Virtual Thread #23 | Hash: e736c01e67a4 | Status: ACTIVE
[2026-08-25T00:47:51.292Z] [ESEB-LOG] DISPATCH: Virtual Thread #24 | Hash: 8692b8f842de | Status: ACTIVE
[2026-08-25T00:47:51.292Z] [ESEB-LOG] ESEB CLASSIC SUCCESS: Core Authenticated | V-STAMP-24 Verified.
[2026-08-25T00:47:51.292Z] [ESEB-LOG] END: Execution Completed. Sharded Virtual Threads Active: 24/24 | Entropy δ = 0.
[2026-08-25T04:31:06.690Z] [ESEB-LOG] START: Orchestration initialized for domain 8000kicks.donabico.com
[2026-08-25T04:31:06.691Z] [ESEB-LOG] ROUND-ROBIN SELECTOR: Active Node: GEMMA_7B (Context Enrichment & Smart Conversion)
[2026-08-25T04:31:16.757Z] [ESEB-LOG] AUTO-HEALED: Request timeout. Self-healing fallback engaged.
[2026-08-25T04:31:16.757Z] [ESEB-LOG] HASH SHARDING: Initializing mathematical hash mapping into 24 virtual threads...
[2026-08-25T04:31:16.758Z] [ESEB-LOG] HASH SHARDING SUCCESS: All 24 virtual sharded threads mapped & verified. Entropy δ = 0.
[2026-08-25T04:31:16.758Z] [ESEB-LOG] DISPATCH: Virtual Thread #1 | Hash: 090054462d47 | Status: ACTIVE
[2026-08-25T04:31:16.758Z] [ESEB-LOG] DISPATCH: Virtual Thread #2 | Hash: 7148bb3fdd6f | Status: ACTIVE
[2026-08-25T04:31:16.758Z] [ESEB-LOG] DISPATCH: Virtual Thread #3 | Hash: 424413e33956 | Status: ACTIVE
[2026-08-25T04:31:16.758Z] [ESEB-LOG] DISPATCH: Virtual Thread #4 | Hash: 437b88656403 | Status: ACTIVE
[2026-08-25T04:31:16.758Z] [ESEB-LOG] DISPATCH: Virtual Thread #5 | Hash: c95c1a3bb433 | Status: ACTIVE
[2026-08-25T04:31:16.758Z] [ESEB-LOG] DISPATCH: Virtual Thread #6 | Hash: 1e03820dcc93 | Status: ACTIVE
[2026-08-25T04:31:16.758Z] [ESEB-LOG] DISPATCH: Virtual Thread #7 | Hash: 201d28d96118 | Status: ACTIVE
[2026-08-25T04:31:16.758Z] [ESEB-LOG] DISPATCH: Virtual Thread #8 | Hash: d6013f800b3a | Status: ACTIVE
[2026-08-25T04:31:16.758Z] [ESEB-LOG] DISPATCH: Virtual Thread #9 | Hash: cb58bb148077 | Status: ACTIVE
[2026-08-25T04:31:16.758Z] [ESEB-LOG] DISPATCH: Virtual Thread #10 | Hash: d3c878882be6 | Status: ACTIVE
[2026-08-25T04:31:16.758Z] [ESEB-LOG] DISPATCH: Virtual Thread #11 | Hash: 3e94150b17d9 | Status: ACTIVE
[2026-08-25T04:31:16.758Z] [ESEB-LOG] DISPATCH: Virtual Thread #12 | Hash: e696de7843d5 | Status: ACTIVE
[2026-08-25T04:31:16.758Z] [ESEB-LOG] DISPATCH: Virtual Thread #13 | Hash: ca6384e3fd71 | Status: ACTIVE
[2026-08-25T04:31:16.758Z] [ESEB-LOG] DISPATCH: Virtual Thread #14 | Hash: 0ea1bb8f5cae | Status: ACTIVE
[2026-08-25T04:31:16.758Z] [ESEB-LOG] DISPATCH: Virtual Thread #15 | Hash: 3d74a4ace664 | Status: ACTIVE
[2026-08-25T04:31:16.758Z] [ESEB-LOG] DISPATCH: Virtual Thread #16 | Hash: f9583f261b83 | Status: ACTIVE
[2026-08-25T04:31:16.758Z] [ESEB-LOG] DISPATCH: Virtual Thread #17 | Hash: b08f1e12a740 | Status: ACTIVE
[2026-08-25T04:31:16.758Z] [ESEB-LOG] DISPATCH: Virtual Thread #18 | Hash: 3d264392e6bd | Status: ACTIVE
[2026-08-25T04:31:16.758Z] [ESEB-LOG] DISPATCH: Virtual Thread #19 | Hash: b97723bac6a4 | Status: ACTIVE
[2026-08-25T04:31:16.758Z] [ESEB-LOG] DISPATCH: Virtual Thread #20 | Hash: a94cba2af006 | Status: ACTIVE
[2026-08-25T04:31:16.758Z] [ESEB-LOG] DISPATCH: Virtual Thread #21 | Hash: 6bb37f6bf8ce | Status: ACTIVE
[2026-08-25T04:31:16.758Z] [ESEB-LOG] DISPATCH: Virtual Thread #22 | Hash: f7f414207bbe | Status: ACTIVE
[2026-08-25T04:31:16.758Z] [ESEB-LOG] DISPATCH: Virtual Thread #23 | Hash: fb9aefd6af55 | Status: ACTIVE
[2026-08-25T04:31:16.758Z] [ESEB-LOG] DISPATCH: Virtual Thread #24 | Hash: c1d818f1074f | Status: ACTIVE
[2026-08-25T04:31:16.758Z] [ESEB-LOG] ESEB CLASSIC SUCCESS: Core Authenticated | V-STAMP-24 Verified.
[2026-08-25T04:31:16.758Z] [ESEB-LOG] END: Execution Completed. Sharded Virtual Threads Active: 24/24 | Entropy δ = 0.
[2026-08-25T08:32:35.177Z] [ESEB-LOG] START: Orchestration initialized for domain 8000kicks.donabico.com
[2026-08-25T08:32:35.177Z] [ESEB-LOG] ROUND-ROBIN SELECTOR: Active Node: BGE_EMBEDDING (RAG Knowledge Vectorization)
[2026-08-25T08:32:35.473Z] [ESEB-LOG] SOTA SUCCESS: NODE [BGE_EMBEDDING] HTTP Status: 200 OK (Credit Preserved)
[2026-08-25T08:32:35.474Z] [ESEB-LOG] HASH SHARDING: Initializing mathematical hash mapping into 24 virtual threads...
[2026-08-25T08:32:35.475Z] [ESEB-LOG] HASH SHARDING SUCCESS: All 24 virtual sharded threads mapped & verified. Entropy δ = 0.
[2026-08-25T08:32:35.475Z] [ESEB-LOG] DISPATCH: Virtual Thread #1 | Hash: 1e28422f870b | Status: ACTIVE
[2026-08-25T08:32:35.475Z] [ESEB-LOG] DISPATCH: Virtual Thread #2 | Hash: b231f9f01c28 | Status: ACTIVE
[2026-08-25T08:32:35.475Z] [ESEB-LOG] DISPATCH: Virtual Thread #3 | Hash: 473114961d57 | Status: ACTIVE
[2026-08-25T08:32:35.475Z] [ESEB-LOG] DISPATCH: Virtual Thread #4 | Hash: 76b296793a3b | Status: ACTIVE
[2026-08-25T08:32:35.475Z] [ESEB-LOG] DISPATCH: Virtual Thread #5 | Hash: e71a4aefcb50 | Status: ACTIVE
[2026-08-25T08:32:35.475Z] [ESEB-LOG] DISPATCH: Virtual Thread #6 | Hash: d26bb0642ce2 | Status: ACTIVE
[2026-08-25T08:32:35.475Z] [ESEB-LOG] DISPATCH: Virtual Thread #7 | Hash: c0651dc4f056 | Status: ACTIVE
[2026-08-25T08:32:35.475Z] [ESEB-LOG] DISPATCH: Virtual Thread #8 | Hash: 9ce9ebf48b84 | Status: ACTIVE
[2026-08-25T08:32:35.475Z] [ESEB-LOG] DISPATCH: Virtual Thread #9 | Hash: 7fc267becd95 | Status: ACTIVE
[2026-08-25T08:32:35.475Z] [ESEB-LOG] DISPATCH: Virtual Thread #10 | Hash: b43d1c16bfcc | Status: ACTIVE
[2026-08-25T08:32:35.475Z] [ESEB-LOG] DISPATCH: Virtual Thread #11 | Hash: a37342539a35 | Status: ACTIVE
[2026-08-25T08:32:35.475Z] [ESEB-LOG] DISPATCH: Virtual Thread #12 | Hash: 3a8a80fdf0ea | Status: ACTIVE
[2026-08-25T08:32:35.475Z] [ESEB-LOG] DISPATCH: Virtual Thread #13 | Hash: 24b52f38a086 | Status: ACTIVE
[2026-08-25T08:32:35.475Z] [ESEB-LOG] DISPATCH: Virtual Thread #14 | Hash: ef3bf2f782de | Status: ACTIVE
[2026-08-25T08:32:35.475Z] [ESEB-LOG] DISPATCH: Virtual Thread #15 | Hash: 57d37c754bc7 | Status: ACTIVE
[2026-08-25T08:32:35.475Z] [ESEB-LOG] DISPATCH: Virtual Thread #16 | Hash: eda0f5d2f98b | Status: ACTIVE
[2026-08-25T08:32:35.475Z] [ESEB-LOG] DISPATCH: Virtual Thread #17 | Hash: 1747ada37ff7 | Status: ACTIVE
[2026-08-25T08:32:35.475Z] [ESEB-LOG] DISPATCH: Virtual Thread #18 | Hash: 6fe647ad127c | Status: ACTIVE
[2026-08-25T08:32:35.475Z] [ESEB-LOG] DISPATCH: Virtual Thread #19 | Hash: 0ba71121be42 | Status: ACTIVE
[2026-08-25T08:32:35.475Z] [ESEB-LOG] DISPATCH: Virtual Thread #20 | Hash: 3ae239648b3d | Status: ACTIVE
[2026-08-25T08:32:35.475Z] [ESEB-LOG] DISPATCH: Virtual Thread #21 | Hash: f1c257072524 | Status: ACTIVE
[2026-08-25T08:32:35.475Z] [ESEB-LOG] DISPATCH: Virtual Thread #22 | Hash: bf1536b4782e | Status: ACTIVE
[2026-08-25T08:32:35.475Z] [ESEB-LOG] DISPATCH: Virtual Thread #23 | Hash: 858e2ed3332d | Status: ACTIVE
[2026-08-25T08:32:35.475Z] [ESEB-LOG] DISPATCH: Virtual Thread #24 | Hash: e0db4bcee6eb | Status: ACTIVE
[2026-08-25T08:32:35.475Z] [ESEB-LOG] ESEB CLASSIC SUCCESS: Core Authenticated | V-STAMP-24 Verified.
[2026-08-25T08:32:35.475Z] [ESEB-LOG] END: Execution Completed. Sharded Virtual Threads Active: 24/24 | Entropy δ = 0.
[2026-08-25T12:31:52.432Z] [ESEB-LOG] START: Orchestration initialized for domain 8000kicks.donabico.com
[2026-08-25T12:31:52.433Z] [ESEB-LOG] ROUND-ROBIN SELECTOR: Active Node: SDXL_IMAGE (Affiliate Intelligent Banners & Posters)
[2026-08-25T12:31:57.879Z] [ESEB-LOG] SOTA SUCCESS: NODE [SDXL_IMAGE] HTTP Status: 200 OK (Credit Preserved)
[2026-08-25T12:31:57.880Z] [ESEB-LOG] HASH SHARDING: Initializing mathematical hash mapping into 24 virtual threads...
[2026-08-25T12:31:57.881Z] [ESEB-LOG] HASH SHARDING SUCCESS: All 24 virtual sharded threads mapped & verified. Entropy δ = 0.
[2026-08-25T12:31:57.881Z] [ESEB-LOG] DISPATCH: Virtual Thread #1 | Hash: 89875c251662 | Status: ACTIVE
[2026-08-25T12:31:57.881Z] [ESEB-LOG] DISPATCH: Virtual Thread #2 | Hash: 45e158be7ad4 | Status: ACTIVE
[2026-08-25T12:31:57.881Z] [ESEB-LOG] DISPATCH: Virtual Thread #3 | Hash: b844cfb6113b | Status: ACTIVE
[2026-08-25T12:31:57.881Z] [ESEB-LOG] DISPATCH: Virtual Thread #4 | Hash: 3b7e8713f735 | Status: ACTIVE
[2026-08-25T12:31:57.881Z] [ESEB-LOG] DISPATCH: Virtual Thread #5 | Hash: 74fe7d06cd5a | Status: ACTIVE
[2026-08-25T12:31:57.881Z] [ESEB-LOG] DISPATCH: Virtual Thread #6 | Hash: fe498efcbb92 | Status: ACTIVE
[2026-08-25T12:31:57.881Z] [ESEB-LOG] DISPATCH: Virtual Thread #7 | Hash: ebbc9a64fca9 | Status: ACTIVE
[2026-08-25T12:31:57.881Z] [ESEB-LOG] DISPATCH: Virtual Thread #8 | Hash: c702f615790b | Status: ACTIVE
[2026-08-25T12:31:57.881Z] [ESEB-LOG] DISPATCH: Virtual Thread #9 | Hash: 8dac50b46645 | Status: ACTIVE
[2026-08-25T12:31:57.881Z] [ESEB-LOG] DISPATCH: Virtual Thread #10 | Hash: f81fdfe18422 | Status: ACTIVE
[2026-08-25T12:31:57.881Z] [ESEB-LOG] DISPATCH: Virtual Thread #11 | Hash: 0c3ddfbcf81b | Status: ACTIVE
[2026-08-25T12:31:57.881Z] [ESEB-LOG] DISPATCH: Virtual Thread #12 | Hash: 820f167eda37 | Status: ACTIVE
[2026-08-25T12:31:57.881Z] [ESEB-LOG] DISPATCH: Virtual Thread #13 | Hash: d2947d88943a | Status: ACTIVE
[2026-08-25T12:31:57.881Z] [ESEB-LOG] DISPATCH: Virtual Thread #14 | Hash: 35dc8b49e515 | Status: ACTIVE
[2026-08-25T12:31:57.881Z] [ESEB-LOG] DISPATCH: Virtual Thread #15 | Hash: 35e62af00494 | Status: ACTIVE
[2026-08-25T12:31:57.881Z] [ESEB-LOG] DISPATCH: Virtual Thread #16 | Hash: 690c9722eb6a | Status: ACTIVE
[2026-08-25T12:31:57.881Z] [ESEB-LOG] DISPATCH: Virtual Thread #17 | Hash: 9d7a86052394 | Status: ACTIVE
[2026-08-25T12:31:57.881Z] [ESEB-LOG] DISPATCH: Virtual Thread #18 | Hash: c2055c962557 | Status: ACTIVE
[2026-08-25T12:31:57.881Z] [ESEB-LOG] DISPATCH: Virtual Thread #19 | Hash: 3c2b14c77381 | Status: ACTIVE
[2026-08-25T12:31:57.881Z] [ESEB-LOG] DISPATCH: Virtual Thread #20 | Hash: fa36bb66593b | Status: ACTIVE
[2026-08-25T12:31:57.881Z] [ESEB-LOG] DISPATCH: Virtual Thread #21 | Hash: 1086afe87d41 | Status: ACTIVE
[2026-08-25T12:31:57.881Z] [ESEB-LOG] DISPATCH: Virtual Thread #22 | Hash: 6e38d12ce38e | Status: ACTIVE
[2026-08-25T12:31:57.881Z] [ESEB-LOG] DISPATCH: Virtual Thread #23 | Hash: 127d97c116b1 | Status: ACTIVE
[2026-08-25T12:31:57.881Z] [ESEB-LOG] DISPATCH: Virtual Thread #24 | Hash: 5c25840ecc3f | Status: ACTIVE
[2026-08-25T12:31:57.881Z] [ESEB-LOG] ESEB CLASSIC SUCCESS: Core Authenticated | V-STAMP-24 Verified.
[2026-08-25T12:31:57.881Z] [ESEB-LOG] END: Execution Completed. Sharded Virtual Threads Active: 24/24 | Entropy δ = 0.
[2026-08-25T16:26:43.450Z] [ESEB-LOG] START: Orchestration initialized for domain 8000kicks.donabico.com
[2026-08-25T16:26:43.451Z] [ESEB-LOG] ROUND-ROBIN SELECTOR: Active Node: LLAMA_70B (Super Smart Intelligent Reviews & Deep Synthesis)
[2026-08-25T16:26:48.301Z] [ESEB-LOG] SOTA SUCCESS: NODE [LLAMA_70B] HTTP Status: 200 OK (Credit Preserved)
[2026-08-25T16:26:48.302Z] [ESEB-LOG] HASH SHARDING: Initializing mathematical hash mapping into 24 virtual threads...
[2026-08-25T16:26:48.302Z] [ESEB-LOG] HASH SHARDING SUCCESS: All 24 virtual sharded threads mapped & verified. Entropy δ = 0.
[2026-08-25T16:26:48.302Z] [ESEB-LOG] DISPATCH: Virtual Thread #1 | Hash: 16f7024efc38 | Status: ACTIVE
[2026-08-25T16:26:48.302Z] [ESEB-LOG] DISPATCH: Virtual Thread #2 | Hash: f2fd136932f9 | Status: ACTIVE
[2026-08-25T16:26:48.302Z] [ESEB-LOG] DISPATCH: Virtual Thread #3 | Hash: 9ea0e1657908 | Status: ACTIVE
[2026-08-25T16:26:48.302Z] [ESEB-LOG] DISPATCH: Virtual Thread #4 | Hash: 8272f046938e | Status: ACTIVE
[2026-08-25T16:26:48.302Z] [ESEB-LOG] DISPATCH: Virtual Thread #5 | Hash: 207d73cbf1cf | Status: ACTIVE
[2026-08-25T16:26:48.302Z] [ESEB-LOG] DISPATCH: Virtual Thread #6 | Hash: 61b186dd0acf | Status: ACTIVE
[2026-08-25T16:26:48.303Z] [ESEB-LOG] DISPATCH: Virtual Thread #7 | Hash: e5cbe6cb5fbc | Status: ACTIVE
[2026-08-25T16:26:48.303Z] [ESEB-LOG] DISPATCH: Virtual Thread #8 | Hash: 81dd1ef4af5d | Status: ACTIVE
[2026-08-25T16:26:48.303Z] [ESEB-LOG] DISPATCH: Virtual Thread #9 | Hash: 33daa56d55db | Status: ACTIVE
[2026-08-25T16:26:48.303Z] [ESEB-LOG] DISPATCH: Virtual Thread #10 | Hash: f387908ef825 | Status: ACTIVE
[2026-08-25T16:26:48.303Z] [ESEB-LOG] DISPATCH: Virtual Thread #11 | Hash: 3f0aa11aebc9 | Status: ACTIVE
[2026-08-25T16:26:48.303Z] [ESEB-LOG] DISPATCH: Virtual Thread #12 | Hash: 2a7fce8f88f3 | Status: ACTIVE
[2026-08-25T16:26:48.303Z] [ESEB-LOG] DISPATCH: Virtual Thread #13 | Hash: 4a93e51d9620 | Status: ACTIVE
[2026-08-25T16:26:48.303Z] [ESEB-LOG] DISPATCH: Virtual Thread #14 | Hash: c6ea51baba16 | Status: ACTIVE
[2026-08-25T16:26:48.303Z] [ESEB-LOG] DISPATCH: Virtual Thread #15 | Hash: ddb8024c3e1f | Status: ACTIVE
[2026-08-25T16:26:48.303Z] [ESEB-LOG] DISPATCH: Virtual Thread #16 | Hash: b99f3995cdd5 | Status: ACTIVE
[2026-08-25T16:26:48.303Z] [ESEB-LOG] DISPATCH: Virtual Thread #17 | Hash: 539148fa964d | Status: ACTIVE
[2026-08-25T16:26:48.303Z] [ESEB-LOG] DISPATCH: Virtual Thread #18 | Hash: 738577334808 | Status: ACTIVE
[2026-08-25T16:26:48.303Z] [ESEB-LOG] DISPATCH: Virtual Thread #19 | Hash: aecfc0d26b79 | Status: ACTIVE
[2026-08-25T16:26:48.303Z] [ESEB-LOG] DISPATCH: Virtual Thread #20 | Hash: 64ae1c7e85c5 | Status: ACTIVE
[2026-08-25T16:26:48.303Z] [ESEB-LOG] DISPATCH: Virtual Thread #21 | Hash: 55e906790771 | Status: ACTIVE
[2026-08-25T16:26:48.303Z] [ESEB-LOG] DISPATCH: Virtual Thread #22 | Hash: f216d692bb1f | Status: ACTIVE
[2026-08-25T16:26:48.303Z] [ESEB-LOG] DISPATCH: Virtual Thread #23 | Hash: 890ac61b9463 | Status: ACTIVE
[2026-08-25T16:26:48.303Z] [ESEB-LOG] DISPATCH: Virtual Thread #24 | Hash: 87fd2e75fa40 | Status: ACTIVE
[2026-08-25T16:26:48.303Z] [ESEB-LOG] ESEB CLASSIC SUCCESS: Core Authenticated | V-STAMP-24 Verified.
[2026-08-25T16:26:48.303Z] [ESEB-LOG] END: Execution Completed. Sharded Virtual Threads Active: 24/24 | Entropy δ = 0.
[2026-08-25T20:19:27.845Z] [ESEB-LOG] START: Orchestration initialized for domain 8000kicks.donabico.com
[2026-08-25T20:19:27.846Z] [ESEB-LOG] ROUND-ROBIN SELECTOR: Active Node: LLAMA_8B (Rapid RAG Fallback & Smart Sourcing)
[2026-08-25T20:19:29.442Z] [ESEB-LOG] SOTA SUCCESS: NODE [LLAMA_8B] HTTP Status: 200 OK (Credit Preserved)
[2026-08-25T20:19:29.443Z] [ESEB-LOG] HASH SHARDING: Initializing mathematical hash mapping into 24 virtual threads...
[2026-08-25T20:19:29.443Z] [ESEB-LOG] HASH SHARDING SUCCESS: All 24 virtual sharded threads mapped & verified. Entropy δ = 0.
[2026-08-25T20:19:29.443Z] [ESEB-LOG] DISPATCH: Virtual Thread #1 | Hash: 3b33965e0a8f | Status: ACTIVE
[2026-08-25T20:19:29.443Z] [ESEB-LOG] DISPATCH: Virtual Thread #2 | Hash: f85e803f1163 | Status: ACTIVE
[2026-08-25T20:19:29.443Z] [ESEB-LOG] DISPATCH: Virtual Thread #3 | Hash: a95702915b96 | Status: ACTIVE
[2026-08-25T20:19:29.443Z] [ESEB-LOG] DISPATCH: Virtual Thread #4 | Hash: badd8864c840 | Status: ACTIVE
[2026-08-25T20:19:29.443Z] [ESEB-LOG] DISPATCH: Virtual Thread #5 | Hash: 5e0f6a4f5de1 | Status: ACTIVE
[2026-08-25T20:19:29.443Z] [ESEB-LOG] DISPATCH: Virtual Thread #6 | Hash: 4990fedf8709 | Status: ACTIVE
[2026-08-25T20:19:29.443Z] [ESEB-LOG] DISPATCH: Virtual Thread #7 | Hash: 578e9eee2551 | Status: ACTIVE
[2026-08-25T20:19:29.443Z] [ESEB-LOG] DISPATCH: Virtual Thread #8 | Hash: 0383406353b3 | Status: ACTIVE
[2026-08-25T20:19:29.443Z] [ESEB-LOG] DISPATCH: Virtual Thread #9 | Hash: fec6f45263ae | Status: ACTIVE
[2026-08-25T20:19:29.443Z] [ESEB-LOG] DISPATCH: Virtual Thread #10 | Hash: 9868abd448eb | Status: ACTIVE
[2026-08-25T20:19:29.443Z] [ESEB-LOG] DISPATCH: Virtual Thread #11 | Hash: 62c055803c1c | Status: ACTIVE
[2026-08-25T20:19:29.443Z] [ESEB-LOG] DISPATCH: Virtual Thread #12 | Hash: 55de0c5c7867 | Status: ACTIVE
[2026-08-25T20:19:29.443Z] [ESEB-LOG] DISPATCH: Virtual Thread #13 | Hash: 5a6522b175dd | Status: ACTIVE
[2026-08-25T20:19:29.444Z] [ESEB-LOG] DISPATCH: Virtual Thread #14 | Hash: 6a227fe463d7 | Status: ACTIVE
[2026-08-25T20:19:29.444Z] [ESEB-LOG] DISPATCH: Virtual Thread #15 | Hash: fa3e1534206a | Status: ACTIVE
[2026-08-25T20:19:29.444Z] [ESEB-LOG] DISPATCH: Virtual Thread #16 | Hash: c4f1c43049ed | Status: ACTIVE
[2026-08-25T20:19:29.444Z] [ESEB-LOG] DISPATCH: Virtual Thread #17 | Hash: d0fc9bc0678e | Status: ACTIVE
[2026-08-25T20:19:29.444Z] [ESEB-LOG] DISPATCH: Virtual Thread #18 | Hash: 791797769119 | Status: ACTIVE
[2026-08-25T20:19:29.444Z] [ESEB-LOG] DISPATCH: Virtual Thread #19 | Hash: 547aa68c9b1f | Status: ACTIVE
[2026-08-25T20:19:29.444Z] [ESEB-LOG] DISPATCH: Virtual Thread #20 | Hash: db66539bed6e | Status: ACTIVE
[2026-08-25T20:19:29.444Z] [ESEB-LOG] DISPATCH: Virtual Thread #21 | Hash: 67d7e01861aa | Status: ACTIVE
[2026-08-25T20:19:29.444Z] [ESEB-LOG] DISPATCH: Virtual Thread #22 | Hash: a61e828640f4 | Status: ACTIVE
[2026-08-25T20:19:29.444Z] [ESEB-LOG] DISPATCH: Virtual Thread #23 | Hash: 4da35319990a | Status: ACTIVE
[2026-08-25T20:19:29.444Z] [ESEB-LOG] DISPATCH: Virtual Thread #24 | Hash: e6534040f24b | Status: ACTIVE
[2026-08-25T20:19:29.444Z] [ESEB-LOG] ESEB CLASSIC SUCCESS: Core Authenticated | V-STAMP-24 Verified.
[2026-08-25T20:19:29.444Z] [ESEB-LOG] END: Execution Completed. Sharded Virtual Threads Active: 24/24 | Entropy δ = 0.
[2026-08-26T00:49:16.880Z] [ESEB-LOG] START: Orchestration initialized for domain 8000kicks.donabico.com
[2026-08-26T00:49:16.880Z] [ESEB-LOG] ROUND-ROBIN SELECTOR: Active Node: DEEPSEEK (Advanced Reasoning & GEO-SEO Optimization)
[2026-08-26T00:49:23.788Z] [ESEB-LOG] SOTA SUCCESS: NODE [DEEPSEEK] HTTP Status: 200 OK (Credit Preserved)
[2026-08-26T00:49:23.789Z] [ESEB-LOG] HASH SHARDING: Initializing mathematical hash mapping into 24 virtual threads...
[2026-08-26T00:49:23.789Z] [ESEB-LOG] HASH SHARDING SUCCESS: All 24 virtual sharded threads mapped & verified. Entropy δ = 0.
[2026-08-26T00:49:23.789Z] [ESEB-LOG] DISPATCH: Virtual Thread #1 | Hash: 42f2ea841a72 | Status: ACTIVE
[2026-08-26T00:49:23.790Z] [ESEB-LOG] DISPATCH: Virtual Thread #2 | Hash: fe8818543978 | Status: ACTIVE
[2026-08-26T00:49:23.790Z] [ESEB-LOG] DISPATCH: Virtual Thread #3 | Hash: 6d97eca5649f | Status: ACTIVE
[2026-08-26T00:49:23.790Z] [ESEB-LOG] DISPATCH: Virtual Thread #4 | Hash: 0be7cc4a5c24 | Status: ACTIVE
[2026-08-26T00:49:23.790Z] [ESEB-LOG] DISPATCH: Virtual Thread #5 | Hash: f1274e045ed9 | Status: ACTIVE
[2026-08-26T00:49:23.790Z] [ESEB-LOG] DISPATCH: Virtual Thread #6 | Hash: 74393f4e019c | Status: ACTIVE
[2026-08-26T00:49:23.790Z] [ESEB-LOG] DISPATCH: Virtual Thread #7 | Hash: 672a4c0e24ba | Status: ACTIVE
[2026-08-26T00:49:23.790Z] [ESEB-LOG] DISPATCH: Virtual Thread #8 | Hash: 7b1818cee6af | Status: ACTIVE
[2026-08-26T00:49:23.790Z] [ESEB-LOG] DISPATCH: Virtual Thread #9 | Hash: db8f7eb4e4fa | Status: ACTIVE
[2026-08-26T00:49:23.790Z] [ESEB-LOG] DISPATCH: Virtual Thread #10 | Hash: 10b6ce21f37d | Status: ACTIVE
[2026-08-26T00:49:23.790Z] [ESEB-LOG] DISPATCH: Virtual Thread #11 | Hash: 8afab63d0abb | Status: ACTIVE
[2026-08-26T00:49:23.790Z] [ESEB-LOG] DISPATCH: Virtual Thread #12 | Hash: d36f751840b1 | Status: ACTIVE
[2026-08-26T00:49:23.790Z] [ESEB-LOG] DISPATCH: Virtual Thread #13 | Hash: 87da881f8e93 | Status: ACTIVE
[2026-08-26T00:49:23.790Z] [ESEB-LOG] DISPATCH: Virtual Thread #14 | Hash: b4b80fa66409 | Status: ACTIVE
[2026-08-26T00:49:23.790Z] [ESEB-LOG] DISPATCH: Virtual Thread #15 | Hash: 9057f3fcec00 | Status: ACTIVE
[2026-08-26T00:49:23.790Z] [ESEB-LOG] DISPATCH: Virtual Thread #16 | Hash: 60747f083636 | Status: ACTIVE
[2026-08-26T00:49:23.790Z] [ESEB-LOG] DISPATCH: Virtual Thread #17 | Hash: 4205abc622f0 | Status: ACTIVE
[2026-08-26T00:49:23.790Z] [ESEB-LOG] DISPATCH: Virtual Thread #18 | Hash: 345cafc2970b | Status: ACTIVE
[2026-08-26T00:49:23.790Z] [ESEB-LOG] DISPATCH: Virtual Thread #19 | Hash: 32b691c81874 | Status: ACTIVE
[2026-08-26T00:49:23.790Z] [ESEB-LOG] DISPATCH: Virtual Thread #20 | Hash: e55842c7a6d8 | Status: ACTIVE
[2026-08-26T00:49:23.790Z] [ESEB-LOG] DISPATCH: Virtual Thread #21 | Hash: ee5e049a5e58 | Status: ACTIVE
[2026-08-26T00:49:23.790Z] [ESEB-LOG] DISPATCH: Virtual Thread #22 | Hash: c842948f93b3 | Status: ACTIVE
[2026-08-26T00:49:23.790Z] [ESEB-LOG] DISPATCH: Virtual Thread #23 | Hash: 948fa721f3a2 | Status: ACTIVE
[2026-08-26T00:49:23.790Z] [ESEB-LOG] DISPATCH: Virtual Thread #24 | Hash: 281092eab2ac | Status: ACTIVE
[2026-08-26T00:49:23.790Z] [ESEB-LOG] ESEB CLASSIC SUCCESS: Core Authenticated | V-STAMP-24 Verified.
[2026-08-26T00:49:23.790Z] [ESEB-LOG] END: Execution Completed. Sharded Virtual Threads Active: 24/24 | Entropy δ = 0.
[2026-08-26T04:31:55.673Z] [ESEB-LOG] START: Orchestration initialized for domain 8000kicks.donabico.com
[2026-08-26T04:31:55.673Z] [ESEB-LOG] ROUND-ROBIN SELECTOR: Active Node: MISTRAL_7B (JSON-LD Schema & Structured Intelligence)
[2026-08-26T04:32:05.740Z] [ESEB-LOG] AUTO-HEALED: Request timeout. Self-healing fallback engaged.
[2026-08-26T04:32:05.740Z] [ESEB-LOG] HASH SHARDING: Initializing mathematical hash mapping into 24 virtual threads...
[2026-08-26T04:32:05.741Z] [ESEB-LOG] HASH SHARDING SUCCESS: All 24 virtual sharded threads mapped & verified. Entropy δ = 0.
[2026-08-26T04:32:05.741Z] [ESEB-LOG] DISPATCH: Virtual Thread #1 | Hash: a85b02a289b0 | Status: ACTIVE
[2026-08-26T04:32:05.741Z] [ESEB-LOG] DISPATCH: Virtual Thread #2 | Hash: cd2be21a33bb | Status: ACTIVE
[2026-08-26T04:32:05.741Z] [ESEB-LOG] DISPATCH: Virtual Thread #3 | Hash: 384d260740f2 | Status: ACTIVE
[2026-08-26T04:32:05.741Z] [ESEB-LOG] DISPATCH: Virtual Thread #4 | Hash: e180fc94eb57 | Status: ACTIVE
[2026-08-26T04:32:05.741Z] [ESEB-LOG] DISPATCH: Virtual Thread #5 | Hash: 22fc0e321bc0 | Status: ACTIVE
[2026-08-26T04:32:05.741Z] [ESEB-LOG] DISPATCH: Virtual Thread #6 | Hash: 1b12b9e03de5 | Status: ACTIVE
[2026-08-26T04:32:05.741Z] [ESEB-LOG] DISPATCH: Virtual Thread #7 | Hash: 2854ec67a8f0 | Status: ACTIVE
[2026-08-26T04:32:05.741Z] [ESEB-LOG] DISPATCH: Virtual Thread #8 | Hash: fa586be1c250 | Status: ACTIVE
[2026-08-26T04:32:05.741Z] [ESEB-LOG] DISPATCH: Virtual Thread #9 | Hash: 9cd714732d13 | Status: ACTIVE
[2026-08-26T04:32:05.741Z] [ESEB-LOG] DISPATCH: Virtual Thread #10 | Hash: fefb68f32e2b | Status: ACTIVE
[2026-08-26T04:32:05.741Z] [ESEB-LOG] DISPATCH: Virtual Thread #11 | Hash: 580929a3ec4f | Status: ACTIVE
[2026-08-26T04:32:05.741Z] [ESEB-LOG] DISPATCH: Virtual Thread #12 | Hash: 7bef08dec203 | Status: ACTIVE
[2026-08-26T04:32:05.741Z] [ESEB-LOG] DISPATCH: Virtual Thread #13 | Hash: 62ec4c993d66 | Status: ACTIVE
[2026-08-26T04:32:05.741Z] [ESEB-LOG] DISPATCH: Virtual Thread #14 | Hash: 23701939fcbb | Status: ACTIVE
[2026-08-26T04:32:05.741Z] [ESEB-LOG] DISPATCH: Virtual Thread #15 | Hash: 255cc243947f | Status: ACTIVE
[2026-08-26T04:32:05.741Z] [ESEB-LOG] DISPATCH: Virtual Thread #16 | Hash: f69d86176921 | Status: ACTIVE
[2026-08-26T04:32:05.741Z] [ESEB-LOG] DISPATCH: Virtual Thread #17 | Hash: d59f28e91b25 | Status: ACTIVE
[2026-08-26T04:32:05.741Z] [ESEB-LOG] DISPATCH: Virtual Thread #18 | Hash: 5657ef258760 | Status: ACTIVE
[2026-08-26T04:32:05.741Z] [ESEB-LOG] DISPATCH: Virtual Thread #19 | Hash: 8b7f90f0c205 | Status: ACTIVE
[2026-08-26T04:32:05.741Z] [ESEB-LOG] DISPATCH: Virtual Thread #20 | Hash: 4445b2e37e36 | Status: ACTIVE
[2026-08-26T04:32:05.741Z] [ESEB-LOG] DISPATCH: Virtual Thread #21 | Hash: 84802f5e1d1c | Status: ACTIVE
[2026-08-26T04:32:05.741Z] [ESEB-LOG] DISPATCH: Virtual Thread #22 | Hash: 590e8ff4e948 | Status: ACTIVE
[2026-08-26T04:32:05.741Z] [ESEB-LOG] DISPATCH: Virtual Thread #23 | Hash: 0432d9d3ec90 | Status: ACTIVE
[2026-08-26T04:32:05.741Z] [ESEB-LOG] DISPATCH: Virtual Thread #24 | Hash: ce3b95898148 | Status: ACTIVE
[2026-08-26T04:32:05.741Z] [ESEB-LOG] ESEB CLASSIC SUCCESS: Core Authenticated | V-STAMP-24 Verified.
[2026-08-26T04:32:05.741Z] [ESEB-LOG] END: Execution Completed. Sharded Virtual Threads Active: 24/24 | Entropy δ = 0.
[2026-08-26T08:33:44.528Z] [ESEB-LOG] START: Orchestration initialized for domain 8000kicks.donabico.com
[2026-08-26T08:33:44.529Z] [ESEB-LOG] ROUND-ROBIN SELECTOR: Active Node: LLAMA_3B (Edge Ultra-Fast Localization)
[2026-08-26T08:33:46.188Z] [ESEB-LOG] SOTA SUCCESS: NODE [LLAMA_3B] HTTP Status: 200 OK (Credit Preserved)
[2026-08-26T08:33:46.189Z] [ESEB-LOG] HASH SHARDING: Initializing mathematical hash mapping into 24 virtual threads...
[2026-08-26T08:33:46.190Z] [ESEB-LOG] HASH SHARDING SUCCESS: All 24 virtual sharded threads mapped & verified. Entropy δ = 0.
[2026-08-26T08:33:46.190Z] [ESEB-LOG] DISPATCH: Virtual Thread #1 | Hash: ff4a84b0c808 | Status: ACTIVE
[2026-08-26T08:33:46.190Z] [ESEB-LOG] DISPATCH: Virtual Thread #2 | Hash: 3c58e34956c1 | Status: ACTIVE
[2026-08-26T08:33:46.190Z] [ESEB-LOG] DISPATCH: Virtual Thread #3 | Hash: 58333d9cdb59 | Status: ACTIVE
[2026-08-26T08:33:46.190Z] [ESEB-LOG] DISPATCH: Virtual Thread #4 | Hash: 5fb9d93b253c | Status: ACTIVE
[2026-08-26T08:33:46.190Z] [ESEB-LOG] DISPATCH: Virtual Thread #5 | Hash: c549a4b0e6e1 | Status: ACTIVE
[2026-08-26T08:33:46.190Z] [ESEB-LOG] DISPATCH: Virtual Thread #6 | Hash: 0317121b2865 | Status: ACTIVE
[2026-08-26T08:33:46.190Z] [ESEB-LOG] DISPATCH: Virtual Thread #7 | Hash: 68fa34a62dc0 | Status: ACTIVE
[2026-08-26T08:33:46.190Z] [ESEB-LOG] DISPATCH: Virtual Thread #8 | Hash: 63ae65c83343 | Status: ACTIVE
[2026-08-26T08:33:46.190Z] [ESEB-LOG] DISPATCH: Virtual Thread #9 | Hash: 80b5141118ec | Status: ACTIVE
[2026-08-26T08:33:46.190Z] [ESEB-LOG] DISPATCH: Virtual Thread #10 | Hash: 8598f3f5ee4b | Status: ACTIVE
[2026-08-26T08:33:46.190Z] [ESEB-LOG] DISPATCH: Virtual Thread #11 | Hash: 5122b9840bdb | Status: ACTIVE
[2026-08-26T08:33:46.190Z] [ESEB-LOG] DISPATCH: Virtual Thread #12 | Hash: d2f6cba484cb | Status: ACTIVE
[2026-08-26T08:33:46.190Z] [ESEB-LOG] DISPATCH: Virtual Thread #13 | Hash: cec0b7c7ea8f | Status: ACTIVE
[2026-08-26T08:33:46.190Z] [ESEB-LOG] DISPATCH: Virtual Thread #14 | Hash: b4cd318d50fb | Status: ACTIVE
[2026-08-26T08:33:46.190Z] [ESEB-LOG] DISPATCH: Virtual Thread #15 | Hash: d6b614bdfdaa | Status: ACTIVE
[2026-08-26T08:33:46.190Z] [ESEB-LOG] DISPATCH: Virtual Thread #16 | Hash: 11a78550fcf5 | Status: ACTIVE
[2026-08-26T08:33:46.190Z] [ESEB-LOG] DISPATCH: Virtual Thread #17 | Hash: 77a16e4245d8 | Status: ACTIVE
[2026-08-26T08:33:46.190Z] [ESEB-LOG] DISPATCH: Virtual Thread #18 | Hash: 8104b9c1ace1 | Status: ACTIVE
[2026-08-26T08:33:46.190Z] [ESEB-LOG] DISPATCH: Virtual Thread #19 | Hash: e3014b5e56ed | Status: ACTIVE
[2026-08-26T08:33:46.190Z] [ESEB-LOG] DISPATCH: Virtual Thread #20 | Hash: 73ed954774af | Status: ACTIVE
[2026-08-26T08:33:46.190Z] [ESEB-LOG] DISPATCH: Virtual Thread #21 | Hash: e4380fbc583a | Status: ACTIVE
[2026-08-26T08:33:46.190Z] [ESEB-LOG] DISPATCH: Virtual Thread #22 | Hash: 0d83506f4311 | Status: ACTIVE
[2026-08-26T08:33:46.190Z] [ESEB-LOG] DISPATCH: Virtual Thread #23 | Hash: 53b0378a1b31 | Status: ACTIVE
[2026-08-26T08:33:46.190Z] [ESEB-LOG] DISPATCH: Virtual Thread #24 | Hash: 14dcd536fff1 | Status: ACTIVE
[2026-08-26T08:33:46.190Z] [ESEB-LOG] ESEB CLASSIC SUCCESS: Core Authenticated | V-STAMP-24 Verified.
[2026-08-26T08:33:46.190Z] [ESEB-LOG] END: Execution Completed. Sharded Virtual Threads Active: 24/24 | Entropy δ = 0.
[2026-08-26T12:35:01.203Z] [ESEB-LOG] START: Orchestration initialized for domain 8000kicks.donabico.com
[2026-08-26T12:35:01.203Z] [ESEB-LOG] ROUND-ROBIN SELECTOR: Active Node: GEMMA_7B (Context Enrichment & Smart Conversion)
[2026-08-26T12:35:11.265Z] [ESEB-LOG] AUTO-HEALED: Request timeout. Self-healing fallback engaged.
[2026-08-26T12:35:11.265Z] [ESEB-LOG] HASH SHARDING: Initializing mathematical hash mapping into 24 virtual threads...
[2026-08-26T12:35:11.266Z] [ESEB-LOG] HASH SHARDING SUCCESS: All 24 virtual sharded threads mapped & verified. Entropy δ = 0.
[2026-08-26T12:35:11.266Z] [ESEB-LOG] DISPATCH: Virtual Thread #1 | Hash: 0e08b5f9ac56 | Status: ACTIVE
[2026-08-26T12:35:11.266Z] [ESEB-LOG] DISPATCH: Virtual Thread #2 | Hash: 4e6db021e757 | Status: ACTIVE
[2026-08-26T12:35:11.266Z] [ESEB-LOG] DISPATCH: Virtual Thread #3 | Hash: a5eac20d1cb6 | Status: ACTIVE
[2026-08-26T12:35:11.266Z] [ESEB-LOG] DISPATCH: Virtual Thread #4 | Hash: b502c9b2ed2c | Status: ACTIVE
[2026-08-26T12:35:11.266Z] [ESEB-LOG] DISPATCH: Virtual Thread #5 | Hash: 074766615a9f | Status: ACTIVE
[2026-08-26T12:35:11.266Z] [ESEB-LOG] DISPATCH: Virtual Thread #6 | Hash: e404e567c3fb | Status: ACTIVE
[2026-08-26T12:35:11.266Z] [ESEB-LOG] DISPATCH: Virtual Thread #7 | Hash: 6352c36fabf5 | Status: ACTIVE
[2026-08-26T12:35:11.266Z] [ESEB-LOG] DISPATCH: Virtual Thread #8 | Hash: 56838d1e3e74 | Status: ACTIVE
[2026-08-26T12:35:11.266Z] [ESEB-LOG] DISPATCH: Virtual Thread #9 | Hash: 7b0b6f897453 | Status: ACTIVE
[2026-08-26T12:35:11.266Z] [ESEB-LOG] DISPATCH: Virtual Thread #10 | Hash: 0ed3e20cd49b | Status: ACTIVE
[2026-08-26T12:35:11.266Z] [ESEB-LOG] DISPATCH: Virtual Thread #11 | Hash: 298a2e4d066d | Status: ACTIVE
[2026-08-26T12:35:11.266Z] [ESEB-LOG] DISPATCH: Virtual Thread #12 | Hash: ec3794d42aa0 | Status: ACTIVE
[2026-08-26T12:35:11.266Z] [ESEB-LOG] DISPATCH: Virtual Thread #13 | Hash: fc91785a4360 | Status: ACTIVE
[2026-08-26T12:35:11.266Z] [ESEB-LOG] DISPATCH: Virtual Thread #14 | Hash: aaf1fc870642 | Status: ACTIVE
[2026-08-26T12:35:11.266Z] [ESEB-LOG] DISPATCH: Virtual Thread #15 | Hash: 3fd3e5dc1ef6 | Status: ACTIVE
[2026-08-26T12:35:11.266Z] [ESEB-LOG] DISPATCH: Virtual Thread #16 | Hash: 2956c86e4062 | Status: ACTIVE
[2026-08-26T12:35:11.266Z] [ESEB-LOG] DISPATCH: Virtual Thread #17 | Hash: c0c83c605055 | Status: ACTIVE
[2026-08-26T12:35:11.266Z] [ESEB-LOG] DISPATCH: Virtual Thread #18 | Hash: 9d7444ed4aa8 | Status: ACTIVE
[2026-08-26T12:35:11.266Z] [ESEB-LOG] DISPATCH: Virtual Thread #19 | Hash: d12e6b21060c | Status: ACTIVE
[2026-08-26T12:35:11.266Z] [ESEB-LOG] DISPATCH: Virtual Thread #20 | Hash: 97f84834fa1b | Status: ACTIVE
[2026-08-26T12:35:11.266Z] [ESEB-LOG] DISPATCH: Virtual Thread #21 | Hash: 4ee15c9773b8 | Status: ACTIVE
[2026-08-26T12:35:11.266Z] [ESEB-LOG] DISPATCH: Virtual Thread #22 | Hash: f7dfd3e3daed | Status: ACTIVE
[2026-08-26T12:35:11.266Z] [ESEB-LOG] DISPATCH: Virtual Thread #23 | Hash: 550c680dd1a4 | Status: ACTIVE
[2026-08-26T12:35:11.266Z] [ESEB-LOG] DISPATCH: Virtual Thread #24 | Hash: c03b2333a1db | Status: ACTIVE
[2026-08-26T12:35:11.266Z] [ESEB-LOG] ESEB CLASSIC SUCCESS: Core Authenticated | V-STAMP-24 Verified.
[2026-08-26T12:35:11.266Z] [ESEB-LOG] END: Execution Completed. Sharded Virtual Threads Active: 24/24 | Entropy δ = 0.
[2026-08-26T16:42:27.729Z] [ESEB-LOG] START: Orchestration initialized for domain 8000kicks.donabico.com
[2026-08-26T16:42:27.730Z] [ESEB-LOG] ROUND-ROBIN SELECTOR: Active Node: BGE_EMBEDDING (RAG Knowledge Vectorization)
[2026-08-26T16:42:28.059Z] [ESEB-LOG] SOTA SUCCESS: NODE [BGE_EMBEDDING] HTTP Status: 200 OK (Credit Preserved)
[2026-08-26T16:42:28.059Z] [ESEB-LOG] HASH SHARDING: Initializing mathematical hash mapping into 24 virtual threads...
[2026-08-26T16:42:28.060Z] [ESEB-LOG] HASH SHARDING SUCCESS: All 24 virtual sharded threads mapped & verified. Entropy δ = 0.
[2026-08-26T16:42:28.060Z] [ESEB-LOG] DISPATCH: Virtual Thread #1 | Hash: 6b3c4ad1459e | Status: ACTIVE
[2026-08-26T16:42:28.060Z] [ESEB-LOG] DISPATCH: Virtual Thread #2 | Hash: 8d33529a1ed5 | Status: ACTIVE
[2026-08-26T16:42:28.060Z] [ESEB-LOG] DISPATCH: Virtual Thread #3 | Hash: 66c297fff427 | Status: ACTIVE
[2026-08-26T16:42:28.060Z] [ESEB-LOG] DISPATCH: Virtual Thread #4 | Hash: 4b9edb00375e | Status: ACTIVE
[2026-08-26T16:42:28.060Z] [ESEB-LOG] DISPATCH: Virtual Thread #5 | Hash: b7e500ce389f | Status: ACTIVE
[2026-08-26T16:42:28.060Z] [ESEB-LOG] DISPATCH: Virtual Thread #6 | Hash: a66297969a76 | Status: ACTIVE
[2026-08-26T16:42:28.060Z] [ESEB-LOG] DISPATCH: Virtual Thread #7 | Hash: 3b20f13045bf | Status: ACTIVE
[2026-08-26T16:42:28.060Z] [ESEB-LOG] DISPATCH: Virtual Thread #8 | Hash: 76d6ff3fad62 | Status: ACTIVE
[2026-08-26T16:42:28.060Z] [ESEB-LOG] DISPATCH: Virtual Thread #9 | Hash: 2d555ee5ec22 | Status: ACTIVE
[2026-08-26T16:42:28.060Z] [ESEB-LOG] DISPATCH: Virtual Thread #10 | Hash: d33585451785 | Status: ACTIVE
[2026-08-26T16:42:28.060Z] [ESEB-LOG] DISPATCH: Virtual Thread #11 | Hash: 161ce0aa3842 | Status: ACTIVE
[2026-08-26T16:42:28.060Z] [ESEB-LOG] DISPATCH: Virtual Thread #12 | Hash: 9898569572ab | Status: ACTIVE
[2026-08-26T16:42:28.060Z] [ESEB-LOG] DISPATCH: Virtual Thread #13 | Hash: d41c0a394352 | Status: ACTIVE
[2026-08-26T16:42:28.060Z] [ESEB-LOG] DISPATCH: Virtual Thread #14 | Hash: 5d5926508aa0 | Status: ACTIVE
[2026-08-26T16:42:28.060Z] [ESEB-LOG] DISPATCH: Virtual Thread #15 | Hash: dcbaec3878ae | Status: ACTIVE
[2026-08-26T16:42:28.060Z] [ESEB-LOG] DISPATCH: Virtual Thread #16 | Hash: 777333ef0043 | Status: ACTIVE
[2026-08-26T16:42:28.061Z] [ESEB-LOG] DISPATCH: Virtual Thread #17 | Hash: 24f2680a1faa | Status: ACTIVE
[2026-08-26T16:42:28.061Z] [ESEB-LOG] DISPATCH: Virtual Thread #18 | Hash: 15f4c2b3f875 | Status: ACTIVE
[2026-08-26T16:42:28.061Z] [ESEB-LOG] DISPATCH: Virtual Thread #19 | Hash: 50f3ab546866 | Status: ACTIVE
[2026-08-26T16:42:28.061Z] [ESEB-LOG] DISPATCH: Virtual Thread #20 | Hash: 8a6c18a8d5b4 | Status: ACTIVE
[2026-08-26T16:42:28.061Z] [ESEB-LOG] DISPATCH: Virtual Thread #21 | Hash: 6e42370624cf | Status: ACTIVE
[2026-08-26T16:42:28.061Z] [ESEB-LOG] DISPATCH: Virtual Thread #22 | Hash: 9e1e3026d7d3 | Status: ACTIVE
[2026-08-26T16:42:28.061Z] [ESEB-LOG] DISPATCH: Virtual Thread #23 | Hash: 39f74ee89f73 | Status: ACTIVE
[2026-08-26T16:42:28.061Z] [ESEB-LOG] DISPATCH: Virtual Thread #24 | Hash: 9c85d906a90e | Status: ACTIVE
[2026-08-26T16:42:28.061Z] [ESEB-LOG] ESEB CLASSIC SUCCESS: Core Authenticated | V-STAMP-24 Verified.
[2026-08-26T16:42:28.061Z] [ESEB-LOG] END: Execution Completed. Sharded Virtual Threads Active: 24/24 | Entropy δ = 0.
[2026-08-26T22:36:59.990Z] [ESEB-LOG] START: Orchestration initialized for domain 8000kicks.donabico.com
[2026-08-26T22:36:59.990Z] [ESEB-LOG] ROUND-ROBIN SELECTOR: Active Node: SDXL_IMAGE (Affiliate Intelligent Banners & Posters)
[2026-08-26T22:37:03.241Z] [ESEB-LOG] SOTA SUCCESS: NODE [SDXL_IMAGE] HTTP Status: 200 OK (Credit Preserved)
[2026-08-26T22:37:03.242Z] [ESEB-LOG] HASH SHARDING: Initializing mathematical hash mapping into 24 virtual threads...
[2026-08-26T22:37:03.243Z] [ESEB-LOG] HASH SHARDING SUCCESS: All 24 virtual sharded threads mapped & verified. Entropy δ = 0.
[2026-08-26T22:37:03.243Z] [ESEB-LOG] DISPATCH: Virtual Thread #1 | Hash: c578178d9653 | Status: ACTIVE
[2026-08-26T22:37:03.243Z] [ESEB-LOG] DISPATCH: Virtual Thread #2 | Hash: 7050b3faf9b3 | Status: ACTIVE
[2026-08-26T22:37:03.243Z] [ESEB-LOG] DISPATCH: Virtual Thread #3 | Hash: b30b58b0cc0e | Status: ACTIVE
[2026-08-26T22:37:03.243Z] [ESEB-LOG] DISPATCH: Virtual Thread #4 | Hash: c8b93be15ac7 | Status: ACTIVE
[2026-08-26T22:37:03.243Z] [ESEB-LOG] DISPATCH: Virtual Thread #5 | Hash: 20319824b2d2 | Status: ACTIVE
[2026-08-26T22:37:03.243Z] [ESEB-LOG] DISPATCH: Virtual Thread #6 | Hash: c7b3ca61f21f | Status: ACTIVE
[2026-08-26T22:37:03.243Z] [ESEB-LOG] DISPATCH: Virtual Thread #7 | Hash: d06bf5ee52cb | Status: ACTIVE
[2026-08-26T22:37:03.243Z] [ESEB-LOG] DISPATCH: Virtual Thread #8 | Hash: 86cbd0df3f96 | Status: ACTIVE
[2026-08-26T22:37:03.243Z] [ESEB-LOG] DISPATCH: Virtual Thread #9 | Hash: 2f445d638333 | Status: ACTIVE
[2026-08-26T22:37:03.243Z] [ESEB-LOG] DISPATCH: Virtual Thread #10 | Hash: 59209325c9b1 | Status: ACTIVE
[2026-08-26T22:37:03.243Z] [ESEB-LOG] DISPATCH: Virtual Thread #11 | Hash: 519d5c5bfdc5 | Status: ACTIVE
[2026-08-26T22:37:03.243Z] [ESEB-LOG] DISPATCH: Virtual Thread #12 | Hash: f0f8d360bbc5 | Status: ACTIVE
[2026-08-26T22:37:03.243Z] [ESEB-LOG] DISPATCH: Virtual Thread #13 | Hash: d22eda2b3dac | Status: ACTIVE
[2026-08-26T22:37:03.243Z] [ESEB-LOG] DISPATCH: Virtual Thread #14 | Hash: 47b9a361ecf1 | Status: ACTIVE
[2026-08-26T22:37:03.243Z] [ESEB-LOG] DISPATCH: Virtual Thread #15 | Hash: f9025ab0e7a5 | Status: ACTIVE
[2026-08-26T22:37:03.243Z] [ESEB-LOG] DISPATCH: Virtual Thread #16 | Hash: df3dd2d88c95 | Status: ACTIVE
[2026-08-26T22:37:03.243Z] [ESEB-LOG] DISPATCH: Virtual Thread #17 | Hash: f5f9e2f9f761 | Status: ACTIVE
[2026-08-26T22:37:03.243Z] [ESEB-LOG] DISPATCH: Virtual Thread #18 | Hash: 59ef5b6fbd16 | Status: ACTIVE
[2026-08-26T22:37:03.243Z] [ESEB-LOG] DISPATCH: Virtual Thread #19 | Hash: f1e41283eb57 | Status: ACTIVE
[2026-08-26T22:37:03.243Z] [ESEB-LOG] DISPATCH: Virtual Thread #20 | Hash: f19ba55d4865 | Status: ACTIVE
[2026-08-26T22:37:03.243Z] [ESEB-LOG] DISPATCH: Virtual Thread #21 | Hash: 3bdc02f40b50 | Status: ACTIVE
[2026-08-26T22:37:03.243Z] [ESEB-LOG] DISPATCH: Virtual Thread #22 | Hash: f40b51ebf9cb | Status: ACTIVE
[2026-08-26T22:37:03.243Z] [ESEB-LOG] DISPATCH: Virtual Thread #23 | Hash: 3a52cab4177f | Status: ACTIVE
[2026-08-26T22:37:03.243Z] [ESEB-LOG] DISPATCH: Virtual Thread #24 | Hash: 1c75883e178d | Status: ACTIVE
[2026-08-26T22:37:03.243Z] [ESEB-LOG] ESEB CLASSIC SUCCESS: Core Authenticated | V-STAMP-24 Verified.
[2026-08-26T22:37:03.243Z] [ESEB-LOG] END: Execution Completed. Sharded Virtual Threads Active: 24/24 | Entropy δ = 0.
[2026-08-27T06:21:07.346Z] [ESEB-LOG] START: Orchestration initialized for domain 8000kicks.donabico.com
[2026-08-27T06:21:07.347Z] [ESEB-LOG] ROUND-ROBIN SELECTOR: Active Node: LLAMA_8B (Rapid RAG Fallback & Smart Sourcing)
[2026-08-27T06:21:09.515Z] [ESEB-LOG] SOTA SUCCESS: NODE [LLAMA_8B] HTTP Status: 200 OK (Credit Preserved)
[2026-08-27T06:21:09.516Z] [ESEB-LOG] HASH SHARDING: Initializing mathematical hash mapping into 24 virtual threads...
[2026-08-27T06:21:09.517Z] [ESEB-LOG] HASH SHARDING SUCCESS: All 24 virtual sharded threads mapped & verified. Entropy δ = 0.
[2026-08-27T06:21:09.517Z] [ESEB-LOG] DISPATCH: Virtual Thread #1 | Hash: affb121eb570 | Status: ACTIVE
[2026-08-27T06:21:09.517Z] [ESEB-LOG] DISPATCH: Virtual Thread #2 | Hash: 142e7efb38d6 | Status: ACTIVE
[2026-08-27T06:21:09.517Z] [ESEB-LOG] DISPATCH: Virtual Thread #3 | Hash: d3acdb44087c | Status: ACTIVE
[2026-08-27T06:21:09.517Z] [ESEB-LOG] DISPATCH: Virtual Thread #4 | Hash: 55f88fed4960 | Status: ACTIVE
[2026-08-27T06:21:09.517Z] [ESEB-LOG] DISPATCH: Virtual Thread #5 | Hash: d642926fb43c | Status: ACTIVE
[2026-08-27T06:21:09.517Z] [ESEB-LOG] DISPATCH: Virtual Thread #6 | Hash: 62ef40ecf3ca | Status: ACTIVE
[2026-08-27T06:21:09.517Z] [ESEB-LOG] DISPATCH: Virtual Thread #7 | Hash: 7fb14d939e58 | Status: ACTIVE
[2026-08-27T06:21:09.517Z] [ESEB-LOG] DISPATCH: Virtual Thread #8 | Hash: 01b7237ec680 | Status: ACTIVE
[2026-08-27T06:21:09.517Z] [ESEB-LOG] DISPATCH: Virtual Thread #9 | Hash: 7078cfddb062 | Status: ACTIVE
[2026-08-27T06:21:09.517Z] [ESEB-LOG] DISPATCH: Virtual Thread #10 | Hash: dc3609a6bb9e | Status: ACTIVE
[2026-08-27T06:21:09.517Z] [ESEB-LOG] DISPATCH: Virtual Thread #11 | Hash: 200413f99295 | Status: ACTIVE
[2026-08-27T06:21:09.517Z] [ESEB-LOG] DISPATCH: Virtual Thread #12 | Hash: 9288afaaa4ac | Status: ACTIVE
[2026-08-27T06:21:09.517Z] [ESEB-LOG] DISPATCH: Virtual Thread #13 | Hash: f4fb64fb6f7c | Status: ACTIVE
[2026-08-27T06:21:09.517Z] [ESEB-LOG] DISPATCH: Virtual Thread #14 | Hash: f359ca1b4ae5 | Status: ACTIVE
[2026-08-27T06:21:09.517Z] [ESEB-LOG] DISPATCH: Virtual Thread #15 | Hash: fc0a8666090f | Status: ACTIVE
[2026-08-27T06:21:09.517Z] [ESEB-LOG] DISPATCH: Virtual Thread #16 | Hash: 59ce16b1cce2 | Status: ACTIVE
[2026-08-27T06:21:09.517Z] [ESEB-LOG] DISPATCH: Virtual Thread #17 | Hash: 5088baf8bdb1 | Status: ACTIVE
[2026-08-27T06:21:09.517Z] [ESEB-LOG] DISPATCH: Virtual Thread #18 | Hash: a455fa248620 | Status: ACTIVE
[2026-08-27T06:21:09.517Z] [ESEB-LOG] DISPATCH: Virtual Thread #19 | Hash: 1ab14db85481 | Status: ACTIVE
[2026-08-27T06:21:09.517Z] [ESEB-LOG] DISPATCH: Virtual Thread #20 | Hash: 8937d3de3819 | Status: ACTIVE
[2026-08-27T06:21:09.517Z] [ESEB-LOG] DISPATCH: Virtual Thread #21 | Hash: 52ffd97badff | Status: ACTIVE
[2026-08-27T06:21:09.517Z] [ESEB-LOG] DISPATCH: Virtual Thread #22 | Hash: a78fb82a7ffa | Status: ACTIVE
[2026-08-27T06:21:09.517Z] [ESEB-LOG] DISPATCH: Virtual Thread #23 | Hash: 7e5f9c64c185 | Status: ACTIVE
[2026-08-27T06:21:09.517Z] [ESEB-LOG] DISPATCH: Virtual Thread #24 | Hash: 99f7dda8a520 | Status: ACTIVE
[2026-08-27T06:21:09.517Z] [ESEB-LOG] ESEB CLASSIC SUCCESS: Core Authenticated | V-STAMP-24 Verified.
[2026-08-27T06:21:09.517Z] [ESEB-LOG] END: Execution Completed. Sharded Virtual Threads Active: 24/24 | Entropy δ = 0.
[2026-08-27T18:42:01.493Z] [ESEB-LOG] START: Orchestration initialized for domain 8000kicks.donabico.com
[2026-08-27T18:42:01.493Z] [ESEB-LOG] ROUND-ROBIN SELECTOR: Active Node: LLAMA_3B (Edge Ultra-Fast Localization)
[2026-08-27T18:42:03.409Z] [ESEB-LOG] SOTA SUCCESS: NODE [LLAMA_3B] HTTP Status: 200 OK (Credit Preserved)
[2026-08-27T18:42:03.410Z] [ESEB-LOG] HASH SHARDING: Initializing mathematical hash mapping into 24 virtual threads...
[2026-08-27T18:42:03.410Z] [ESEB-LOG] HASH SHARDING SUCCESS: All 24 virtual sharded threads mapped & verified. Entropy δ = 0.
[2026-08-27T18:42:03.410Z] [ESEB-LOG] DISPATCH: Virtual Thread #1 | Hash: f74da818f8f3 | Status: ACTIVE
[2026-08-27T18:42:03.410Z] [ESEB-LOG] DISPATCH: Virtual Thread #2 | Hash: 4ab47a06171e | Status: ACTIVE
[2026-08-27T18:42:03.411Z] [ESEB-LOG] DISPATCH: Virtual Thread #3 | Hash: c7eea977c229 | Status: ACTIVE
[2026-08-27T18:42:03.411Z] [ESEB-LOG] DISPATCH: Virtual Thread #4 | Hash: bbf3a03413e0 | Status: ACTIVE
[2026-08-27T18:42:03.411Z] [ESEB-LOG] DISPATCH: Virtual Thread #5 | Hash: f5ecf1f6f78d | Status: ACTIVE
[2026-08-27T18:42:03.411Z] [ESEB-LOG] DISPATCH: Virtual Thread #6 | Hash: 6783f6f41812 | Status: ACTIVE
[2026-08-27T18:42:03.411Z] [ESEB-LOG] DISPATCH: Virtual Thread #7 | Hash: d2f5b58826a3 | Status: ACTIVE
[2026-08-27T18:42:03.411Z] [ESEB-LOG] DISPATCH: Virtual Thread #8 | Hash: e71e67110b11 | Status: ACTIVE
[2026-08-27T18:42:03.411Z] [ESEB-LOG] DISPATCH: Virtual Thread #9 | Hash: 0f9bf3cb9ebc | Status: ACTIVE
[2026-08-27T18:42:03.411Z] [ESEB-LOG] DISPATCH: Virtual Thread #10 | Hash: cd5ad633115d | Status: ACTIVE
[2026-08-27T18:42:03.411Z] [ESEB-LOG] DISPATCH: Virtual Thread #11 | Hash: dd62cad8f000 | Status: ACTIVE
[2026-08-27T18:42:03.411Z] [ESEB-LOG] DISPATCH: Virtual Thread #12 | Hash: fcc73e0fd783 | Status: ACTIVE
[2026-08-27T18:42:03.411Z] [ESEB-LOG] DISPATCH: Virtual Thread #13 | Hash: 96ae35ebfea7 | Status: ACTIVE
[2026-08-27T18:42:03.411Z] [ESEB-LOG] DISPATCH: Virtual Thread #14 | Hash: 4764bb6ea44c | Status: ACTIVE
[2026-08-27T18:42:03.411Z] [ESEB-LOG] DISPATCH: Virtual Thread #15 | Hash: d3747d299b64 | Status: ACTIVE
[2026-08-27T18:42:03.411Z] [ESEB-LOG] DISPATCH: Virtual Thread #16 | Hash: cf7fe6754a7d | Status: ACTIVE
[2026-08-27T18:42:03.411Z] [ESEB-LOG] DISPATCH: Virtual Thread #17 | Hash: dd3e2084ce80 | Status: ACTIVE
[2026-08-27T18:42:03.411Z] [ESEB-LOG] DISPATCH: Virtual Thread #18 | Hash: 91c1a13fcb55 | Status: ACTIVE
[2026-08-27T18:42:03.411Z] [ESEB-LOG] DISPATCH: Virtual Thread #19 | Hash: 4cb4e6dd7577 | Status: ACTIVE
[2026-08-27T18:42:03.411Z] [ESEB-LOG] DISPATCH: Virtual Thread #20 | Hash: fa20439ec960 | Status: ACTIVE
[2026-08-27T18:42:03.411Z] [ESEB-LOG] DISPATCH: Virtual Thread #21 | Hash: 5a3e8bebe2f7 | Status: ACTIVE
[2026-08-27T18:42:03.411Z] [ESEB-LOG] DISPATCH: Virtual Thread #22 | Hash: 6b2b471238ae | Status: ACTIVE
[2026-08-27T18:42:03.411Z] [ESEB-LOG] DISPATCH: Virtual Thread #23 | Hash: a2f0cd103d24 | Status: ACTIVE
[2026-08-27T18:42:03.411Z] [ESEB-LOG] DISPATCH: Virtual Thread #24 | Hash: 8fd3cc5addd8 | Status: ACTIVE
[2026-08-27T18:42:03.411Z] [ESEB-LOG] ESEB CLASSIC SUCCESS: Core Authenticated | V-STAMP-24 Verified.
[2026-08-27T18:42:03.411Z] [ESEB-LOG] END: Execution Completed. Sharded Virtual Threads Active: 24/24 | Entropy δ = 0.
[2026-08-28T03:56:22.881Z] [ESEB-LOG] START: Orchestration initialized for domain 8000kicks.donabico.com
[2026-08-28T03:56:22.881Z] [ESEB-LOG] ROUND-ROBIN SELECTOR: Active Node: BGE_EMBEDDING (RAG Knowledge Vectorization)
[2026-08-28T03:56:23.252Z] [ESEB-LOG] SOTA SUCCESS: NODE [BGE_EMBEDDING] HTTP Status: 200 OK (Credit Preserved)
[2026-08-28T03:56:23.253Z] [ESEB-LOG] HASH SHARDING: Initializing mathematical hash mapping into 24 virtual threads...
[2026-08-28T03:56:23.254Z] [ESEB-LOG] HASH SHARDING SUCCESS: All 24 virtual sharded threads mapped & verified. Entropy δ = 0.
[2026-08-28T03:56:23.254Z] [ESEB-LOG] DISPATCH: Virtual Thread #1 | Hash: db4889197815 | Status: ACTIVE
[2026-08-28T03:56:23.254Z] [ESEB-LOG] DISPATCH: Virtual Thread #2 | Hash: d00f2fef6d6f | Status: ACTIVE
[2026-08-28T03:56:23.254Z] [ESEB-LOG] DISPATCH: Virtual Thread #3 | Hash: 1f3b10940d9f | Status: ACTIVE
[2026-08-28T03:56:23.254Z] [ESEB-LOG] DISPATCH: Virtual Thread #4 | Hash: 6b7fe35b75fd | Status: ACTIVE
[2026-08-28T03:56:23.254Z] [ESEB-LOG] DISPATCH: Virtual Thread #5 | Hash: d130b437f85b | Status: ACTIVE
[2026-08-28T03:56:23.254Z] [ESEB-LOG] DISPATCH: Virtual Thread #6 | Hash: ec22c34053cf | Status: ACTIVE
[2026-08-28T03:56:23.254Z] [ESEB-LOG] DISPATCH: Virtual Thread #7 | Hash: 13437da94af8 | Status: ACTIVE
[2026-08-28T03:56:23.254Z] [ESEB-LOG] DISPATCH: Virtual Thread #8 | Hash: c1d5ed10f222 | Status: ACTIVE
[2026-08-28T03:56:23.254Z] [ESEB-LOG] DISPATCH: Virtual Thread #9 | Hash: 432b9dd168d7 | Status: ACTIVE
[2026-08-28T03:56:23.254Z] [ESEB-LOG] DISPATCH: Virtual Thread #10 | Hash: 61a583accb00 | Status: ACTIVE
[2026-08-28T03:56:23.254Z] [ESEB-LOG] DISPATCH: Virtual Thread #11 | Hash: c713b875c362 | Status: ACTIVE
[2026-08-28T03:56:23.254Z] [ESEB-LOG] DISPATCH: Virtual Thread #12 | Hash: d1d6317fa384 | Status: ACTIVE
[2026-08-28T03:56:23.254Z] [ESEB-LOG] DISPATCH: Virtual Thread #13 | Hash: 316b49b776e2 | Status: ACTIVE
[2026-08-28T03:56:23.254Z] [ESEB-LOG] DISPATCH: Virtual Thread #14 | Hash: a010d21a434c | Status: ACTIVE
[2026-08-28T03:56:23.254Z] [ESEB-LOG] DISPATCH: Virtual Thread #15 | Hash: 943a6485ea7b | Status: ACTIVE
[2026-08-28T03:56:23.254Z] [ESEB-LOG] DISPATCH: Virtual Thread #16 | Hash: 5f86744d3006 | Status: ACTIVE
[2026-08-28T03:56:23.254Z] [ESEB-LOG] DISPATCH: Virtual Thread #17 | Hash: 56351a18f223 | Status: ACTIVE
[2026-08-28T03:56:23.254Z] [ESEB-LOG] DISPATCH: Virtual Thread #18 | Hash: 235a4ef1e6e5 | Status: ACTIVE
[2026-08-28T03:56:23.254Z] [ESEB-LOG] DISPATCH: Virtual Thread #19 | Hash: 5f0183fdfdcd | Status: ACTIVE
[2026-08-28T03:56:23.254Z] [ESEB-LOG] DISPATCH: Virtual Thread #20 | Hash: a20c51ca457c | Status: ACTIVE
[2026-08-28T03:56:23.254Z] [ESEB-LOG] DISPATCH: Virtual Thread #21 | Hash: e890192430b3 | Status: ACTIVE
[2026-08-28T03:56:23.254Z] [ESEB-LOG] DISPATCH: Virtual Thread #22 | Hash: 2218d85bfd6a | Status: ACTIVE
[2026-08-28T03:56:23.254Z] [ESEB-LOG] DISPATCH: Virtual Thread #23 | Hash: 60555f19c5dd | Status: ACTIVE
[2026-08-28T03:56:23.254Z] [ESEB-LOG] DISPATCH: Virtual Thread #24 | Hash: 3b7c8d9fa765 | Status: ACTIVE
[2026-08-28T03:56:23.254Z] [ESEB-LOG] ESEB CLASSIC SUCCESS: Core Authenticated | V-STAMP-24 Verified.
[2026-08-28T03:56:23.254Z] [ESEB-LOG] END: Execution Completed. Sharded Virtual Threads Active: 24/24 | Entropy δ = 0.
[2026-08-28T15:51:52.542Z] [ESEB-LOG] START: Orchestration initialized for domain 8000kicks.donabico.com
[2026-08-28T15:51:52.542Z] [ESEB-LOG] ROUND-ROBIN SELECTOR: Active Node: LLAMA_8B (Rapid RAG Fallback & Smart Sourcing)
[2026-08-28T15:51:54.643Z] [ESEB-LOG] SOTA SUCCESS: NODE [LLAMA_8B] HTTP Status: 200 OK (Credit Preserved)
[2026-08-28T15:51:54.644Z] [ESEB-LOG] HASH SHARDING: Initializing mathematical hash mapping into 24 virtual threads...
[2026-08-28T15:51:54.644Z] [ESEB-LOG] HASH SHARDING SUCCESS: All 24 virtual sharded threads mapped & verified. Entropy δ = 0.
[2026-08-28T15:51:54.644Z] [ESEB-LOG] DISPATCH: Virtual Thread #1 | Hash: e36fb48b48d1 | Status: ACTIVE
[2026-08-28T15:51:54.644Z] [ESEB-LOG] DISPATCH: Virtual Thread #2 | Hash: ef0cc024e96d | Status: ACTIVE
[2026-08-28T15:51:54.644Z] [ESEB-LOG] DISPATCH: Virtual Thread #3 | Hash: c4b1cd3e79e8 | Status: ACTIVE
[2026-08-28T15:51:54.644Z] [ESEB-LOG] DISPATCH: Virtual Thread #4 | Hash: f7feff218340 | Status: ACTIVE
[2026-08-28T15:51:54.644Z] [ESEB-LOG] DISPATCH: Virtual Thread #5 | Hash: 39287a5e485c | Status: ACTIVE
[2026-08-28T15:51:54.644Z] [ESEB-LOG] DISPATCH: Virtual Thread #6 | Hash: fb0fa3b596c3 | Status: ACTIVE
[2026-08-28T15:51:54.644Z] [ESEB-LOG] DISPATCH: Virtual Thread #7 | Hash: c223569785f5 | Status: ACTIVE
[2026-08-28T15:51:54.644Z] [ESEB-LOG] DISPATCH: Virtual Thread #8 | Hash: 3e122aeef8e2 | Status: ACTIVE
[2026-08-28T15:51:54.644Z] [ESEB-LOG] DISPATCH: Virtual Thread #9 | Hash: 6632c81ab803 | Status: ACTIVE
[2026-08-28T15:51:54.644Z] [ESEB-LOG] DISPATCH: Virtual Thread #10 | Hash: 8fdec008ee74 | Status: ACTIVE
[2026-08-28T15:51:54.644Z] [ESEB-LOG] DISPATCH: Virtual Thread #11 | Hash: f22076d340ea | Status: ACTIVE
[2026-08-28T15:51:54.644Z] [ESEB-LOG] DISPATCH: Virtual Thread #12 | Hash: 651130dfebb1 | Status: ACTIVE
[2026-08-28T15:51:54.644Z] [ESEB-LOG] DISPATCH: Virtual Thread #13 | Hash: 4a991628c9d5 | Status: ACTIVE
[2026-08-28T15:51:54.644Z] [ESEB-LOG] DISPATCH: Virtual Thread #14 | Hash: 19cab9c25361 | Status: ACTIVE
[2026-08-28T15:51:54.644Z] [ESEB-LOG] DISPATCH: Virtual Thread #15 | Hash: 3b7635df635f | Status: ACTIVE
[2026-08-28T15:51:54.644Z] [ESEB-LOG] DISPATCH: Virtual Thread #16 | Hash: df35f4320079 | Status: ACTIVE
[2026-08-28T15:51:54.644Z] [ESEB-LOG] DISPATCH: Virtual Thread #17 | Hash: efd9ea870593 | Status: ACTIVE
[2026-08-28T15:51:54.644Z] [ESEB-LOG] DISPATCH: Virtual Thread #18 | Hash: af09e5f2f01b | Status: ACTIVE
[2026-08-28T15:51:54.644Z] [ESEB-LOG] DISPATCH: Virtual Thread #19 | Hash: 4b9ab5c3b091 | Status: ACTIVE
[2026-08-28T15:51:54.644Z] [ESEB-LOG] DISPATCH: Virtual Thread #20 | Hash: 34a391235abc | Status: ACTIVE
[2026-08-28T15:51:54.644Z] [ESEB-LOG] DISPATCH: Virtual Thread #21 | Hash: d82dda5b2045 | Status: ACTIVE
[2026-08-28T15:51:54.644Z] [ESEB-LOG] DISPATCH: Virtual Thread #22 | Hash: 61dcd020843f | Status: ACTIVE
[2026-08-28T15:51:54.644Z] [ESEB-LOG] DISPATCH: Virtual Thread #23 | Hash: 2e1e7938825b | Status: ACTIVE
[2026-08-28T15:51:54.644Z] [ESEB-LOG] DISPATCH: Virtual Thread #24 | Hash: 1ed6998aea8f | Status: ACTIVE
[2026-08-28T15:51:54.644Z] [ESEB-LOG] ESEB CLASSIC SUCCESS: Core Authenticated | V-STAMP-24 Verified.
[2026-08-28T15:51:54.644Z] [ESEB-LOG] END: Execution Completed. Sharded Virtual Threads Active: 24/24 | Entropy δ = 0.
[2026-08-29T00:16:57.258Z] [ESEB-LOG] START: Orchestration initialized for domain 8000kicks.donabico.com
[2026-08-29T00:16:57.258Z] [ESEB-LOG] ROUND-ROBIN SELECTOR: Active Node: LLAMA_3B (Edge Ultra-Fast Localization)
[2026-08-29T00:16:58.477Z] [ESEB-LOG] SOTA SUCCESS: NODE [LLAMA_3B] HTTP Status: 200 OK (Credit Preserved)
[2026-08-29T00:16:58.478Z] [ESEB-LOG] HASH SHARDING: Initializing mathematical hash mapping into 24 virtual threads...
[2026-08-29T00:16:58.478Z] [ESEB-LOG] HASH SHARDING SUCCESS: All 24 virtual sharded threads mapped & verified. Entropy δ = 0.
[2026-08-29T00:16:58.479Z] [ESEB-LOG] DISPATCH: Virtual Thread #1 | Hash: 1ebd6970220f | Status: ACTIVE
[2026-08-29T00:16:58.479Z] [ESEB-LOG] DISPATCH: Virtual Thread #2 | Hash: eadd179e071e | Status: ACTIVE
[2026-08-29T00:16:58.479Z] [ESEB-LOG] DISPATCH: Virtual Thread #3 | Hash: b5f6ca3a7e47 | Status: ACTIVE
[2026-08-29T00:16:58.479Z] [ESEB-LOG] DISPATCH: Virtual Thread #4 | Hash: a14fb4fc7ed4 | Status: ACTIVE
[2026-08-29T00:16:58.479Z] [ESEB-LOG] DISPATCH: Virtual Thread #5 | Hash: d3e2e6079394 | Status: ACTIVE
[2026-08-29T00:16:58.479Z] [ESEB-LOG] DISPATCH: Virtual Thread #6 | Hash: 4c67b1f13a23 | Status: ACTIVE
[2026-08-29T00:16:58.479Z] [ESEB-LOG] DISPATCH: Virtual Thread #7 | Hash: 68d5c9c76eb3 | Status: ACTIVE
[2026-08-29T00:16:58.479Z] [ESEB-LOG] DISPATCH: Virtual Thread #8 | Hash: 27d9ca4390fc | Status: ACTIVE
[2026-08-29T00:16:58.479Z] [ESEB-LOG] DISPATCH: Virtual Thread #9 | Hash: 7018ce7e8069 | Status: ACTIVE
[2026-08-29T00:16:58.479Z] [ESEB-LOG] DISPATCH: Virtual Thread #10 | Hash: 284800fd062c | Status: ACTIVE
[2026-08-29T00:16:58.479Z] [ESEB-LOG] DISPATCH: Virtual Thread #11 | Hash: 718af3812913 | Status: ACTIVE
[2026-08-29T00:16:58.479Z] [ESEB-LOG] DISPATCH: Virtual Thread #12 | Hash: a9d734210130 | Status: ACTIVE
[2026-08-29T00:16:58.479Z] [ESEB-LOG] DISPATCH: Virtual Thread #13 | Hash: 92b2908e65b2 | Status: ACTIVE
[2026-08-29T00:16:58.479Z] [ESEB-LOG] DISPATCH: Virtual Thread #14 | Hash: f01f70f8089b | Status: ACTIVE
[2026-08-29T00:16:58.479Z] [ESEB-LOG] DISPATCH: Virtual Thread #15 | Hash: 0a4ee7302606 | Status: ACTIVE
[2026-08-29T00:16:58.479Z] [ESEB-LOG] DISPATCH: Virtual Thread #16 | Hash: 3bad3084f02b | Status: ACTIVE
[2026-08-29T00:16:58.479Z] [ESEB-LOG] DISPATCH: Virtual Thread #17 | Hash: 9e7753c88555 | Status: ACTIVE
[2026-08-29T00:16:58.479Z] [ESEB-LOG] DISPATCH: Virtual Thread #18 | Hash: e376616f1090 | Status: ACTIVE
[2026-08-29T00:16:58.479Z] [ESEB-LOG] DISPATCH: Virtual Thread #19 | Hash: fa3063c06356 | Status: ACTIVE
[2026-08-29T00:16:58.479Z] [ESEB-LOG] DISPATCH: Virtual Thread #20 | Hash: 82b7a831a65a | Status: ACTIVE
[2026-08-29T00:16:58.479Z] [ESEB-LOG] DISPATCH: Virtual Thread #21 | Hash: dd684046bac4 | Status: ACTIVE
[2026-08-29T00:16:58.479Z] [ESEB-LOG] DISPATCH: Virtual Thread #22 | Hash: 09a7578c476c | Status: ACTIVE
[2026-08-29T00:16:58.479Z] [ESEB-LOG] DISPATCH: Virtual Thread #23 | Hash: 1e9964768bc7 | Status: ACTIVE
[2026-08-29T00:16:58.479Z] [ESEB-LOG] DISPATCH: Virtual Thread #24 | Hash: 2d55e4e3315d | Status: ACTIVE
[2026-08-29T00:16:58.479Z] [ESEB-LOG] ESEB CLASSIC SUCCESS: Core Authenticated | V-STAMP-24 Verified.
[2026-08-29T00:16:58.479Z] [ESEB-LOG] END: Execution Completed. Sharded Virtual Threads Active: 24/24 | Entropy δ = 0.
[2026-08-29T10:36:58.266Z] [ESEB-LOG] START: Orchestration initialized for domain 8000kicks.donabico.com
[2026-08-29T10:36:58.267Z] [ESEB-LOG] ROUND-ROBIN SELECTOR: Active Node: BGE_EMBEDDING (RAG Knowledge Vectorization)
[2026-08-29T10:36:58.662Z] [ESEB-LOG] SOTA SUCCESS: NODE [BGE_EMBEDDING] HTTP Status: 200 OK (Credit Preserved)
[2026-08-29T10:36:58.662Z] [ESEB-LOG] HASH SHARDING: Initializing mathematical hash mapping into 24 virtual threads...
[2026-08-29T10:36:58.663Z] [ESEB-LOG] HASH SHARDING SUCCESS: All 24 virtual sharded threads mapped & verified. Entropy δ = 0.
[2026-08-29T10:36:58.663Z] [ESEB-LOG] DISPATCH: Virtual Thread #1 | Hash: 20e48ae3a9d9 | Status: ACTIVE
[2026-08-29T10:36:58.663Z] [ESEB-LOG] DISPATCH: Virtual Thread #2 | Hash: 0b539c5bd1f5 | Status: ACTIVE
[2026-08-29T10:36:58.663Z] [ESEB-LOG] DISPATCH: Virtual Thread #3 | Hash: 8001d669bce4 | Status: ACTIVE
[2026-08-29T10:36:58.663Z] [ESEB-LOG] DISPATCH: Virtual Thread #4 | Hash: 7ea9029e4c12 | Status: ACTIVE
[2026-08-29T10:36:58.663Z] [ESEB-LOG] DISPATCH: Virtual Thread #5 | Hash: 183dbd3596e1 | Status: ACTIVE
[2026-08-29T10:36:58.663Z] [ESEB-LOG] DISPATCH: Virtual Thread #6 | Hash: f0cb65610e9f | Status: ACTIVE
[2026-08-29T10:36:58.663Z] [ESEB-LOG] DISPATCH: Virtual Thread #7 | Hash: ae178f222547 | Status: ACTIVE
[2026-08-29T10:36:58.663Z] [ESEB-LOG] DISPATCH: Virtual Thread #8 | Hash: 0730c69c155f | Status: ACTIVE
[2026-08-29T10:36:58.663Z] [ESEB-LOG] DISPATCH: Virtual Thread #9 | Hash: dad9574be1ca | Status: ACTIVE
[2026-08-29T10:36:58.663Z] [ESEB-LOG] DISPATCH: Virtual Thread #10 | Hash: 10da244c81e5 | Status: ACTIVE
[2026-08-29T10:36:58.663Z] [ESEB-LOG] DISPATCH: Virtual Thread #11 | Hash: 4fdf16f4b189 | Status: ACTIVE
[2026-08-29T10:36:58.663Z] [ESEB-LOG] DISPATCH: Virtual Thread #12 | Hash: a801ec2a39c3 | Status: ACTIVE
[2026-08-29T10:36:58.663Z] [ESEB-LOG] DISPATCH: Virtual Thread #13 | Hash: 13e930045bc3 | Status: ACTIVE
[2026-08-29T10:36:58.663Z] [ESEB-LOG] DISPATCH: Virtual Thread #14 | Hash: 324dbfb4a34b | Status: ACTIVE
[2026-08-29T10:36:58.664Z] [ESEB-LOG] DISPATCH: Virtual Thread #15 | Hash: 9cb54296faec | Status: ACTIVE
[2026-08-29T10:36:58.664Z] [ESEB-LOG] DISPATCH: Virtual Thread #16 | Hash: 21e09e294e4f | Status: ACTIVE
[2026-08-29T10:36:58.664Z] [ESEB-LOG] DISPATCH: Virtual Thread #17 | Hash: f8674b1b677b | Status: ACTIVE
[2026-08-29T10:36:58.664Z] [ESEB-LOG] DISPATCH: Virtual Thread #18 | Hash: 3b10e536a043 | Status: ACTIVE
[2026-08-29T10:36:58.664Z] [ESEB-LOG] DISPATCH: Virtual Thread #19 | Hash: 7bf067759b2b | Status: ACTIVE
[2026-08-29T10:36:58.664Z] [ESEB-LOG] DISPATCH: Virtual Thread #20 | Hash: 5b55005a53e4 | Status: ACTIVE
[2026-08-29T10:36:58.664Z] [ESEB-LOG] DISPATCH: Virtual Thread #21 | Hash: 40ec04ff7189 | Status: ACTIVE
[2026-08-29T10:36:58.664Z] [ESEB-LOG] DISPATCH: Virtual Thread #22 | Hash: 1e94e2822fa1 | Status: ACTIVE
[2026-08-29T10:36:58.664Z] [ESEB-LOG] DISPATCH: Virtual Thread #23 | Hash: 3d64a74003c2 | Status: ACTIVE
[2026-08-29T10:36:58.664Z] [ESEB-LOG] DISPATCH: Virtual Thread #24 | Hash: ef770d441564 | Status: ACTIVE
[2026-08-29T10:36:58.664Z] [ESEB-LOG] ESEB CLASSIC SUCCESS: Core Authenticated | V-STAMP-24 Verified.
[2026-08-29T10:36:58.664Z] [ESEB-LOG] END: Execution Completed. Sharded Virtual Threads Active: 24/24 | Entropy δ = 0.
[2026-08-29T15:59:03.524Z] [ESEB-LOG] START: Orchestration initialized for domain 8000kicks.donabico.com
[2026-08-29T15:59:03.524Z] [ESEB-LOG] ROUND-ROBIN SELECTOR: Active Node: SDXL_IMAGE (Affiliate Intelligent Banners & Posters)
[2026-08-29T15:59:06.616Z] [ESEB-LOG] SOTA SUCCESS: NODE [SDXL_IMAGE] HTTP Status: 200 OK (Credit Preserved)
[2026-08-29T15:59:06.616Z] [ESEB-LOG] HASH SHARDING: Initializing mathematical hash mapping into 24 virtual threads...
[2026-08-29T15:59:06.617Z] [ESEB-LOG] HASH SHARDING SUCCESS: All 24 virtual sharded threads mapped & verified. Entropy δ = 0.
[2026-08-29T15:59:06.617Z] [ESEB-LOG] DISPATCH: Virtual Thread #1 | Hash: 417ae9d718e2 | Status: ACTIVE
[2026-08-29T15:59:06.617Z] [ESEB-LOG] DISPATCH: Virtual Thread #2 | Hash: f98c771a41df | Status: ACTIVE
[2026-08-29T15:59:06.617Z] [ESEB-LOG] DISPATCH: Virtual Thread #3 | Hash: 934aad1d64c0 | Status: ACTIVE
[2026-08-29T15:59:06.617Z] [ESEB-LOG] DISPATCH: Virtual Thread #4 | Hash: 1b56160ac849 | Status: ACTIVE
[2026-08-29T15:59:06.617Z] [ESEB-LOG] DISPATCH: Virtual Thread #5 | Hash: bbd39041d163 | Status: ACTIVE
[2026-08-29T15:59:06.617Z] [ESEB-LOG] DISPATCH: Virtual Thread #6 | Hash: 3d9baba62b4e | Status: ACTIVE
[2026-08-29T15:59:06.617Z] [ESEB-LOG] DISPATCH: Virtual Thread #7 | Hash: d313179386cb | Status: ACTIVE
[2026-08-29T15:59:06.617Z] [ESEB-LOG] DISPATCH: Virtual Thread #8 | Hash: b875d4a2cc54 | Status: ACTIVE
[2026-08-29T15:59:06.617Z] [ESEB-LOG] DISPATCH: Virtual Thread #9 | Hash: 0a2c116569a3 | Status: ACTIVE
[2026-08-29T15:59:06.617Z] [ESEB-LOG] DISPATCH: Virtual Thread #10 | Hash: 2877015f25b3 | Status: ACTIVE
[2026-08-29T15:59:06.617Z] [ESEB-LOG] DISPATCH: Virtual Thread #11 | Hash: 1f89910b7e3c | Status: ACTIVE
[2026-08-29T15:59:06.617Z] [ESEB-LOG] DISPATCH: Virtual Thread #12 | Hash: 61fc5d29b1f8 | Status: ACTIVE
[2026-08-29T15:59:06.617Z] [ESEB-LOG] DISPATCH: Virtual Thread #13 | Hash: 6fb9414a72fe | Status: ACTIVE
[2026-08-29T15:59:06.617Z] [ESEB-LOG] DISPATCH: Virtual Thread #14 | Hash: 6299bc621cb8 | Status: ACTIVE
[2026-08-29T15:59:06.617Z] [ESEB-LOG] DISPATCH: Virtual Thread #15 | Hash: 594a19ef7b0f | Status: ACTIVE
[2026-08-29T15:59:06.617Z] [ESEB-LOG] DISPATCH: Virtual Thread #16 | Hash: 0be7831aaa06 | Status: ACTIVE
[2026-08-29T15:59:06.617Z] [ESEB-LOG] DISPATCH: Virtual Thread #17 | Hash: 1cb3b2f7ac1e | Status: ACTIVE
[2026-08-29T15:59:06.617Z] [ESEB-LOG] DISPATCH: Virtual Thread #18 | Hash: d091c0f7090a | Status: ACTIVE
[2026-08-29T15:59:06.617Z] [ESEB-LOG] DISPATCH: Virtual Thread #19 | Hash: 05db01a8d48b | Status: ACTIVE
[2026-08-29T15:59:06.617Z] [ESEB-LOG] DISPATCH: Virtual Thread #20 | Hash: 66bce6de0097 | Status: ACTIVE
[2026-08-29T15:59:06.617Z] [ESEB-LOG] DISPATCH: Virtual Thread #21 | Hash: 379cc488b5a7 | Status: ACTIVE
[2026-08-29T15:59:06.617Z] [ESEB-LOG] DISPATCH: Virtual Thread #22 | Hash: 3637098ece0c | Status: ACTIVE
[2026-08-29T15:59:06.617Z] [ESEB-LOG] DISPATCH: Virtual Thread #23 | Hash: 610493b8a30e | Status: ACTIVE
[2026-08-29T15:59:06.617Z] [ESEB-LOG] DISPATCH: Virtual Thread #24 | Hash: 869237233a30 | Status: ACTIVE
[2026-08-29T15:59:06.617Z] [ESEB-LOG] ESEB CLASSIC SUCCESS: Core Authenticated | V-STAMP-24 Verified.
[2026-08-29T15:59:06.617Z] [ESEB-LOG] END: Execution Completed. Sharded Virtual Threads Active: 24/24 | Entropy δ = 0.
[2026-08-29T19:16:32.535Z] [ESEB-LOG] START: Orchestration initialized for domain 8000kicks.donabico.com
[2026-08-29T19:16:32.535Z] [ESEB-LOG] ROUND-ROBIN SELECTOR: Active Node: LLAMA_70B (Super Smart Intelligent Reviews & Deep Synthesis)
[2026-08-29T19:16:36.356Z] [ESEB-LOG] SOTA SUCCESS: NODE [LLAMA_70B] HTTP Status: 200 OK (Credit Preserved)
[2026-08-29T19:16:36.357Z] [ESEB-LOG] HASH SHARDING: Initializing mathematical hash mapping into 24 virtual threads...
[2026-08-29T19:16:36.358Z] [ESEB-LOG] HASH SHARDING SUCCESS: All 24 virtual sharded threads mapped & verified. Entropy δ = 0.
[2026-08-29T19:16:36.358Z] [ESEB-LOG] DISPATCH: Virtual Thread #1 | Hash: 87966ff447fc | Status: ACTIVE
[2026-08-29T19:16:36.358Z] [ESEB-LOG] DISPATCH: Virtual Thread #2 | Hash: 8cac994ca9eb | Status: ACTIVE
[2026-08-29T19:16:36.358Z] [ESEB-LOG] DISPATCH: Virtual Thread #3 | Hash: eaa2e5ec4855 | Status: ACTIVE
[2026-08-29T19:16:36.358Z] [ESEB-LOG] DISPATCH: Virtual Thread #4 | Hash: f192b55e0de8 | Status: ACTIVE
[2026-08-29T19:16:36.358Z] [ESEB-LOG] DISPATCH: Virtual Thread #5 | Hash: 133e47b57d28 | Status: ACTIVE
[2026-08-29T19:16:36.358Z] [ESEB-LOG] DISPATCH: Virtual Thread #6 | Hash: a9660a921cb0 | Status: ACTIVE
[2026-08-29T19:16:36.358Z] [ESEB-LOG] DISPATCH: Virtual Thread #7 | Hash: f7527678f343 | Status: ACTIVE
[2026-08-29T19:16:36.358Z] [ESEB-LOG] DISPATCH: Virtual Thread #8 | Hash: 1ff3aecb683f | Status: ACTIVE
[2026-08-29T19:16:36.358Z] [ESEB-LOG] DISPATCH: Virtual Thread #9 | Hash: 61269220f71d | Status: ACTIVE
[2026-08-29T19:16:36.358Z] [ESEB-LOG] DISPATCH: Virtual Thread #10 | Hash: 3355d0e399b8 | Status: ACTIVE
[2026-08-29T19:16:36.358Z] [ESEB-LOG] DISPATCH: Virtual Thread #11 | Hash: 4f7fb0523ead | Status: ACTIVE
[2026-08-29T19:16:36.358Z] [ESEB-LOG] DISPATCH: Virtual Thread #12 | Hash: 1b86e28a57ae | Status: ACTIVE
[2026-08-29T19:16:36.358Z] [ESEB-LOG] DISPATCH: Virtual Thread #13 | Hash: 44e1c1f5614b | Status: ACTIVE
[2026-08-29T19:16:36.358Z] [ESEB-LOG] DISPATCH: Virtual Thread #14 | Hash: e841af22e786 | Status: ACTIVE
[2026-08-29T19:16:36.358Z] [ESEB-LOG] DISPATCH: Virtual Thread #15 | Hash: e0b27e97393c | Status: ACTIVE
[2026-08-29T19:16:36.358Z] [ESEB-LOG] DISPATCH: Virtual Thread #16 | Hash: 71e8b1b2e71f | Status: ACTIVE
[2026-08-29T19:16:36.358Z] [ESEB-LOG] DISPATCH: Virtual Thread #17 | Hash: 1ec0c79fcce2 | Status: ACTIVE
[2026-08-29T19:16:36.358Z] [ESEB-LOG] DISPATCH: Virtual Thread #18 | Hash: b826d13d7d85 | Status: ACTIVE
[2026-08-29T19:16:36.358Z] [ESEB-LOG] DISPATCH: Virtual Thread #19 | Hash: 126fd2ccf37f | Status: ACTIVE
[2026-08-29T19:16:36.358Z] [ESEB-LOG] DISPATCH: Virtual Thread #20 | Hash: f14c25dde86e | Status: ACTIVE
[2026-08-29T19:16:36.358Z] [ESEB-LOG] DISPATCH: Virtual Thread #21 | Hash: db5cc5a737f0 | Status: ACTIVE
[2026-08-29T19:16:36.358Z] [ESEB-LOG] DISPATCH: Virtual Thread #22 | Hash: 61242e059298 | Status: ACTIVE
[2026-08-29T19:16:36.358Z] [ESEB-LOG] DISPATCH: Virtual Thread #23 | Hash: 77afe06a0824 | Status: ACTIVE
[2026-08-29T19:16:36.358Z] [ESEB-LOG] DISPATCH: Virtual Thread #24 | Hash: 3cc95e580fbf | Status: ACTIVE
[2026-08-29T19:16:36.358Z] [ESEB-LOG] ESEB CLASSIC SUCCESS: Core Authenticated | V-STAMP-24 Verified.
[2026-08-29T19:16:36.358Z] [ESEB-LOG] END: Execution Completed. Sharded Virtual Threads Active: 24/24 | Entropy δ = 0.
[2026-08-29T22:08:40.623Z] [ESEB-LOG] START: Orchestration initialized for domain 8000kicks.donabico.com
[2026-08-29T22:08:40.623Z] [ESEB-LOG] ROUND-ROBIN SELECTOR: Active Node: LLAMA_8B (Rapid RAG Fallback & Smart Sourcing)
[2026-08-29T22:08:42.415Z] [ESEB-LOG] SOTA SUCCESS: NODE [LLAMA_8B] HTTP Status: 200 OK (Credit Preserved)
[2026-08-29T22:08:42.416Z] [ESEB-LOG] HASH SHARDING: Initializing mathematical hash mapping into 24 virtual threads...
[2026-08-29T22:08:42.417Z] [ESEB-LOG] HASH SHARDING SUCCESS: All 24 virtual sharded threads mapped & verified. Entropy δ = 0.
[2026-08-29T22:08:42.417Z] [ESEB-LOG] DISPATCH: Virtual Thread #1 | Hash: 088aaede46fe | Status: ACTIVE
[2026-08-29T22:08:42.417Z] [ESEB-LOG] DISPATCH: Virtual Thread #2 | Hash: 077a9eed1a79 | Status: ACTIVE
[2026-08-29T22:08:42.417Z] [ESEB-LOG] DISPATCH: Virtual Thread #3 | Hash: 5ce42f984b5e | Status: ACTIVE
[2026-08-29T22:08:42.417Z] [ESEB-LOG] DISPATCH: Virtual Thread #4 | Hash: 35e903fbe953 | Status: ACTIVE
[2026-08-29T22:08:42.417Z] [ESEB-LOG] DISPATCH: Virtual Thread #5 | Hash: 84db80b699bb | Status: ACTIVE
[2026-08-29T22:08:42.417Z] [ESEB-LOG] DISPATCH: Virtual Thread #6 | Hash: b62510dd3634 | Status: ACTIVE
[2026-08-29T22:08:42.417Z] [ESEB-LOG] DISPATCH: Virtual Thread #7 | Hash: 873675b8f96e | Status: ACTIVE
[2026-08-29T22:08:42.417Z] [ESEB-LOG] DISPATCH: Virtual Thread #8 | Hash: 7197f979ab37 | Status: ACTIVE
[2026-08-29T22:08:42.417Z] [ESEB-LOG] DISPATCH: Virtual Thread #9 | Hash: 56247887e98b | Status: ACTIVE
[2026-08-29T22:08:42.417Z] [ESEB-LOG] DISPATCH: Virtual Thread #10 | Hash: 12be0a363ec3 | Status: ACTIVE
[2026-08-29T22:08:42.417Z] [ESEB-LOG] DISPATCH: Virtual Thread #11 | Hash: 82d6d6df4fac | Status: ACTIVE
[2026-08-29T22:08:42.417Z] [ESEB-LOG] DISPATCH: Virtual Thread #12 | Hash: 682d47652ec3 | Status: ACTIVE
[2026-08-29T22:08:42.417Z] [ESEB-LOG] DISPATCH: Virtual Thread #13 | Hash: f9bba76e74ff | Status: ACTIVE
[2026-08-29T22:08:42.417Z] [ESEB-LOG] DISPATCH: Virtual Thread #14 | Hash: 9e28e4b4cca9 | Status: ACTIVE
[2026-08-29T22:08:42.417Z] [ESEB-LOG] DISPATCH: Virtual Thread #15 | Hash: 2a5037c660ea | Status: ACTIVE
[2026-08-29T22:08:42.417Z] [ESEB-LOG] DISPATCH: Virtual Thread #16 | Hash: b58ea49145fb | Status: ACTIVE
[2026-08-29T22:08:42.417Z] [ESEB-LOG] DISPATCH: Virtual Thread #17 | Hash: 4daf2a14536f | Status: ACTIVE
[2026-08-29T22:08:42.417Z] [ESEB-LOG] DISPATCH: Virtual Thread #18 | Hash: 6b2c732909e6 | Status: ACTIVE
[2026-08-29T22:08:42.417Z] [ESEB-LOG] DISPATCH: Virtual Thread #19 | Hash: 70a0391889ba | Status: ACTIVE
[2026-08-29T22:08:42.417Z] [ESEB-LOG] DISPATCH: Virtual Thread #20 | Hash: 2db7f8a27d3c | Status: ACTIVE
[2026-08-29T22:08:42.417Z] [ESEB-LOG] DISPATCH: Virtual Thread #21 | Hash: 6c596a910623 | Status: ACTIVE
[2026-08-29T22:08:42.417Z] [ESEB-LOG] DISPATCH: Virtual Thread #22 | Hash: 6a2d62ef3fbc | Status: ACTIVE
[2026-08-29T22:08:42.417Z] [ESEB-LOG] DISPATCH: Virtual Thread #23 | Hash: 8f868d950623 | Status: ACTIVE
[2026-08-29T22:08:42.417Z] [ESEB-LOG] DISPATCH: Virtual Thread #24 | Hash: 08be1da472f8 | Status: ACTIVE
[2026-08-29T22:08:42.417Z] [ESEB-LOG] ESEB CLASSIC SUCCESS: Core Authenticated | V-STAMP-24 Verified.
[2026-08-29T22:08:42.418Z] [ESEB-LOG] END: Execution Completed. Sharded Virtual Threads Active: 24/24 | Entropy δ = 0.
[2026-08-30T02:45:26.275Z] [ESEB-LOG] START: Orchestration initialized for domain 8000kicks.donabico.com
[2026-08-30T02:45:26.275Z] [ESEB-LOG] ROUND-ROBIN SELECTOR: Active Node: DEEPSEEK (Advanced Reasoning & GEO-SEO Optimization)
[2026-08-30T02:45:33.193Z] [ESEB-LOG] SOTA SUCCESS: NODE [DEEPSEEK] HTTP Status: 200 OK (Credit Preserved)
[2026-08-30T02:45:33.194Z] [ESEB-LOG] HASH SHARDING: Initializing mathematical hash mapping into 24 virtual threads...
[2026-08-30T02:45:33.194Z] [ESEB-LOG] HASH SHARDING SUCCESS: All 24 virtual sharded threads mapped & verified. Entropy δ = 0.
[2026-08-30T02:45:33.194Z] [ESEB-LOG] DISPATCH: Virtual Thread #1 | Hash: b235ea17ae44 | Status: ACTIVE
[2026-08-30T02:45:33.195Z] [ESEB-LOG] DISPATCH: Virtual Thread #2 | Hash: 410dfbff2de5 | Status: ACTIVE
[2026-08-30T02:45:33.195Z] [ESEB-LOG] DISPATCH: Virtual Thread #3 | Hash: 6474103fdbff | Status: ACTIVE
[2026-08-30T02:45:33.195Z] [ESEB-LOG] DISPATCH: Virtual Thread #4 | Hash: 2166fa8c4b94 | Status: ACTIVE
[2026-08-30T02:45:33.195Z] [ESEB-LOG] DISPATCH: Virtual Thread #5 | Hash: 065c90e793bd | Status: ACTIVE
[2026-08-30T02:45:33.195Z] [ESEB-LOG] DISPATCH: Virtual Thread #6 | Hash: 45f6113ae0aa | Status: ACTIVE
[2026-08-30T02:45:33.195Z] [ESEB-LOG] DISPATCH: Virtual Thread #7 | Hash: 8880b1c58282 | Status: ACTIVE
[2026-08-30T02:45:33.195Z] [ESEB-LOG] DISPATCH: Virtual Thread #8 | Hash: 9380e340a432 | Status: ACTIVE
[2026-08-30T02:45:33.195Z] [ESEB-LOG] DISPATCH: Virtual Thread #9 | Hash: 50d03eeef303 | Status: ACTIVE
[2026-08-30T02:45:33.195Z] [ESEB-LOG] DISPATCH: Virtual Thread #10 | Hash: f6b185d95ccf | Status: ACTIVE
[2026-08-30T02:45:33.195Z] [ESEB-LOG] DISPATCH: Virtual Thread #11 | Hash: fff11b3255c6 | Status: ACTIVE
[2026-08-30T02:45:33.195Z] [ESEB-LOG] DISPATCH: Virtual Thread #12 | Hash: c53a8640daae | Status: ACTIVE
[2026-08-30T02:45:33.195Z] [ESEB-LOG] DISPATCH: Virtual Thread #13 | Hash: e3ff87d5a018 | Status: ACTIVE
[2026-08-30T02:45:33.195Z] [ESEB-LOG] DISPATCH: Virtual Thread #14 | Hash: 5baeea3ae159 | Status: ACTIVE
[2026-08-30T02:45:33.195Z] [ESEB-LOG] DISPATCH: Virtual Thread #15 | Hash: 0c068b7b9e2c | Status: ACTIVE
[2026-08-30T02:45:33.195Z] [ESEB-LOG] DISPATCH: Virtual Thread #16 | Hash: 8d07bf7b97f7 | Status: ACTIVE
[2026-08-30T02:45:33.195Z] [ESEB-LOG] DISPATCH: Virtual Thread #17 | Hash: 07df2ffe1cb8 | Status: ACTIVE
[2026-08-30T02:45:33.195Z] [ESEB-LOG] DISPATCH: Virtual Thread #18 | Hash: d92c95d07158 | Status: ACTIVE
[2026-08-30T02:45:33.195Z] [ESEB-LOG] DISPATCH: Virtual Thread #19 | Hash: a62f9a724ddb | Status: ACTIVE
[2026-08-30T02:45:33.195Z] [ESEB-LOG] DISPATCH: Virtual Thread #20 | Hash: d7e111e7c6f9 | Status: ACTIVE
[2026-08-30T02:45:33.195Z] [ESEB-LOG] DISPATCH: Virtual Thread #21 | Hash: f29f0e903e4f | Status: ACTIVE
[2026-08-30T02:45:33.195Z] [ESEB-LOG] DISPATCH: Virtual Thread #22 | Hash: beb31399596e | Status: ACTIVE
[2026-08-30T02:45:33.195Z] [ESEB-LOG] DISPATCH: Virtual Thread #23 | Hash: 2d814d176c19 | Status: ACTIVE
[2026-08-30T02:45:33.195Z] [ESEB-LOG] DISPATCH: Virtual Thread #24 | Hash: b0368c473a57 | Status: ACTIVE
[2026-08-30T02:45:33.195Z] [ESEB-LOG] ESEB CLASSIC SUCCESS: Core Authenticated | V-STAMP-24 Verified.
[2026-08-30T02:45:33.195Z] [ESEB-LOG] END: Execution Completed. Sharded Virtual Threads Active: 24/24 | Entropy δ = 0.
[2026-08-30T09:36:59.577Z] [ESEB-LOG] START: Orchestration initialized for domain 8000kicks.donabico.com
[2026-08-30T09:36:59.578Z] [ESEB-LOG] ROUND-ROBIN SELECTOR: Active Node: LLAMA_3B (Edge Ultra-Fast Localization)
[2026-08-30T09:37:00.780Z] [ESEB-LOG] SOTA SUCCESS: NODE [LLAMA_3B] HTTP Status: 200 OK (Credit Preserved)
[2026-08-30T09:37:00.781Z] [ESEB-LOG] HASH SHARDING: Initializing mathematical hash mapping into 24 virtual threads...
[2026-08-30T09:37:00.782Z] [ESEB-LOG] HASH SHARDING SUCCESS: All 24 virtual sharded threads mapped & verified. Entropy δ = 0.
[2026-08-30T09:37:00.782Z] [ESEB-LOG] DISPATCH: Virtual Thread #1 | Hash: 3957464286a3 | Status: ACTIVE
[2026-08-30T09:37:00.782Z] [ESEB-LOG] DISPATCH: Virtual Thread #2 | Hash: 6d74c24077d0 | Status: ACTIVE
[2026-08-30T09:37:00.782Z] [ESEB-LOG] DISPATCH: Virtual Thread #3 | Hash: 6aab88cef424 | Status: ACTIVE
[2026-08-30T09:37:00.782Z] [ESEB-LOG] DISPATCH: Virtual Thread #4 | Hash: 76f0508b2417 | Status: ACTIVE
[2026-08-30T09:37:00.782Z] [ESEB-LOG] DISPATCH: Virtual Thread #5 | Hash: 2cacd7c2e5da | Status: ACTIVE
[2026-08-30T09:37:00.782Z] [ESEB-LOG] DISPATCH: Virtual Thread #6 | Hash: 4b1ec5967cf0 | Status: ACTIVE
[2026-08-30T09:37:00.782Z] [ESEB-LOG] DISPATCH: Virtual Thread #7 | Hash: a59fcf28f4a3 | Status: ACTIVE
[2026-08-30T09:37:00.782Z] [ESEB-LOG] DISPATCH: Virtual Thread #8 | Hash: 7e9d30cc54a0 | Status: ACTIVE
[2026-08-30T09:37:00.782Z] [ESEB-LOG] DISPATCH: Virtual Thread #9 | Hash: 72e8435b72d2 | Status: ACTIVE
[2026-08-30T09:37:00.782Z] [ESEB-LOG] DISPATCH: Virtual Thread #10 | Hash: be65daf69cc5 | Status: ACTIVE
[2026-08-30T09:37:00.782Z] [ESEB-LOG] DISPATCH: Virtual Thread #11 | Hash: 97479d404981 | Status: ACTIVE
[2026-08-30T09:37:00.782Z] [ESEB-LOG] DISPATCH: Virtual Thread #12 | Hash: 9178b1dcec9c | Status: ACTIVE
[2026-08-30T09:37:00.782Z] [ESEB-LOG] DISPATCH: Virtual Thread #13 | Hash: 80b62b6cacc9 | Status: ACTIVE
[2026-08-30T09:37:00.782Z] [ESEB-LOG] DISPATCH: Virtual Thread #14 | Hash: 80dc3c6e0ee0 | Status: ACTIVE
[2026-08-30T09:37:00.782Z] [ESEB-LOG] DISPATCH: Virtual Thread #15 | Hash: a29b8b17f6c4 | Status: ACTIVE
[2026-08-30T09:37:00.782Z] [ESEB-LOG] DISPATCH: Virtual Thread #16 | Hash: f3a334f4f215 | Status: ACTIVE
[2026-08-30T09:37:00.782Z] [ESEB-LOG] DISPATCH: Virtual Thread #17 | Hash: 83e1b8253f05 | Status: ACTIVE
[2026-08-30T09:37:00.782Z] [ESEB-LOG] DISPATCH: Virtual Thread #18 | Hash: 303f5019ae73 | Status: ACTIVE
[2026-08-30T09:37:00.782Z] [ESEB-LOG] DISPATCH: Virtual Thread #19 | Hash: f53ffee7808f | Status: ACTIVE
[2026-08-30T09:37:00.782Z] [ESEB-LOG] DISPATCH: Virtual Thread #20 | Hash: 74f27c04671f | Status: ACTIVE
[2026-08-30T09:37:00.782Z] [ESEB-LOG] DISPATCH: Virtual Thread #21 | Hash: a7f6f0bfe14f | Status: ACTIVE
[2026-08-30T09:37:00.782Z] [ESEB-LOG] DISPATCH: Virtual Thread #22 | Hash: cddce23b1ffa | Status: ACTIVE
[2026-08-30T09:37:00.782Z] [ESEB-LOG] DISPATCH: Virtual Thread #23 | Hash: ca69bd29cf3d | Status: ACTIVE
[2026-08-30T09:37:00.782Z] [ESEB-LOG] DISPATCH: Virtual Thread #24 | Hash: c77b3b59c352 | Status: ACTIVE
[2026-08-30T09:37:00.782Z] [ESEB-LOG] ESEB CLASSIC SUCCESS: Core Authenticated | V-STAMP-24 Verified.
[2026-08-30T09:37:00.782Z] [ESEB-LOG] END: Execution Completed. Sharded Virtual Threads Active: 24/24 | Entropy δ = 0.
[2026-08-30T15:47:43.186Z] [ESEB-LOG] START: Orchestration initialized for domain 8000kicks.donabico.com
[2026-08-30T15:47:43.186Z] [ESEB-LOG] ROUND-ROBIN SELECTOR: Active Node: GEMMA_7B (Context Enrichment & Smart Conversion)
[2026-08-30T15:47:53.234Z] [ESEB-LOG] AUTO-HEALED: Request timeout. Self-healing fallback engaged.
[2026-08-30T15:47:53.234Z] [ESEB-LOG] HASH SHARDING: Initializing mathematical hash mapping into 24 virtual threads...
[2026-08-30T15:47:53.235Z] [ESEB-LOG] HASH SHARDING SUCCESS: All 24 virtual sharded threads mapped & verified. Entropy δ = 0.
[2026-08-30T15:47:53.235Z] [ESEB-LOG] DISPATCH: Virtual Thread #1 | Hash: ca8e5e067c07 | Status: ACTIVE
[2026-08-30T15:47:53.235Z] [ESEB-LOG] DISPATCH: Virtual Thread #2 | Hash: 3887686e5fe5 | Status: ACTIVE
[2026-08-30T15:47:53.235Z] [ESEB-LOG] DISPATCH: Virtual Thread #3 | Hash: c02587451ae6 | Status: ACTIVE
[2026-08-30T15:47:53.235Z] [ESEB-LOG] DISPATCH: Virtual Thread #4 | Hash: e5c976ba34a5 | Status: ACTIVE
[2026-08-30T15:47:53.235Z] [ESEB-LOG] DISPATCH: Virtual Thread #5 | Hash: 55fa76ce89f2 | Status: ACTIVE
[2026-08-30T15:47:53.235Z] [ESEB-LOG] DISPATCH: Virtual Thread #6 | Hash: 6c40b6e78687 | Status: ACTIVE
[2026-08-30T15:47:53.235Z] [ESEB-LOG] DISPATCH: Virtual Thread #7 | Hash: 9b1d4470aace | Status: ACTIVE
[2026-08-30T15:47:53.235Z] [ESEB-LOG] DISPATCH: Virtual Thread #8 | Hash: b9afc809c39a | Status: ACTIVE
[2026-08-30T15:47:53.235Z] [ESEB-LOG] DISPATCH: Virtual Thread #9 | Hash: 30808331db39 | Status: ACTIVE
[2026-08-30T15:47:53.235Z] [ESEB-LOG] DISPATCH: Virtual Thread #10 | Hash: 7deb273c7de5 | Status: ACTIVE
[2026-08-30T15:47:53.235Z] [ESEB-LOG] DISPATCH: Virtual Thread #11 | Hash: 8c566fcad3b7 | Status: ACTIVE
[2026-08-30T15:47:53.235Z] [ESEB-LOG] DISPATCH: Virtual Thread #12 | Hash: f953d81b3ce9 | Status: ACTIVE
[2026-08-30T15:47:53.235Z] [ESEB-LOG] DISPATCH: Virtual Thread #13 | Hash: c5af24ec4dfe | Status: ACTIVE
[2026-08-30T15:47:53.235Z] [ESEB-LOG] DISPATCH: Virtual Thread #14 | Hash: c60086767131 | Status: ACTIVE
[2026-08-30T15:47:53.235Z] [ESEB-LOG] DISPATCH: Virtual Thread #15 | Hash: c94399b8d603 | Status: ACTIVE
[2026-08-30T15:47:53.235Z] [ESEB-LOG] DISPATCH: Virtual Thread #16 | Hash: 67ce025e4a97 | Status: ACTIVE
[2026-08-30T15:47:53.235Z] [ESEB-LOG] DISPATCH: Virtual Thread #17 | Hash: f676194dff8c | Status: ACTIVE
[2026-08-30T15:47:53.235Z] [ESEB-LOG] DISPATCH: Virtual Thread #18 | Hash: 24d7ed9bcedc | Status: ACTIVE
[2026-08-30T15:47:53.235Z] [ESEB-LOG] DISPATCH: Virtual Thread #19 | Hash: 13d2c1374a88 | Status: ACTIVE
[2026-08-30T15:47:53.235Z] [ESEB-LOG] DISPATCH: Virtual Thread #20 | Hash: 1e4ba3c04667 | Status: ACTIVE
[2026-08-30T15:47:53.235Z] [ESEB-LOG] DISPATCH: Virtual Thread #21 | Hash: f98b11ad09c8 | Status: ACTIVE
[2026-08-30T15:47:53.235Z] [ESEB-LOG] DISPATCH: Virtual Thread #22 | Hash: c54aa7e33164 | Status: ACTIVE
[2026-08-30T15:47:53.235Z] [ESEB-LOG] DISPATCH: Virtual Thread #23 | Hash: 273406960afe | Status: ACTIVE
[2026-08-30T15:47:53.235Z] [ESEB-LOG] DISPATCH: Virtual Thread #24 | Hash: e38a0a571ac2 | Status: ACTIVE
[2026-08-30T15:47:53.235Z] [ESEB-LOG] ESEB CLASSIC SUCCESS: Core Authenticated | V-STAMP-24 Verified.
[2026-08-30T15:47:53.235Z] [ESEB-LOG] END: Execution Completed. Sharded Virtual Threads Active: 24/24 | Entropy δ = 0.
[2026-08-30T18:57:22.654Z] [ESEB-LOG] START: Orchestration initialized for domain 8000kicks.donabico.com
[2026-08-30T18:57:22.654Z] [ESEB-LOG] ROUND-ROBIN SELECTOR: Active Node: BGE_EMBEDDING (RAG Knowledge Vectorization)
[2026-08-30T18:57:23.126Z] [ESEB-LOG] SOTA SUCCESS: NODE [BGE_EMBEDDING] HTTP Status: 200 OK (Credit Preserved)
[2026-08-30T18:57:23.127Z] [ESEB-LOG] HASH SHARDING: Initializing mathematical hash mapping into 24 virtual threads...
[2026-08-30T18:57:23.128Z] [ESEB-LOG] HASH SHARDING SUCCESS: All 24 virtual sharded threads mapped & verified. Entropy δ = 0.
[2026-08-30T18:57:23.128Z] [ESEB-LOG] DISPATCH: Virtual Thread #1 | Hash: ca5cab38a547 | Status: ACTIVE
[2026-08-30T18:57:23.128Z] [ESEB-LOG] DISPATCH: Virtual Thread #2 | Hash: 310fe6538646 | Status: ACTIVE
[2026-08-30T18:57:23.128Z] [ESEB-LOG] DISPATCH: Virtual Thread #3 | Hash: 37065b6e4bc9 | Status: ACTIVE
[2026-08-30T18:57:23.128Z] [ESEB-LOG] DISPATCH: Virtual Thread #4 | Hash: f1e49b24ffd0 | Status: ACTIVE
[2026-08-30T18:57:23.128Z] [ESEB-LOG] DISPATCH: Virtual Thread #5 | Hash: 2cec53ef5aa7 | Status: ACTIVE
[2026-08-30T18:57:23.128Z] [ESEB-LOG] DISPATCH: Virtual Thread #6 | Hash: 285f6c8d2c1b | Status: ACTIVE
[2026-08-30T18:57:23.128Z] [ESEB-LOG] DISPATCH: Virtual Thread #7 | Hash: 79435468f18c | Status: ACTIVE
[2026-08-30T18:57:23.128Z] [ESEB-LOG] DISPATCH: Virtual Thread #8 | Hash: 866c4752b185 | Status: ACTIVE
[2026-08-30T18:57:23.128Z] [ESEB-LOG] DISPATCH: Virtual Thread #9 | Hash: d904ac8f86ac | Status: ACTIVE
[2026-08-30T18:57:23.128Z] [ESEB-LOG] DISPATCH: Virtual Thread #10 | Hash: aa2a0ae9756b | Status: ACTIVE
[2026-08-30T18:57:23.128Z] [ESEB-LOG] DISPATCH: Virtual Thread #11 | Hash: c04f86ff13ce | Status: ACTIVE
[2026-08-30T18:57:23.128Z] [ESEB-LOG] DISPATCH: Virtual Thread #12 | Hash: 7bd2385e4151 | Status: ACTIVE
[2026-08-30T18:57:23.128Z] [ESEB-LOG] DISPATCH: Virtual Thread #13 | Hash: 3c1aba959964 | Status: ACTIVE
[2026-08-30T18:57:23.128Z] [ESEB-LOG] DISPATCH: Virtual Thread #14 | Hash: 37d2d28f2b59 | Status: ACTIVE
[2026-08-30T18:57:23.128Z] [ESEB-LOG] DISPATCH: Virtual Thread #15 | Hash: 1ff882441c4d | Status: ACTIVE
[2026-08-30T18:57:23.128Z] [ESEB-LOG] DISPATCH: Virtual Thread #16 | Hash: a08bc2c684c0 | Status: ACTIVE
[2026-08-30T18:57:23.128Z] [ESEB-LOG] DISPATCH: Virtual Thread #17 | Hash: afba34b5b095 | Status: ACTIVE
[2026-08-30T18:57:23.128Z] [ESEB-LOG] DISPATCH: Virtual Thread #18 | Hash: 43799544c8d1 | Status: ACTIVE
[2026-08-30T18:57:23.128Z] [ESEB-LOG] DISPATCH: Virtual Thread #19 | Hash: 88f7990dd00b | Status: ACTIVE
[2026-08-30T18:57:23.128Z] [ESEB-LOG] DISPATCH: Virtual Thread #20 | Hash: e6de33a2d3a7 | Status: ACTIVE
[2026-08-30T18:57:23.128Z] [ESEB-LOG] DISPATCH: Virtual Thread #21 | Hash: 65ddd619e221 | Status: ACTIVE
[2026-08-30T18:57:23.128Z] [ESEB-LOG] DISPATCH: Virtual Thread #22 | Hash: 7685ae0b237e | Status: ACTIVE
[2026-08-30T18:57:23.128Z] [ESEB-LOG] DISPATCH: Virtual Thread #23 | Hash: 079cc34f3f85 | Status: ACTIVE
[2026-08-30T18:57:23.128Z] [ESEB-LOG] DISPATCH: Virtual Thread #24 | Hash: a2c00c31c39b | Status: ACTIVE
[2026-08-30T18:57:23.128Z] [ESEB-LOG] ESEB CLASSIC SUCCESS: Core Authenticated | V-STAMP-24 Verified.
[2026-08-30T18:57:23.128Z] [ESEB-LOG] END: Execution Completed. Sharded Virtual Threads Active: 24/24 | Entropy δ = 0.
[2026-08-30T22:16:10.827Z] [ESEB-LOG] START: Orchestration initialized for domain 8000kicks.donabico.com
[2026-08-30T22:16:10.828Z] [ESEB-LOG] ROUND-ROBIN SELECTOR: Active Node: SDXL_IMAGE (Affiliate Intelligent Banners & Posters)
[2026-08-30T22:16:18.859Z] [ESEB-LOG] SOTA SUCCESS: NODE [SDXL_IMAGE] HTTP Status: 200 OK (Credit Preserved)
[2026-08-30T22:16:18.860Z] [ESEB-LOG] HASH SHARDING: Initializing mathematical hash mapping into 24 virtual threads...
[2026-08-30T22:16:18.861Z] [ESEB-LOG] HASH SHARDING SUCCESS: All 24 virtual sharded threads mapped & verified. Entropy δ = 0.
[2026-08-30T22:16:18.861Z] [ESEB-LOG] DISPATCH: Virtual Thread #1 | Hash: 83f28acdcef0 | Status: ACTIVE
[2026-08-30T22:16:18.861Z] [ESEB-LOG] DISPATCH: Virtual Thread #2 | Hash: aa5698597ac5 | Status: ACTIVE
[2026-08-30T22:16:18.861Z] [ESEB-LOG] DISPATCH: Virtual Thread #3 | Hash: 3163e5b15a18 | Status: ACTIVE
[2026-08-30T22:16:18.861Z] [ESEB-LOG] DISPATCH: Virtual Thread #4 | Hash: b24f9b84acaf | Status: ACTIVE
[2026-08-30T22:16:18.861Z] [ESEB-LOG] DISPATCH: Virtual Thread #5 | Hash: bdcdd04df4e8 | Status: ACTIVE
[2026-08-30T22:16:18.861Z] [ESEB-LOG] DISPATCH: Virtual Thread #6 | Hash: b763ce03bb77 | Status: ACTIVE
[2026-08-30T22:16:18.861Z] [ESEB-LOG] DISPATCH: Virtual Thread #7 | Hash: 17f292380159 | Status: ACTIVE
[2026-08-30T22:16:18.861Z] [ESEB-LOG] DISPATCH: Virtual Thread #8 | Hash: 83df14d3e474 | Status: ACTIVE
[2026-08-30T22:16:18.861Z] [ESEB-LOG] DISPATCH: Virtual Thread #9 | Hash: 51a625e97da6 | Status: ACTIVE
[2026-08-30T22:16:18.861Z] [ESEB-LOG] DISPATCH: Virtual Thread #10 | Hash: 4b158b347225 | Status: ACTIVE
[2026-08-30T22:16:18.861Z] [ESEB-LOG] DISPATCH: Virtual Thread #11 | Hash: c79923c99bab | Status: ACTIVE
[2026-08-30T22:16:18.861Z] [ESEB-LOG] DISPATCH: Virtual Thread #12 | Hash: a9a4cdca126f | Status: ACTIVE
[2026-08-30T22:16:18.861Z] [ESEB-LOG] DISPATCH: Virtual Thread #13 | Hash: b7d214b5b31a | Status: ACTIVE
[2026-08-30T22:16:18.861Z] [ESEB-LOG] DISPATCH: Virtual Thread #14 | Hash: f4d2c3599a5b | Status: ACTIVE
[2026-08-30T22:16:18.861Z] [ESEB-LOG] DISPATCH: Virtual Thread #15 | Hash: 5b5f53c2d08d | Status: ACTIVE
[2026-08-30T22:16:18.861Z] [ESEB-LOG] DISPATCH: Virtual Thread #16 | Hash: 9b1170a813de | Status: ACTIVE
[2026-08-30T22:16:18.861Z] [ESEB-LOG] DISPATCH: Virtual Thread #17 | Hash: fc21b3a34d8f | Status: ACTIVE
[2026-08-30T22:16:18.861Z] [ESEB-LOG] DISPATCH: Virtual Thread #18 | Hash: 5f9661604dba | Status: ACTIVE
[2026-08-30T22:16:18.861Z] [ESEB-LOG] DISPATCH: Virtual Thread #19 | Hash: 97a105e5c831 | Status: ACTIVE
[2026-08-30T22:16:18.861Z] [ESEB-LOG] DISPATCH: Virtual Thread #20 | Hash: 4a23a8848f55 | Status: ACTIVE
[2026-08-30T22:16:18.861Z] [ESEB-LOG] DISPATCH: Virtual Thread #21 | Hash: bc6723fe968b | Status: ACTIVE
[2026-08-30T22:16:18.861Z] [ESEB-LOG] DISPATCH: Virtual Thread #22 | Hash: e2c8abb5160d | Status: ACTIVE
[2026-08-30T22:16:18.861Z] [ESEB-LOG] DISPATCH: Virtual Thread #23 | Hash: 1596274d068b | Status: ACTIVE
[2026-08-30T22:16:18.861Z] [ESEB-LOG] DISPATCH: Virtual Thread #24 | Hash: 4f79d40706f0 | Status: ACTIVE
[2026-08-30T22:16:18.861Z] [ESEB-LOG] ESEB CLASSIC SUCCESS: Core Authenticated | V-STAMP-24 Verified.
[2026-08-30T22:16:18.861Z] [ESEB-LOG] END: Execution Completed. Sharded Virtual Threads Active: 24/24 | Entropy δ = 0.
[2026-08-31T02:38:45.310Z] [ESEB-LOG] START: Orchestration initialized for domain 8000kicks.donabico.com
[2026-08-31T02:38:45.311Z] [ESEB-LOG] ROUND-ROBIN SELECTOR: Active Node: LLAMA_70B (Super Smart Intelligent Reviews & Deep Synthesis)
[2026-08-31T02:38:49.442Z] [ESEB-LOG] SOTA SUCCESS: NODE [LLAMA_70B] HTTP Status: 200 OK (Credit Preserved)
[2026-08-31T02:38:49.443Z] [ESEB-LOG] HASH SHARDING: Initializing mathematical hash mapping into 24 virtual threads...
[2026-08-31T02:38:49.444Z] [ESEB-LOG] HASH SHARDING SUCCESS: All 24 virtual sharded threads mapped & verified. Entropy δ = 0.
[2026-08-31T02:38:49.444Z] [ESEB-LOG] DISPATCH: Virtual Thread #1 | Hash: 737ac09fe3a4 | Status: ACTIVE
[2026-08-31T02:38:49.444Z] [ESEB-LOG] DISPATCH: Virtual Thread #2 | Hash: 195d64e19226 | Status: ACTIVE
[2026-08-31T02:38:49.444Z] [ESEB-LOG] DISPATCH: Virtual Thread #3 | Hash: c031a422ecc9 | Status: ACTIVE
[2026-08-31T02:38:49.444Z] [ESEB-LOG] DISPATCH: Virtual Thread #4 | Hash: 05a381160de6 | Status: ACTIVE
[2026-08-31T02:38:49.444Z] [ESEB-LOG] DISPATCH: Virtual Thread #5 | Hash: d6f9d4fd8005 | Status: ACTIVE
[2026-08-31T02:38:49.444Z] [ESEB-LOG] DISPATCH: Virtual Thread #6 | Hash: edd5c9efc2e4 | Status: ACTIVE
[2026-08-31T02:38:49.444Z] [ESEB-LOG] DISPATCH: Virtual Thread #7 | Hash: f215a128ec24 | Status: ACTIVE
[2026-08-31T02:38:49.444Z] [ESEB-LOG] DISPATCH: Virtual Thread #8 | Hash: 19ec7e649cc3 | Status: ACTIVE
[2026-08-31T02:38:49.444Z] [ESEB-LOG] DISPATCH: Virtual Thread #9 | Hash: 8a2d3667268a | Status: ACTIVE
[2026-08-31T02:38:49.444Z] [ESEB-LOG] DISPATCH: Virtual Thread #10 | Hash: 80a609f13f11 | Status: ACTIVE
[2026-08-31T02:38:49.444Z] [ESEB-LOG] DISPATCH: Virtual Thread #11 | Hash: c50dd236d40f | Status: ACTIVE
[2026-08-31T02:38:49.444Z] [ESEB-LOG] DISPATCH: Virtual Thread #12 | Hash: 3a441a846a31 | Status: ACTIVE
[2026-08-31T02:38:49.444Z] [ESEB-LOG] DISPATCH: Virtual Thread #13 | Hash: 08c64b144714 | Status: ACTIVE
[2026-08-31T02:38:49.444Z] [ESEB-LOG] DISPATCH: Virtual Thread #14 | Hash: 60c931e817ad | Status: ACTIVE
[2026-08-31T02:38:49.444Z] [ESEB-LOG] DISPATCH: Virtual Thread #15 | Hash: c14d9e207357 | Status: ACTIVE
[2026-08-31T02:38:49.444Z] [ESEB-LOG] DISPATCH: Virtual Thread #16 | Hash: 596f52650a51 | Status: ACTIVE
[2026-08-31T02:38:49.444Z] [ESEB-LOG] DISPATCH: Virtual Thread #17 | Hash: 450690b88d3f | Status: ACTIVE
[2026-08-31T02:38:49.444Z] [ESEB-LOG] DISPATCH: Virtual Thread #18 | Hash: c573d735264f | Status: ACTIVE
[2026-08-31T02:38:49.444Z] [ESEB-LOG] DISPATCH: Virtual Thread #19 | Hash: eacea0f876fc | Status: ACTIVE
[2026-08-31T02:38:49.444Z] [ESEB-LOG] DISPATCH: Virtual Thread #20 | Hash: da4bc5e1f7d1 | Status: ACTIVE
[2026-08-31T02:38:49.444Z] [ESEB-LOG] DISPATCH: Virtual Thread #21 | Hash: e07ede8ee166 | Status: ACTIVE
[2026-08-31T02:38:49.444Z] [ESEB-LOG] DISPATCH: Virtual Thread #22 | Hash: 116c63063e5b | Status: ACTIVE
[2026-08-31T02:38:49.445Z] [ESEB-LOG] DISPATCH: Virtual Thread #23 | Hash: d9c07a0802fa | Status: ACTIVE
[2026-08-31T02:38:49.445Z] [ESEB-LOG] DISPATCH: Virtual Thread #24 | Hash: 33396b7cba6b | Status: ACTIVE
[2026-08-31T02:38:49.445Z] [ESEB-LOG] ESEB CLASSIC SUCCESS: Core Authenticated | V-STAMP-24 Verified.
[2026-08-31T02:38:49.445Z] [ESEB-LOG] END: Execution Completed. Sharded Virtual Threads Active: 24/24 | Entropy δ = 0.
[2026-08-31T10:18:25.054Z] [ESEB-LOG] START: Orchestration initialized for domain 8000kicks.donabico.com
[2026-08-31T10:18:25.054Z] [ESEB-LOG] ROUND-ROBIN SELECTOR: Active Node: DEEPSEEK (Advanced Reasoning & GEO-SEO Optimization)
[2026-08-31T10:18:32.011Z] [ESEB-LOG] SOTA SUCCESS: NODE [DEEPSEEK] HTTP Status: 200 OK (Credit Preserved)
[2026-08-31T10:18:32.012Z] [ESEB-LOG] HASH SHARDING: Initializing mathematical hash mapping into 24 virtual threads...
[2026-08-31T10:18:32.012Z] [ESEB-LOG] HASH SHARDING SUCCESS: All 24 virtual sharded threads mapped & verified. Entropy δ = 0.
[2026-08-31T10:18:32.012Z] [ESEB-LOG] DISPATCH: Virtual Thread #1 | Hash: add2dade7f3f | Status: ACTIVE
[2026-08-31T10:18:32.012Z] [ESEB-LOG] DISPATCH: Virtual Thread #2 | Hash: d0fd95accd96 | Status: ACTIVE
[2026-08-31T10:18:32.012Z] [ESEB-LOG] DISPATCH: Virtual Thread #3 | Hash: 853407311f47 | Status: ACTIVE
[2026-08-31T10:18:32.013Z] [ESEB-LOG] DISPATCH: Virtual Thread #4 | Hash: f6d3ed98e924 | Status: ACTIVE
[2026-08-31T10:18:32.013Z] [ESEB-LOG] DISPATCH: Virtual Thread #5 | Hash: d4ea862dadda | Status: ACTIVE
[2026-08-31T10:18:32.013Z] [ESEB-LOG] DISPATCH: Virtual Thread #6 | Hash: e3ee45b793ed | Status: ACTIVE
[2026-08-31T10:18:32.013Z] [ESEB-LOG] DISPATCH: Virtual Thread #7 | Hash: b4339f735247 | Status: ACTIVE
[2026-08-31T10:18:32.013Z] [ESEB-LOG] DISPATCH: Virtual Thread #8 | Hash: 53820245e62b | Status: ACTIVE
[2026-08-31T10:18:32.013Z] [ESEB-LOG] DISPATCH: Virtual Thread #9 | Hash: e627560b8e23 | Status: ACTIVE
[2026-08-31T10:18:32.013Z] [ESEB-LOG] DISPATCH: Virtual Thread #10 | Hash: 51b60d43b22a | Status: ACTIVE
[2026-08-31T10:18:32.013Z] [ESEB-LOG] DISPATCH: Virtual Thread #11 | Hash: 7522144c9c70 | Status: ACTIVE
[2026-08-31T10:18:32.013Z] [ESEB-LOG] DISPATCH: Virtual Thread #12 | Hash: aa73f8006779 | Status: ACTIVE
[2026-08-31T10:18:32.013Z] [ESEB-LOG] DISPATCH: Virtual Thread #13 | Hash: 28918b9adcaf | Status: ACTIVE
[2026-08-31T10:18:32.013Z] [ESEB-LOG] DISPATCH: Virtual Thread #14 | Hash: afd928c89d31 | Status: ACTIVE
[2026-08-31T10:18:32.013Z] [ESEB-LOG] DISPATCH: Virtual Thread #15 | Hash: 20669c3d7a70 | Status: ACTIVE
[2026-08-31T10:18:32.013Z] [ESEB-LOG] DISPATCH: Virtual Thread #16 | Hash: caaff7c63905 | Status: ACTIVE
[2026-08-31T10:18:32.013Z] [ESEB-LOG] DISPATCH: Virtual Thread #17 | Hash: a8a4959162ee | Status: ACTIVE
[2026-08-31T10:18:32.013Z] [ESEB-LOG] DISPATCH: Virtual Thread #18 | Hash: 90fbdce490f2 | Status: ACTIVE
[2026-08-31T10:18:32.013Z] [ESEB-LOG] DISPATCH: Virtual Thread #19 | Hash: e74c29640db1 | Status: ACTIVE
[2026-08-31T10:18:32.013Z] [ESEB-LOG] DISPATCH: Virtual Thread #20 | Hash: f856f4db49d9 | Status: ACTIVE
[2026-08-31T10:18:32.013Z] [ESEB-LOG] DISPATCH: Virtual Thread #21 | Hash: a6c2843fb47a | Status: ACTIVE
[2026-08-31T10:18:32.013Z] [ESEB-LOG] DISPATCH: Virtual Thread #22 | Hash: 9e46723e5d06 | Status: ACTIVE
[2026-08-31T10:18:32.013Z] [ESEB-LOG] DISPATCH: Virtual Thread #23 | Hash: 445e794a19b5 | Status: ACTIVE
[2026-08-31T10:18:32.013Z] [ESEB-LOG] DISPATCH: Virtual Thread #24 | Hash: 524f637761d4 | Status: ACTIVE
[2026-08-31T10:18:32.013Z] [ESEB-LOG] ESEB CLASSIC SUCCESS: Core Authenticated | V-STAMP-24 Verified.
[2026-08-31T10:18:32.013Z] [ESEB-LOG] END: Execution Completed. Sharded Virtual Threads Active: 24/24 | Entropy δ = 0.
[2026-08-31T18:31:20.005Z] [ESEB-LOG] START: Orchestration initialized for domain 8000kicks.donabico.com
[2026-08-31T18:31:20.005Z] [ESEB-LOG] ROUND-ROBIN SELECTOR: Active Node: LLAMA_3B (Edge Ultra-Fast Localization)
[2026-08-31T18:31:21.568Z] [ESEB-LOG] SOTA SUCCESS: NODE [LLAMA_3B] HTTP Status: 200 OK (Credit Preserved)
[2026-08-31T18:31:21.569Z] [ESEB-LOG] HASH SHARDING: Initializing mathematical hash mapping into 24 virtual threads...
[2026-08-31T18:31:21.570Z] [ESEB-LOG] HASH SHARDING SUCCESS: All 24 virtual sharded threads mapped & verified. Entropy δ = 0.
[2026-08-31T18:31:21.570Z] [ESEB-LOG] DISPATCH: Virtual Thread #1 | Hash: 87cf02435817 | Status: ACTIVE
[2026-08-31T18:31:21.570Z] [ESEB-LOG] DISPATCH: Virtual Thread #2 | Hash: 319feb030c3e | Status: ACTIVE
[2026-08-31T18:31:21.570Z] [ESEB-LOG] DISPATCH: Virtual Thread #3 | Hash: fc005e2e3e39 | Status: ACTIVE
[2026-08-31T18:31:21.570Z] [ESEB-LOG] DISPATCH: Virtual Thread #4 | Hash: 1095096a31f9 | Status: ACTIVE
[2026-08-31T18:31:21.570Z] [ESEB-LOG] DISPATCH: Virtual Thread #5 | Hash: f905588a3ff8 | Status: ACTIVE
[2026-08-31T18:31:21.570Z] [ESEB-LOG] DISPATCH: Virtual Thread #6 | Hash: fe80395ccafc | Status: ACTIVE
[2026-08-31T18:31:21.570Z] [ESEB-LOG] DISPATCH: Virtual Thread #7 | Hash: 2834082d5b6e | Status: ACTIVE
[2026-08-31T18:31:21.570Z] [ESEB-LOG] DISPATCH: Virtual Thread #8 | Hash: 302a21a7ca97 | Status: ACTIVE
[2026-08-31T18:31:21.570Z] [ESEB-LOG] DISPATCH: Virtual Thread #9 | Hash: 431bf6006864 | Status: ACTIVE
[2026-08-31T18:31:21.570Z] [ESEB-LOG] DISPATCH: Virtual Thread #10 | Hash: a1c15c39af1d | Status: ACTIVE
[2026-08-31T18:31:21.570Z] [ESEB-LOG] DISPATCH: Virtual Thread #11 | Hash: c579c9db1406 | Status: ACTIVE
[2026-08-31T18:31:21.570Z] [ESEB-LOG] DISPATCH: Virtual Thread #12 | Hash: e9b1f5772498 | Status: ACTIVE
[2026-08-31T18:31:21.570Z] [ESEB-LOG] DISPATCH: Virtual Thread #13 | Hash: bd74ffbc8550 | Status: ACTIVE
[2026-08-31T18:31:21.570Z] [ESEB-LOG] DISPATCH: Virtual Thread #14 | Hash: 4fa4bfdd2a81 | Status: ACTIVE
[2026-08-31T18:31:21.570Z] [ESEB-LOG] DISPATCH: Virtual Thread #15 | Hash: 26c23363ea3e | Status: ACTIVE
[2026-08-31T18:31:21.570Z] [ESEB-LOG] DISPATCH: Virtual Thread #16 | Hash: 6d06fee9171a | Status: ACTIVE
[2026-08-31T18:31:21.570Z] [ESEB-LOG] DISPATCH: Virtual Thread #17 | Hash: 815e8859b28f | Status: ACTIVE
[2026-08-31T18:31:21.570Z] [ESEB-LOG] DISPATCH: Virtual Thread #18 | Hash: 0623488d3f7c | Status: ACTIVE
[2026-08-31T18:31:21.570Z] [ESEB-LOG] DISPATCH: Virtual Thread #19 | Hash: ed97779031a0 | Status: ACTIVE
[2026-08-31T18:31:21.570Z] [ESEB-LOG] DISPATCH: Virtual Thread #20 | Hash: 679998619109 | Status: ACTIVE
[2026-08-31T18:31:21.570Z] [ESEB-LOG] DISPATCH: Virtual Thread #21 | Hash: 8c6f7fa0d22d | Status: ACTIVE
[2026-08-31T18:31:21.570Z] [ESEB-LOG] DISPATCH: Virtual Thread #22 | Hash: 734af037bdc4 | Status: ACTIVE
[2026-08-31T18:31:21.570Z] [ESEB-LOG] DISPATCH: Virtual Thread #23 | Hash: 7abded07d1dc | Status: ACTIVE
[2026-08-31T18:31:21.570Z] [ESEB-LOG] DISPATCH: Virtual Thread #24 | Hash: 44f264acddd9 | Status: ACTIVE
[2026-08-31T18:31:21.570Z] [ESEB-LOG] ESEB CLASSIC SUCCESS: Core Authenticated | V-STAMP-24 Verified.
[2026-08-31T18:31:21.570Z] [ESEB-LOG] END: Execution Completed. Sharded Virtual Threads Active: 24/24 | Entropy δ = 0.
[2026-08-31T23:31:18.543Z] [ESEB-LOG] START: Orchestration initialized for domain 8000kicks.donabico.com
[2026-08-31T23:31:18.543Z] [ESEB-LOG] ROUND-ROBIN SELECTOR: Active Node: GEMMA_7B (Context Enrichment & Smart Conversion)
[2026-08-31T23:31:28.647Z] [ESEB-LOG] AUTO-HEALED: Request timeout. Self-healing fallback engaged.
[2026-08-31T23:31:28.648Z] [ESEB-LOG] HASH SHARDING: Initializing mathematical hash mapping into 24 virtual threads...
[2026-08-31T23:31:28.648Z] [ESEB-LOG] HASH SHARDING SUCCESS: All 24 virtual sharded threads mapped & verified. Entropy δ = 0.
[2026-08-31T23:31:28.648Z] [ESEB-LOG] DISPATCH: Virtual Thread #1 | Hash: 0ebe62b65118 | Status: ACTIVE
[2026-08-31T23:31:28.648Z] [ESEB-LOG] DISPATCH: Virtual Thread #2 | Hash: d9b24f6358a2 | Status: ACTIVE
[2026-08-31T23:31:28.648Z] [ESEB-LOG] DISPATCH: Virtual Thread #3 | Hash: 784026110c5a | Status: ACTIVE
[2026-08-31T23:31:28.648Z] [ESEB-LOG] DISPATCH: Virtual Thread #4 | Hash: b92c9a38c437 | Status: ACTIVE
[2026-08-31T23:31:28.648Z] [ESEB-LOG] DISPATCH: Virtual Thread #5 | Hash: ef06d3e0498c | Status: ACTIVE
[2026-08-31T23:31:28.648Z] [ESEB-LOG] DISPATCH: Virtual Thread #6 | Hash: 9b2e1f8701fd | Status: ACTIVE
[2026-08-31T23:31:28.648Z] [ESEB-LOG] DISPATCH: Virtual Thread #7 | Hash: 16e16f7165ad | Status: ACTIVE
[2026-08-31T23:31:28.648Z] [ESEB-LOG] DISPATCH: Virtual Thread #8 | Hash: 42f4ef9fb4f1 | Status: ACTIVE
[2026-08-31T23:31:28.648Z] [ESEB-LOG] DISPATCH: Virtual Thread #9 | Hash: c816dcd53617 | Status: ACTIVE
[2026-08-31T23:31:28.648Z] [ESEB-LOG] DISPATCH: Virtual Thread #10 | Hash: d749ed8fb9c6 | Status: ACTIVE
[2026-08-31T23:31:28.648Z] [ESEB-LOG] DISPATCH: Virtual Thread #11 | Hash: f34032ea2e46 | Status: ACTIVE
[2026-08-31T23:31:28.648Z] [ESEB-LOG] DISPATCH: Virtual Thread #12 | Hash: 04acac65bec7 | Status: ACTIVE
[2026-08-31T23:31:28.649Z] [ESEB-LOG] DISPATCH: Virtual Thread #13 | Hash: 7290f26313f9 | Status: ACTIVE
[2026-08-31T23:31:28.649Z] [ESEB-LOG] DISPATCH: Virtual Thread #14 | Hash: f887f3f8843a | Status: ACTIVE
[2026-08-31T23:31:28.649Z] [ESEB-LOG] DISPATCH: Virtual Thread #15 | Hash: 03de1d45b6e5 | Status: ACTIVE
[2026-08-31T23:31:28.649Z] [ESEB-LOG] DISPATCH: Virtual Thread #16 | Hash: 87cc6da2aee6 | Status: ACTIVE
[2026-08-31T23:31:28.649Z] [ESEB-LOG] DISPATCH: Virtual Thread #17 | Hash: fbe578d77ac6 | Status: ACTIVE
[2026-08-31T23:31:28.649Z] [ESEB-LOG] DISPATCH: Virtual Thread #18 | Hash: 588a6692e1fb | Status: ACTIVE
[2026-08-31T23:31:28.649Z] [ESEB-LOG] DISPATCH: Virtual Thread #19 | Hash: d2a519abaa50 | Status: ACTIVE
[2026-08-31T23:31:28.649Z] [ESEB-LOG] DISPATCH: Virtual Thread #20 | Hash: 4031bb4ecef0 | Status: ACTIVE
[2026-08-31T23:31:28.649Z] [ESEB-LOG] DISPATCH: Virtual Thread #21 | Hash: b200cab2d06f | Status: ACTIVE
[2026-08-31T23:31:28.649Z] [ESEB-LOG] DISPATCH: Virtual Thread #22 | Hash: 892d77d0a2f0 | Status: ACTIVE
[2026-08-31T23:31:28.649Z] [ESEB-LOG] DISPATCH: Virtual Thread #23 | Hash: 17b6a1ffb131 | Status: ACTIVE
[2026-08-31T23:31:28.649Z] [ESEB-LOG] DISPATCH: Virtual Thread #24 | Hash: 55e7143d2ebb | Status: ACTIVE
[2026-08-31T23:31:28.649Z] [ESEB-LOG] ESEB CLASSIC SUCCESS: Core Authenticated | V-STAMP-24 Verified.
[2026-08-31T23:31:28.649Z] [ESEB-LOG] END: Execution Completed. Sharded Virtual Threads Active: 24/24 | Entropy δ = 0.
[2026-09-01T02:51:46.710Z] [ESEB-LOG] START: Orchestration initialized for domain 8000kicks.donabico.com
[2026-09-01T02:51:46.710Z] [ESEB-LOG] ROUND-ROBIN SELECTOR: Active Node: BGE_EMBEDDING (RAG Knowledge Vectorization)
[2026-09-01T02:51:47.041Z] [ESEB-LOG] SOTA SUCCESS: NODE [BGE_EMBEDDING] HTTP Status: 200 OK (Credit Preserved)
[2026-09-01T02:51:47.042Z] [ESEB-LOG] HASH SHARDING: Initializing mathematical hash mapping into 24 virtual threads...
[2026-09-01T02:51:47.042Z] [ESEB-LOG] HASH SHARDING SUCCESS: All 24 virtual sharded threads mapped & verified. Entropy δ = 0.
[2026-09-01T02:51:47.042Z] [ESEB-LOG] DISPATCH: Virtual Thread #1 | Hash: efc7bed5c067 | Status: ACTIVE
[2026-09-01T02:51:47.042Z] [ESEB-LOG] DISPATCH: Virtual Thread #2 | Hash: e448f6a7b823 | Status: ACTIVE
[2026-09-01T02:51:47.042Z] [ESEB-LOG] DISPATCH: Virtual Thread #3 | Hash: 9cf68d65b86f | Status: ACTIVE
[2026-09-01T02:51:47.042Z] [ESEB-LOG] DISPATCH: Virtual Thread #4 | Hash: b699c401f417 | Status: ACTIVE
[2026-09-01T02:51:47.042Z] [ESEB-LOG] DISPATCH: Virtual Thread #5 | Hash: 684ccdf44277 | Status: ACTIVE
[2026-09-01T02:51:47.042Z] [ESEB-LOG] DISPATCH: Virtual Thread #6 | Hash: ba087fee2193 | Status: ACTIVE
[2026-09-01T02:51:47.042Z] [ESEB-LOG] DISPATCH: Virtual Thread #7 | Hash: 0dc5fe575ddf | Status: ACTIVE
[2026-09-01T02:51:47.042Z] [ESEB-LOG] DISPATCH: Virtual Thread #8 | Hash: 1b4723a23f63 | Status: ACTIVE
[2026-09-01T02:51:47.042Z] [ESEB-LOG] DISPATCH: Virtual Thread #9 | Hash: 9f952c38f61d | Status: ACTIVE
[2026-09-01T02:51:47.042Z] [ESEB-LOG] DISPATCH: Virtual Thread #10 | Hash: 0bd01ed13029 | Status: ACTIVE
[2026-09-01T02:51:47.042Z] [ESEB-LOG] DISPATCH: Virtual Thread #11 | Hash: 45bd7375f67a | Status: ACTIVE
[2026-09-01T02:51:47.042Z] [ESEB-LOG] DISPATCH: Virtual Thread #12 | Hash: 881aa7c72f49 | Status: ACTIVE
[2026-09-01T02:51:47.042Z] [ESEB-LOG] DISPATCH: Virtual Thread #13 | Hash: 5649557e2181 | Status: ACTIVE
[2026-09-01T02:51:47.043Z] [ESEB-LOG] DISPATCH: Virtual Thread #14 | Hash: c6fa8033b011 | Status: ACTIVE
[2026-09-01T02:51:47.043Z] [ESEB-LOG] DISPATCH: Virtual Thread #15 | Hash: 7037de48ac6d | Status: ACTIVE
[2026-09-01T02:51:47.043Z] [ESEB-LOG] DISPATCH: Virtual Thread #16 | Hash: e7c17aa2bf5b | Status: ACTIVE
[2026-09-01T02:51:47.043Z] [ESEB-LOG] DISPATCH: Virtual Thread #17 | Hash: ad5dd99e255e | Status: ACTIVE
[2026-09-01T02:51:47.043Z] [ESEB-LOG] DISPATCH: Virtual Thread #18 | Hash: 4a381a1bf56f | Status: ACTIVE
[2026-09-01T02:51:47.043Z] [ESEB-LOG] DISPATCH: Virtual Thread #19 | Hash: d132584c39a9 | Status: ACTIVE
[2026-09-01T02:51:47.043Z] [ESEB-LOG] DISPATCH: Virtual Thread #20 | Hash: f66124e94e28 | Status: ACTIVE
[2026-09-01T02:51:47.043Z] [ESEB-LOG] DISPATCH: Virtual Thread #21 | Hash: 9f85b75de045 | Status: ACTIVE
[2026-09-01T02:51:47.043Z] [ESEB-LOG] DISPATCH: Virtual Thread #22 | Hash: dfadb4ff31d3 | Status: ACTIVE
[2026-09-01T02:51:47.043Z] [ESEB-LOG] DISPATCH: Virtual Thread #23 | Hash: afaf1a179139 | Status: ACTIVE
[2026-09-01T02:51:47.043Z] [ESEB-LOG] DISPATCH: Virtual Thread #24 | Hash: 59b4ddddad59 | Status: ACTIVE
[2026-09-01T02:51:47.043Z] [ESEB-LOG] ESEB CLASSIC SUCCESS: Core Authenticated | V-STAMP-24 Verified.
[2026-09-01T02:51:47.043Z] [ESEB-LOG] END: Execution Completed. Sharded Virtual Threads Active: 24/24 | Entropy δ = 0.
[2026-09-01T09:02:38.041Z] [ESEB-LOG] START: Orchestration initialized for domain 8000kicks.donabico.com
[2026-09-01T09:02:38.041Z] [ESEB-LOG] ROUND-ROBIN SELECTOR: Active Node: LLAMA_70B (Super Smart Intelligent Reviews & Deep Synthesis)
[2026-09-01T09:02:42.519Z] [ESEB-LOG] SOTA SUCCESS: NODE [LLAMA_70B] HTTP Status: 200 OK (Credit Preserved)
[2026-09-01T09:02:42.520Z] [ESEB-LOG] HASH SHARDING: Initializing mathematical hash mapping into 24 virtual threads...
[2026-09-01T09:02:42.521Z] [ESEB-LOG] HASH SHARDING SUCCESS: All 24 virtual sharded threads mapped & verified. Entropy δ = 0.
[2026-09-01T09:02:42.521Z] [ESEB-LOG] DISPATCH: Virtual Thread #1 | Hash: af2a4ba4fdaa | Status: ACTIVE
[2026-09-01T09:02:42.521Z] [ESEB-LOG] DISPATCH: Virtual Thread #2 | Hash: e3b0fec9f31f | Status: ACTIVE
[2026-09-01T09:02:42.521Z] [ESEB-LOG] DISPATCH: Virtual Thread #3 | Hash: 78f41d87130d | Status: ACTIVE
[2026-09-01T09:02:42.521Z] [ESEB-LOG] DISPATCH: Virtual Thread #4 | Hash: 67be0313cbb0 | Status: ACTIVE
[2026-09-01T09:02:42.521Z] [ESEB-LOG] DISPATCH: Virtual Thread #5 | Hash: 6ba7964eb774 | Status: ACTIVE
[2026-09-01T09:02:42.521Z] [ESEB-LOG] DISPATCH: Virtual Thread #6 | Hash: 5190df2d2015 | Status: ACTIVE
[2026-09-01T09:02:42.521Z] [ESEB-LOG] DISPATCH: Virtual Thread #7 | Hash: 940a7cf04fcc | Status: ACTIVE
[2026-09-01T09:02:42.521Z] [ESEB-LOG] DISPATCH: Virtual Thread #8 | Hash: 30d26fefbf95 | Status: ACTIVE
[2026-09-01T09:02:42.521Z] [ESEB-LOG] DISPATCH: Virtual Thread #9 | Hash: d539b95f2824 | Status: ACTIVE
[2026-09-01T09:02:42.521Z] [ESEB-LOG] DISPATCH: Virtual Thread #10 | Hash: 5ba4b3319a7d | Status: ACTIVE
[2026-09-01T09:02:42.521Z] [ESEB-LOG] DISPATCH: Virtual Thread #11 | Hash: fc1fc982a236 | Status: ACTIVE
[2026-09-01T09:02:42.521Z] [ESEB-LOG] DISPATCH: Virtual Thread #12 | Hash: ca1f321609d5 | Status: ACTIVE
[2026-09-01T09:02:42.521Z] [ESEB-LOG] DISPATCH: Virtual Thread #13 | Hash: 63438cebb2d6 | Status: ACTIVE
[2026-09-01T09:02:42.521Z] [ESEB-LOG] DISPATCH: Virtual Thread #14 | Hash: 6db10377edf9 | Status: ACTIVE
[2026-09-01T09:02:42.521Z] [ESEB-LOG] DISPATCH: Virtual Thread #15 | Hash: bf6c9cea8888 | Status: ACTIVE
[2026-09-01T09:02:42.521Z] [ESEB-LOG] DISPATCH: Virtual Thread #16 | Hash: 97dc98b5ac41 | Status: ACTIVE
[2026-09-01T09:02:42.521Z] [ESEB-LOG] DISPATCH: Virtual Thread #17 | Hash: af58b6c7c2c2 | Status: ACTIVE
[2026-09-01T09:02:42.521Z] [ESEB-LOG] DISPATCH: Virtual Thread #18 | Hash: f91d57bb3d76 | Status: ACTIVE
[2026-09-01T09:02:42.521Z] [ESEB-LOG] DISPATCH: Virtual Thread #19 | Hash: e6206459d9bc | Status: ACTIVE
[2026-09-01T09:02:42.521Z] [ESEB-LOG] DISPATCH: Virtual Thread #20 | Hash: 07d1a7150c6b | Status: ACTIVE
[2026-09-01T09:02:42.521Z] [ESEB-LOG] DISPATCH: Virtual Thread #21 | Hash: bf71ed03b4d9 | Status: ACTIVE
[2026-09-01T09:02:42.521Z] [ESEB-LOG] DISPATCH: Virtual Thread #22 | Hash: 0b4b25594ad6 | Status: ACTIVE
[2026-09-01T09:02:42.521Z] [ESEB-LOG] DISPATCH: Virtual Thread #23 | Hash: 1b75bfa503cc | Status: ACTIVE
[2026-09-01T09:02:42.522Z] [ESEB-LOG] DISPATCH: Virtual Thread #24 | Hash: 7c4f36f7dabc | Status: ACTIVE
[2026-09-01T09:02:42.522Z] [ESEB-LOG] ESEB CLASSIC SUCCESS: Core Authenticated | V-STAMP-24 Verified.
[2026-09-01T09:02:42.522Z] [ESEB-LOG] END: Execution Completed. Sharded Virtual Threads Active: 24/24 | Entropy δ = 0.
[2026-09-01T15:50:02.696Z] [ESEB-LOG] START: Orchestration initialized for domain 8000kicks.donabico.com
[2026-09-01T15:50:02.697Z] [ESEB-LOG] ROUND-ROBIN SELECTOR: Active Node: LLAMA_8B (Rapid RAG Fallback & Smart Sourcing)
[2026-09-01T15:50:04.609Z] [ESEB-LOG] SOTA SUCCESS: NODE [LLAMA_8B] HTTP Status: 200 OK (Credit Preserved)
[2026-09-01T15:50:04.611Z] [ESEB-LOG] HASH SHARDING: Initializing mathematical hash mapping into 24 virtual threads...
[2026-09-01T15:50:04.611Z] [ESEB-LOG] HASH SHARDING SUCCESS: All 24 virtual sharded threads mapped & verified. Entropy δ = 0.
[2026-09-01T15:50:04.611Z] [ESEB-LOG] DISPATCH: Virtual Thread #1 | Hash: dda7de94cd10 | Status: ACTIVE
[2026-09-01T15:50:04.611Z] [ESEB-LOG] DISPATCH: Virtual Thread #2 | Hash: f5e8c0bd9de9 | Status: ACTIVE
[2026-09-01T15:50:04.611Z] [ESEB-LOG] DISPATCH: Virtual Thread #3 | Hash: 2443eaae40e9 | Status: ACTIVE
[2026-09-01T15:50:04.611Z] [ESEB-LOG] DISPATCH: Virtual Thread #4 | Hash: 9735c150f248 | Status: ACTIVE
[2026-09-01T15:50:04.611Z] [ESEB-LOG] DISPATCH: Virtual Thread #5 | Hash: fe10d81a3920 | Status: ACTIVE
[2026-09-01T15:50:04.611Z] [ESEB-LOG] DISPATCH: Virtual Thread #6 | Hash: 08e3cfb0df9c | Status: ACTIVE
[2026-09-01T15:50:04.611Z] [ESEB-LOG] DISPATCH: Virtual Thread #7 | Hash: d9b5765e7718 | Status: ACTIVE
[2026-09-01T15:50:04.611Z] [ESEB-LOG] DISPATCH: Virtual Thread #8 | Hash: e8c2162c9641 | Status: ACTIVE
[2026-09-01T15:50:04.611Z] [ESEB-LOG] DISPATCH: Virtual Thread #9 | Hash: 645647daa84d | Status: ACTIVE
[2026-09-01T15:50:04.611Z] [ESEB-LOG] DISPATCH: Virtual Thread #10 | Hash: 9cb798fc912d | Status: ACTIVE
[2026-09-01T15:50:04.611Z] [ESEB-LOG] DISPATCH: Virtual Thread #11 | Hash: 180bbc2fa543 | Status: ACTIVE
[2026-09-01T15:50:04.611Z] [ESEB-LOG] DISPATCH: Virtual Thread #12 | Hash: 234ec198365a | Status: ACTIVE
[2026-09-01T15:50:04.612Z] [ESEB-LOG] DISPATCH: Virtual Thread #13 | Hash: 93010561ef63 | Status: ACTIVE
[2026-09-01T15:50:04.612Z] [ESEB-LOG] DISPATCH: Virtual Thread #14 | Hash: f72fb4c57b19 | Status: ACTIVE
[2026-09-01T15:50:04.612Z] [ESEB-LOG] DISPATCH: Virtual Thread #15 | Hash: 20660eb0e594 | Status: ACTIVE
[2026-09-01T15:50:04.612Z] [ESEB-LOG] DISPATCH: Virtual Thread #16 | Hash: 542bd1d3ef5a | Status: ACTIVE
[2026-09-01T15:50:04.612Z] [ESEB-LOG] DISPATCH: Virtual Thread #17 | Hash: e57851529fa9 | Status: ACTIVE
[2026-09-01T15:50:04.612Z] [ESEB-LOG] DISPATCH: Virtual Thread #18 | Hash: 02727a6577f4 | Status: ACTIVE
[2026-09-01T15:50:04.612Z] [ESEB-LOG] DISPATCH: Virtual Thread #19 | Hash: 9925a1313264 | Status: ACTIVE
[2026-09-01T15:50:04.612Z] [ESEB-LOG] DISPATCH: Virtual Thread #20 | Hash: fe01a06439a1 | Status: ACTIVE
[2026-09-01T15:50:04.612Z] [ESEB-LOG] DISPATCH: Virtual Thread #21 | Hash: 5dc3d2d6fb0b | Status: ACTIVE
[2026-09-01T15:50:04.612Z] [ESEB-LOG] DISPATCH: Virtual Thread #22 | Hash: abc3ceba07b7 | Status: ACTIVE
[2026-09-01T15:50:04.612Z] [ESEB-LOG] DISPATCH: Virtual Thread #23 | Hash: bc27dc939e97 | Status: ACTIVE
[2026-09-01T15:50:04.612Z] [ESEB-LOG] DISPATCH: Virtual Thread #24 | Hash: 054c98cc8d6a | Status: ACTIVE
[2026-09-01T15:50:04.612Z] [ESEB-LOG] ESEB CLASSIC SUCCESS: Core Authenticated | V-STAMP-24 Verified.
[2026-09-01T15:50:04.612Z] [ESEB-LOG] END: Execution Completed. Sharded Virtual Threads Active: 24/24 | Entropy δ = 0.
[2026-09-01T19:03:58.298Z] [ESEB-LOG] START: Orchestration initialized for domain 8000kicks.donabico.com
[2026-09-01T19:03:58.298Z] [ESEB-LOG] ROUND-ROBIN SELECTOR: Active Node: DEEPSEEK (Advanced Reasoning & GEO-SEO Optimization)
[2026-09-01T19:04:05.503Z] [ESEB-LOG] SOTA SUCCESS: NODE [DEEPSEEK] HTTP Status: 200 OK (Credit Preserved)
[2026-09-01T19:04:05.504Z] [ESEB-LOG] HASH SHARDING: Initializing mathematical hash mapping into 24 virtual threads...
[2026-09-01T19:04:05.505Z] [ESEB-LOG] HASH SHARDING SUCCESS: All 24 virtual sharded threads mapped & verified. Entropy δ = 0.
[2026-09-01T19:04:05.505Z] [ESEB-LOG] DISPATCH: Virtual Thread #1 | Hash: 33d0fbf1ce2e | Status: ACTIVE
[2026-09-01T19:04:05.505Z] [ESEB-LOG] DISPATCH: Virtual Thread #2 | Hash: 3e685462495e | Status: ACTIVE
[2026-09-01T19:04:05.505Z] [ESEB-LOG] DISPATCH: Virtual Thread #3 | Hash: db94bf216283 | Status: ACTIVE
[2026-09-01T19:04:05.505Z] [ESEB-LOG] DISPATCH: Virtual Thread #4 | Hash: 185e113180fe | Status: ACTIVE
[2026-09-01T19:04:05.505Z] [ESEB-LOG] DISPATCH: Virtual Thread #5 | Hash: 98b67ba2d28a | Status: ACTIVE
[2026-09-01T19:04:05.505Z] [ESEB-LOG] DISPATCH: Virtual Thread #6 | Hash: 357f13aec230 | Status: ACTIVE
[2026-09-01T19:04:05.505Z] [ESEB-LOG] DISPATCH: Virtual Thread #7 | Hash: 7127670f0fdd | Status: ACTIVE
[2026-09-01T19:04:05.505Z] [ESEB-LOG] DISPATCH: Virtual Thread #8 | Hash: 5af6dfd668be | Status: ACTIVE
[2026-09-01T19:04:05.505Z] [ESEB-LOG] DISPATCH: Virtual Thread #9 | Hash: 9b82b6f9b12e | Status: ACTIVE
[2026-09-01T19:04:05.505Z] [ESEB-LOG] DISPATCH: Virtual Thread #10 | Hash: 822487683c20 | Status: ACTIVE
[2026-09-01T19:04:05.505Z] [ESEB-LOG] DISPATCH: Virtual Thread #11 | Hash: 34bfa8c34e4a | Status: ACTIVE
[2026-09-01T19:04:05.505Z] [ESEB-LOG] DISPATCH: Virtual Thread #12 | Hash: 5b0db527aa5d | Status: ACTIVE
[2026-09-01T19:04:05.505Z] [ESEB-LOG] DISPATCH: Virtual Thread #13 | Hash: 0139bfb7b96f | Status: ACTIVE
[2026-09-01T19:04:05.505Z] [ESEB-LOG] DISPATCH: Virtual Thread #14 | Hash: 47b251e9359b | Status: ACTIVE
[2026-09-01T19:04:05.505Z] [ESEB-LOG] DISPATCH: Virtual Thread #15 | Hash: 14ef03d06f48 | Status: ACTIVE
[2026-09-01T19:04:05.505Z] [ESEB-LOG] DISPATCH: Virtual Thread #16 | Hash: 94d807f53752 | Status: ACTIVE
[2026-09-01T19:04:05.505Z] [ESEB-LOG] DISPATCH: Virtual Thread #17 | Hash: 369bfcbcfbeb | Status: ACTIVE
[2026-09-01T19:04:05.505Z] [ESEB-LOG] DISPATCH: Virtual Thread #18 | Hash: ed4e0d02c17b | Status: ACTIVE
[2026-09-01T19:04:05.505Z] [ESEB-LOG] DISPATCH: Virtual Thread #19 | Hash: dc1c698e3c24 | Status: ACTIVE
[2026-09-01T19:04:05.505Z] [ESEB-LOG] DISPATCH: Virtual Thread #20 | Hash: b8475c6db03a | Status: ACTIVE
[2026-09-01T19:04:05.505Z] [ESEB-LOG] DISPATCH: Virtual Thread #21 | Hash: b33231f9847b | Status: ACTIVE
[2026-09-01T19:04:05.505Z] [ESEB-LOG] DISPATCH: Virtual Thread #22 | Hash: 1b1198fba9b7 | Status: ACTIVE
[2026-09-01T19:04:05.505Z] [ESEB-LOG] DISPATCH: Virtual Thread #23 | Hash: e6032da3b8ab | Status: ACTIVE
[2026-09-01T19:04:05.505Z] [ESEB-LOG] DISPATCH: Virtual Thread #24 | Hash: 0694ba6a9926 | Status: ACTIVE
[2026-09-01T19:04:05.505Z] [ESEB-LOG] ESEB CLASSIC SUCCESS: Core Authenticated | V-STAMP-24 Verified.
[2026-09-01T19:04:05.505Z] [ESEB-LOG] END: Execution Completed. Sharded Virtual Threads Active: 24/24 | Entropy δ = 0.
[2026-09-01T22:14:25.915Z] [ESEB-LOG] START: Orchestration initialized for domain 8000kicks.donabico.com
[2026-09-01T22:14:25.916Z] [ESEB-LOG] ROUND-ROBIN SELECTOR: Active Node: MISTRAL_7B (JSON-LD Schema & Structured Intelligence)
[2026-09-01T22:14:35.968Z] [ESEB-LOG] AUTO-HEALED: Request timeout. Self-healing fallback engaged.
[2026-09-01T22:14:35.968Z] [ESEB-LOG] HASH SHARDING: Initializing mathematical hash mapping into 24 virtual threads...
[2026-09-01T22:14:35.969Z] [ESEB-LOG] HASH SHARDING SUCCESS: All 24 virtual sharded threads mapped & verified. Entropy δ = 0.
[2026-09-01T22:14:35.969Z] [ESEB-LOG] DISPATCH: Virtual Thread #1 | Hash: e135325b55a9 | Status: ACTIVE
[2026-09-01T22:14:35.969Z] [ESEB-LOG] DISPATCH: Virtual Thread #2 | Hash: ec3bb9bcdddc | Status: ACTIVE
[2026-09-01T22:14:35.969Z] [ESEB-LOG] DISPATCH: Virtual Thread #3 | Hash: 26b0d5ad93d9 | Status: ACTIVE
[2026-09-01T22:14:35.969Z] [ESEB-LOG] DISPATCH: Virtual Thread #4 | Hash: 28428d7dc7f0 | Status: ACTIVE
[2026-09-01T22:14:35.969Z] [ESEB-LOG] DISPATCH: Virtual Thread #5 | Hash: 7fbfdf8b5db1 | Status: ACTIVE
[2026-09-01T22:14:35.969Z] [ESEB-LOG] DISPATCH: Virtual Thread #6 | Hash: ca4f01aec6f2 | Status: ACTIVE
[2026-09-01T22:14:35.969Z] [ESEB-LOG] DISPATCH: Virtual Thread #7 | Hash: 8abcb0a209f1 | Status: ACTIVE
[2026-09-01T22:14:35.969Z] [ESEB-LOG] DISPATCH: Virtual Thread #8 | Hash: 2de84671c13c | Status: ACTIVE
[2026-09-01T22:14:35.969Z] [ESEB-LOG] DISPATCH: Virtual Thread #9 | Hash: 3c0dabe898bf | Status: ACTIVE
[2026-09-01T22:14:35.969Z] [ESEB-LOG] DISPATCH: Virtual Thread #10 | Hash: 8fb770844042 | Status: ACTIVE
[2026-09-01T22:14:35.969Z] [ESEB-LOG] DISPATCH: Virtual Thread #11 | Hash: 72e2da6e2207 | Status: ACTIVE
[2026-09-01T22:14:35.969Z] [ESEB-LOG] DISPATCH: Virtual Thread #12 | Hash: 79f15496c4fc | Status: ACTIVE
[2026-09-01T22:14:35.969Z] [ESEB-LOG] DISPATCH: Virtual Thread #13 | Hash: 03444b99be86 | Status: ACTIVE
[2026-09-01T22:14:35.969Z] [ESEB-LOG] DISPATCH: Virtual Thread #14 | Hash: 44c031836d3c | Status: ACTIVE
[2026-09-01T22:14:35.969Z] [ESEB-LOG] DISPATCH: Virtual Thread #15 | Hash: 57c68378f0b7 | Status: ACTIVE
[2026-09-01T22:14:35.969Z] [ESEB-LOG] DISPATCH: Virtual Thread #16 | Hash: 8bfc5fa05f00 | Status: ACTIVE
[2026-09-01T22:14:35.969Z] [ESEB-LOG] DISPATCH: Virtual Thread #17 | Hash: 180abb25b95e | Status: ACTIVE
[2026-09-01T22:14:35.969Z] [ESEB-LOG] DISPATCH: Virtual Thread #18 | Hash: 414a388d23fd | Status: ACTIVE
[2026-09-01T22:14:35.969Z] [ESEB-LOG] DISPATCH: Virtual Thread #19 | Hash: 54f5b28e9365 | Status: ACTIVE
[2026-09-01T22:14:35.969Z] [ESEB-LOG] DISPATCH: Virtual Thread #20 | Hash: d4f7bd6ea788 | Status: ACTIVE
[2026-09-01T22:14:35.969Z] [ESEB-LOG] DISPATCH: Virtual Thread #21 | Hash: 7aa37421c62b | Status: ACTIVE
[2026-09-01T22:14:35.969Z] [ESEB-LOG] DISPATCH: Virtual Thread #22 | Hash: e4038a201430 | Status: ACTIVE
[2026-09-01T22:14:35.969Z] [ESEB-LOG] DISPATCH: Virtual Thread #23 | Hash: bd569b5bf532 | Status: ACTIVE
[2026-09-01T22:14:35.969Z] [ESEB-LOG] DISPATCH: Virtual Thread #24 | Hash: 99f364cd96f3 | Status: ACTIVE
[2026-09-01T22:14:35.969Z] [ESEB-LOG] ESEB CLASSIC SUCCESS: Core Authenticated | V-STAMP-24 Verified.
[2026-09-01T22:14:35.969Z] [ESEB-LOG] END: Execution Completed. Sharded Virtual Threads Active: 24/24 | Entropy δ = 0.
[2026-09-02T02:11:41.837Z] [ESEB-LOG] START: Orchestration initialized for domain 8000kicks.donabico.com
[2026-09-02T02:11:41.837Z] [ESEB-LOG] ROUND-ROBIN SELECTOR: Active Node: LLAMA_3B (Edge Ultra-Fast Localization)
[2026-09-02T02:11:42.972Z] [ESEB-LOG] SOTA SUCCESS: NODE [LLAMA_3B] HTTP Status: 200 OK (Credit Preserved)
[2026-09-02T02:11:42.973Z] [ESEB-LOG] HASH SHARDING: Initializing mathematical hash mapping into 24 virtual threads...
[2026-09-02T02:11:42.974Z] [ESEB-LOG] HASH SHARDING SUCCESS: All 24 virtual sharded threads mapped & verified. Entropy δ = 0.
[2026-09-02T02:11:42.974Z] [ESEB-LOG] DISPATCH: Virtual Thread #1 | Hash: 65e89ece5d3f | Status: ACTIVE
[2026-09-02T02:11:42.974Z] [ESEB-LOG] DISPATCH: Virtual Thread #2 | Hash: b389d8c856c6 | Status: ACTIVE
[2026-09-02T02:11:42.974Z] [ESEB-LOG] DISPATCH: Virtual Thread #3 | Hash: d3e9ee8dd6a9 | Status: ACTIVE
[2026-09-02T02:11:42.974Z] [ESEB-LOG] DISPATCH: Virtual Thread #4 | Hash: a12befd818d1 | Status: ACTIVE
[2026-09-02T02:11:42.974Z] [ESEB-LOG] DISPATCH: Virtual Thread #5 | Hash: 442135e15bf2 | Status: ACTIVE
[2026-09-02T02:11:42.974Z] [ESEB-LOG] DISPATCH: Virtual Thread #6 | Hash: ca0e5d35eee5 | Status: ACTIVE
[2026-09-02T02:11:42.974Z] [ESEB-LOG] DISPATCH: Virtual Thread #7 | Hash: 18eb796b4fff | Status: ACTIVE
[2026-09-02T02:11:42.974Z] [ESEB-LOG] DISPATCH: Virtual Thread #8 | Hash: a107b3d57fdf | Status: ACTIVE
[2026-09-02T02:11:42.974Z] [ESEB-LOG] DISPATCH: Virtual Thread #9 | Hash: 7d6c9d7eeb96 | Status: ACTIVE
[2026-09-02T02:11:42.974Z] [ESEB-LOG] DISPATCH: Virtual Thread #10 | Hash: b60424d7bec4 | Status: ACTIVE
[2026-09-02T02:11:42.974Z] [ESEB-LOG] DISPATCH: Virtual Thread #11 | Hash: 1fec55ee59d7 | Status: ACTIVE
[2026-09-02T02:11:42.974Z] [ESEB-LOG] DISPATCH: Virtual Thread #12 | Hash: 80f9a059d3cf | Status: ACTIVE
[2026-09-02T02:11:42.974Z] [ESEB-LOG] DISPATCH: Virtual Thread #13 | Hash: d2ca0be2e87c | Status: ACTIVE
[2026-09-02T02:11:42.974Z] [ESEB-LOG] DISPATCH: Virtual Thread #14 | Hash: c5da4a0bfcae | Status: ACTIVE
[2026-09-02T02:11:42.974Z] [ESEB-LOG] DISPATCH: Virtual Thread #15 | Hash: 1314a75efeeb | Status: ACTIVE
[2026-09-02T02:11:42.974Z] [ESEB-LOG] DISPATCH: Virtual Thread #16 | Hash: 29f8fef61bc9 | Status: ACTIVE
[2026-09-02T02:11:42.974Z] [ESEB-LOG] DISPATCH: Virtual Thread #17 | Hash: 0b75f09c7694 | Status: ACTIVE
[2026-09-02T02:11:42.974Z] [ESEB-LOG] DISPATCH: Virtual Thread #18 | Hash: a72a4ed2db49 | Status: ACTIVE
[2026-09-02T02:11:42.974Z] [ESEB-LOG] DISPATCH: Virtual Thread #19 | Hash: 15748d6e6d57 | Status: ACTIVE
[2026-09-02T02:11:42.974Z] [ESEB-LOG] DISPATCH: Virtual Thread #20 | Hash: 6a3840f139bc | Status: ACTIVE
[2026-09-02T02:11:42.974Z] [ESEB-LOG] DISPATCH: Virtual Thread #21 | Hash: 8c3d4cc4ca03 | Status: ACTIVE
[2026-09-02T02:11:42.974Z] [ESEB-LOG] DISPATCH: Virtual Thread #22 | Hash: bb821872acf9 | Status: ACTIVE
[2026-09-02T02:11:42.974Z] [ESEB-LOG] DISPATCH: Virtual Thread #23 | Hash: 0c051d40b2d4 | Status: ACTIVE
[2026-09-02T02:11:42.974Z] [ESEB-LOG] DISPATCH: Virtual Thread #24 | Hash: 560555941fb5 | Status: ACTIVE
[2026-09-02T02:11:42.974Z] [ESEB-LOG] ESEB CLASSIC SUCCESS: Core Authenticated | V-STAMP-24 Verified.
[2026-09-02T02:11:42.974Z] [ESEB-LOG] END: Execution Completed. Sharded Virtual Threads Active: 24/24 | Entropy δ = 0.
[2026-09-02T08:16:13.474Z] [ESEB-LOG] START: Orchestration initialized for domain 8000kicks.donabico.com
[2026-09-02T08:16:13.475Z] [ESEB-LOG] ROUND-ROBIN SELECTOR: Active Node: BGE_EMBEDDING (RAG Knowledge Vectorization)
[2026-09-02T08:16:13.783Z] [ESEB-LOG] SOTA SUCCESS: NODE [BGE_EMBEDDING] HTTP Status: 200 OK (Credit Preserved)
[2026-09-02T08:16:13.784Z] [ESEB-LOG] HASH SHARDING: Initializing mathematical hash mapping into 24 virtual threads...
[2026-09-02T08:16:13.785Z] [ESEB-LOG] HASH SHARDING SUCCESS: All 24 virtual sharded threads mapped & verified. Entropy δ = 0.
[2026-09-02T08:16:13.785Z] [ESEB-LOG] DISPATCH: Virtual Thread #1 | Hash: aed292c0204a | Status: ACTIVE
[2026-09-02T08:16:13.785Z] [ESEB-LOG] DISPATCH: Virtual Thread #2 | Hash: 9923c64aa3d1 | Status: ACTIVE
[2026-09-02T08:16:13.785Z] [ESEB-LOG] DISPATCH: Virtual Thread #3 | Hash: 9790e8da7d18 | Status: ACTIVE
[2026-09-02T08:16:13.785Z] [ESEB-LOG] DISPATCH: Virtual Thread #4 | Hash: 4e7eb4f96591 | Status: ACTIVE
[2026-09-02T08:16:13.785Z] [ESEB-LOG] DISPATCH: Virtual Thread #5 | Hash: d3bb6518212a | Status: ACTIVE
[2026-09-02T08:16:13.785Z] [ESEB-LOG] DISPATCH: Virtual Thread #6 | Hash: ea49988d049c | Status: ACTIVE
[2026-09-02T08:16:13.785Z] [ESEB-LOG] DISPATCH: Virtual Thread #7 | Hash: 4845d4354aed | Status: ACTIVE
[2026-09-02T08:16:13.785Z] [ESEB-LOG] DISPATCH: Virtual Thread #8 | Hash: fe41519ff2e4 | Status: ACTIVE
[2026-09-02T08:16:13.785Z] [ESEB-LOG] DISPATCH: Virtual Thread #9 | Hash: 46670143091b | Status: ACTIVE
[2026-09-02T08:16:13.785Z] [ESEB-LOG] DISPATCH: Virtual Thread #10 | Hash: c47102c6e381 | Status: ACTIVE
[2026-09-02T08:16:13.785Z] [ESEB-LOG] DISPATCH: Virtual Thread #11 | Hash: e9778b4e4e45 | Status: ACTIVE
[2026-09-02T08:16:13.785Z] [ESEB-LOG] DISPATCH: Virtual Thread #12 | Hash: 0482713430c9 | Status: ACTIVE
[2026-09-02T08:16:13.785Z] [ESEB-LOG] DISPATCH: Virtual Thread #13 | Hash: 1b9ae6a29a7c | Status: ACTIVE
[2026-09-02T08:16:13.785Z] [ESEB-LOG] DISPATCH: Virtual Thread #14 | Hash: 7a3479042e7c | Status: ACTIVE
[2026-09-02T08:16:13.785Z] [ESEB-LOG] DISPATCH: Virtual Thread #15 | Hash: 828e991d4b3f | Status: ACTIVE
[2026-09-02T08:16:13.785Z] [ESEB-LOG] DISPATCH: Virtual Thread #16 | Hash: 38f2ef711f74 | Status: ACTIVE
[2026-09-02T08:16:13.786Z] [ESEB-LOG] DISPATCH: Virtual Thread #17 | Hash: c7c7bc2970cd | Status: ACTIVE
[2026-09-02T08:16:13.786Z] [ESEB-LOG] DISPATCH: Virtual Thread #18 | Hash: cd67ca8aa319 | Status: ACTIVE
[2026-09-02T08:16:13.786Z] [ESEB-LOG] DISPATCH: Virtual Thread #19 | Hash: 8d6b9a54b9a5 | Status: ACTIVE
[2026-09-02T08:16:13.786Z] [ESEB-LOG] DISPATCH: Virtual Thread #20 | Hash: ef9c348b4417 | Status: ACTIVE
[2026-09-02T08:16:13.786Z] [ESEB-LOG] DISPATCH: Virtual Thread #21 | Hash: 9e2ffdeb635f | Status: ACTIVE
[2026-09-02T08:16:13.786Z] [ESEB-LOG] DISPATCH: Virtual Thread #22 | Hash: 2d77caa8f208 | Status: ACTIVE
[2026-09-02T08:16:13.786Z] [ESEB-LOG] DISPATCH: Virtual Thread #23 | Hash: 5132806ff6f6 | Status: ACTIVE
[2026-09-02T08:16:13.786Z] [ESEB-LOG] DISPATCH: Virtual Thread #24 | Hash: 6426807becbb | Status: ACTIVE
[2026-09-02T08:16:13.786Z] [ESEB-LOG] ESEB CLASSIC SUCCESS: Core Authenticated | V-STAMP-24 Verified.
[2026-09-02T08:16:13.786Z] [ESEB-LOG] END: Execution Completed. Sharded Virtual Threads Active: 24/24 | Entropy δ = 0.
[2026-09-02T15:43:07.997Z] [ESEB-LOG] START: Orchestration initialized for domain 8000kicks.donabico.com
[2026-09-02T15:43:07.998Z] [ESEB-LOG] ROUND-ROBIN SELECTOR: Active Node: SDXL_IMAGE (Affiliate Intelligent Banners & Posters)
[2026-09-02T15:43:11.872Z] [ESEB-LOG] SOTA SUCCESS: NODE [SDXL_IMAGE] HTTP Status: 200 OK (Credit Preserved)
[2026-09-02T15:43:11.873Z] [ESEB-LOG] HASH SHARDING: Initializing mathematical hash mapping into 24 virtual threads...
[2026-09-02T15:43:11.874Z] [ESEB-LOG] HASH SHARDING SUCCESS: All 24 virtual sharded threads mapped & verified. Entropy δ = 0.
[2026-09-02T15:43:11.874Z] [ESEB-LOG] DISPATCH: Virtual Thread #1 | Hash: 4e11161960ff | Status: ACTIVE
[2026-09-02T15:43:11.874Z] [ESEB-LOG] DISPATCH: Virtual Thread #2 | Hash: 4ca2eca9b6de | Status: ACTIVE
[2026-09-02T15:43:11.874Z] [ESEB-LOG] DISPATCH: Virtual Thread #3 | Hash: 8df277e16f32 | Status: ACTIVE
[2026-09-02T15:43:11.874Z] [ESEB-LOG] DISPATCH: Virtual Thread #4 | Hash: 6eb4785645bb | Status: ACTIVE
[2026-09-02T15:43:11.874Z] [ESEB-LOG] DISPATCH: Virtual Thread #5 | Hash: e72dede103f9 | Status: ACTIVE
[2026-09-02T15:43:11.874Z] [ESEB-LOG] DISPATCH: Virtual Thread #6 | Hash: 4cdff8401785 | Status: ACTIVE
[2026-09-02T15:43:11.874Z] [ESEB-LOG] DISPATCH: Virtual Thread #7 | Hash: 324019f38477 | Status: ACTIVE
[2026-09-02T15:43:11.874Z] [ESEB-LOG] DISPATCH: Virtual Thread #8 | Hash: ff9e04b0e968 | Status: ACTIVE
[2026-09-02T15:43:11.874Z] [ESEB-LOG] DISPATCH: Virtual Thread #9 | Hash: 4eed37077a5b | Status: ACTIVE
[2026-09-02T15:43:11.874Z] [ESEB-LOG] DISPATCH: Virtual Thread #10 | Hash: 5a856a513216 | Status: ACTIVE
[2026-09-02T15:43:11.874Z] [ESEB-LOG] DISPATCH: Virtual Thread #11 | Hash: db7d8f89b364 | Status: ACTIVE
[2026-09-02T15:43:11.874Z] [ESEB-LOG] DISPATCH: Virtual Thread #12 | Hash: bc81d1d6ce66 | Status: ACTIVE
[2026-09-02T15:43:11.874Z] [ESEB-LOG] DISPATCH: Virtual Thread #13 | Hash: 315d2d431d62 | Status: ACTIVE
[2026-09-02T15:43:11.874Z] [ESEB-LOG] DISPATCH: Virtual Thread #14 | Hash: 0771abcf4e31 | Status: ACTIVE
[2026-09-02T15:43:11.874Z] [ESEB-LOG] DISPATCH: Virtual Thread #15 | Hash: ef3258a804e1 | Status: ACTIVE
[2026-09-02T15:43:11.874Z] [ESEB-LOG] DISPATCH: Virtual Thread #16 | Hash: 9891b7b12a4f | Status: ACTIVE
[2026-09-02T15:43:11.874Z] [ESEB-LOG] DISPATCH: Virtual Thread #17 | Hash: cbe3bddc7277 | Status: ACTIVE
[2026-09-02T15:43:11.874Z] [ESEB-LOG] DISPATCH: Virtual Thread #18 | Hash: 09d5fcae86ae | Status: ACTIVE
[2026-09-02T15:43:11.874Z] [ESEB-LOG] DISPATCH: Virtual Thread #19 | Hash: f338239713f9 | Status: ACTIVE
[2026-09-02T15:43:11.874Z] [ESEB-LOG] DISPATCH: Virtual Thread #20 | Hash: f8e4e91090f1 | Status: ACTIVE
[2026-09-02T15:43:11.874Z] [ESEB-LOG] DISPATCH: Virtual Thread #21 | Hash: 465f077084ec | Status: ACTIVE
[2026-09-02T15:43:11.874Z] [ESEB-LOG] DISPATCH: Virtual Thread #22 | Hash: a3938b72c751 | Status: ACTIVE
[2026-09-02T15:43:11.874Z] [ESEB-LOG] DISPATCH: Virtual Thread #23 | Hash: 1a36e834533f | Status: ACTIVE
[2026-09-02T15:43:11.874Z] [ESEB-LOG] DISPATCH: Virtual Thread #24 | Hash: d0f039e63fab | Status: ACTIVE
[2026-09-02T15:43:11.874Z] [ESEB-LOG] ESEB CLASSIC SUCCESS: Core Authenticated | V-STAMP-24 Verified.
[2026-09-02T15:43:11.874Z] [ESEB-LOG] END: Execution Completed. Sharded Virtual Threads Active: 24/24 | Entropy δ = 0.
[2026-09-02T19:07:32.194Z] [ESEB-LOG] START: Orchestration initialized for domain 8000kicks.donabico.com
[2026-09-02T19:07:32.195Z] [ESEB-LOG] ROUND-ROBIN SELECTOR: Active Node: LLAMA_70B (Super Smart Intelligent Reviews & Deep Synthesis)
[2026-09-02T19:07:37.142Z] [ESEB-LOG] SOTA SUCCESS: NODE [LLAMA_70B] HTTP Status: 200 OK (Credit Preserved)
[2026-09-02T19:07:37.143Z] [ESEB-LOG] HASH SHARDING: Initializing mathematical hash mapping into 24 virtual threads...
[2026-09-02T19:07:37.143Z] [ESEB-LOG] HASH SHARDING SUCCESS: All 24 virtual sharded threads mapped & verified. Entropy δ = 0.
[2026-09-02T19:07:37.144Z] [ESEB-LOG] DISPATCH: Virtual Thread #1 | Hash: e1b775206a01 | Status: ACTIVE
[2026-09-02T19:07:37.144Z] [ESEB-LOG] DISPATCH: Virtual Thread #2 | Hash: 3986080ee36f | Status: ACTIVE
[2026-09-02T19:07:37.144Z] [ESEB-LOG] DISPATCH: Virtual Thread #3 | Hash: 5905a66237c8 | Status: ACTIVE
[2026-09-02T19:07:37.144Z] [ESEB-LOG] DISPATCH: Virtual Thread #4 | Hash: 96df0d9d9bce | Status: ACTIVE
[2026-09-02T19:07:37.144Z] [ESEB-LOG] DISPATCH: Virtual Thread #5 | Hash: 5a7674f7e363 | Status: ACTIVE
[2026-09-02T19:07:37.144Z] [ESEB-LOG] DISPATCH: Virtual Thread #6 | Hash: 8f8e67e2f41f | Status: ACTIVE
[2026-09-02T19:07:37.144Z] [ESEB-LOG] DISPATCH: Virtual Thread #7 | Hash: 96322846f545 | Status: ACTIVE
[2026-09-02T19:07:37.144Z] [ESEB-LOG] DISPATCH: Virtual Thread #8 | Hash: 187e21af9cbd | Status: ACTIVE
[2026-09-02T19:07:37.144Z] [ESEB-LOG] DISPATCH: Virtual Thread #9 | Hash: c8177ea5fc78 | Status: ACTIVE
[2026-09-02T19:07:37.144Z] [ESEB-LOG] DISPATCH: Virtual Thread #10 | Hash: 3a428c7f719c | Status: ACTIVE
[2026-09-02T19:07:37.144Z] [ESEB-LOG] DISPATCH: Virtual Thread #11 | Hash: 05909186cbc7 | Status: ACTIVE
[2026-09-02T19:07:37.144Z] [ESEB-LOG] DISPATCH: Virtual Thread #12 | Hash: 7efa622f56be | Status: ACTIVE
[2026-09-02T19:07:37.144Z] [ESEB-LOG] DISPATCH: Virtual Thread #13 | Hash: f441bcffd6a0 | Status: ACTIVE
[2026-09-02T19:07:37.144Z] [ESEB-LOG] DISPATCH: Virtual Thread #14 | Hash: 583274909095 | Status: ACTIVE
[2026-09-02T19:07:37.144Z] [ESEB-LOG] DISPATCH: Virtual Thread #15 | Hash: 63cae0a8538d | Status: ACTIVE
[2026-09-02T19:07:37.144Z] [ESEB-LOG] DISPATCH: Virtual Thread #16 | Hash: a10611cef35d | Status: ACTIVE
[2026-09-02T19:07:37.144Z] [ESEB-LOG] DISPATCH: Virtual Thread #17 | Hash: d06cce859622 | Status: ACTIVE
[2026-09-02T19:07:37.144Z] [ESEB-LOG] DISPATCH: Virtual Thread #18 | Hash: c0939af5c14d | Status: ACTIVE
[2026-09-02T19:07:37.144Z] [ESEB-LOG] DISPATCH: Virtual Thread #19 | Hash: 39be69c576f3 | Status: ACTIVE
[2026-09-02T19:07:37.144Z] [ESEB-LOG] DISPATCH: Virtual Thread #20 | Hash: a14e42c7155b | Status: ACTIVE
[2026-09-02T19:07:37.144Z] [ESEB-LOG] DISPATCH: Virtual Thread #21 | Hash: 6c773b880de5 | Status: ACTIVE
[2026-09-02T19:07:37.144Z] [ESEB-LOG] DISPATCH: Virtual Thread #22 | Hash: 493c04de6092 | Status: ACTIVE
[2026-09-02T19:07:37.144Z] [ESEB-LOG] DISPATCH: Virtual Thread #23 | Hash: d726084290ec | Status: ACTIVE
[2026-09-02T19:07:37.144Z] [ESEB-LOG] DISPATCH: Virtual Thread #24 | Hash: 068b5d9e2da7 | Status: ACTIVE
[2026-09-02T19:07:37.144Z] [ESEB-LOG] ESEB CLASSIC SUCCESS: Core Authenticated | V-STAMP-24 Verified.
[2026-09-02T19:07:37.144Z] [ESEB-LOG] END: Execution Completed. Sharded Virtual Threads Active: 24/24 | Entropy δ = 0.
[2026-09-02T22:12:32.014Z] [ESEB-LOG] START: Orchestration initialized for domain 8000kicks.donabico.com
[2026-09-02T22:12:32.014Z] [ESEB-LOG] ROUND-ROBIN SELECTOR: Active Node: LLAMA_8B (Rapid RAG Fallback & Smart Sourcing)
[2026-09-02T22:12:33.382Z] [ESEB-LOG] SOTA SUCCESS: NODE [LLAMA_8B] HTTP Status: 200 OK (Credit Preserved)
[2026-09-02T22:12:33.383Z] [ESEB-LOG] HASH SHARDING: Initializing mathematical hash mapping into 24 virtual threads...
[2026-09-02T22:12:33.383Z] [ESEB-LOG] HASH SHARDING SUCCESS: All 24 virtual sharded threads mapped & verified. Entropy δ = 0.
[2026-09-02T22:12:33.383Z] [ESEB-LOG] DISPATCH: Virtual Thread #1 | Hash: ae646fc8d114 | Status: ACTIVE
[2026-09-02T22:12:33.383Z] [ESEB-LOG] DISPATCH: Virtual Thread #2 | Hash: 34ed76e44a5d | Status: ACTIVE
[2026-09-02T22:12:33.383Z] [ESEB-LOG] DISPATCH: Virtual Thread #3 | Hash: 70dec29fb1b5 | Status: ACTIVE
[2026-09-02T22:12:33.383Z] [ESEB-LOG] DISPATCH: Virtual Thread #4 | Hash: b5a411f8d9a4 | Status: ACTIVE
[2026-09-02T22:12:33.384Z] [ESEB-LOG] DISPATCH: Virtual Thread #5 | Hash: 8c50f5b519a0 | Status: ACTIVE
[2026-09-02T22:12:33.384Z] [ESEB-LOG] DISPATCH: Virtual Thread #6 | Hash: 5a368f2db451 | Status: ACTIVE
[2026-09-02T22:12:33.384Z] [ESEB-LOG] DISPATCH: Virtual Thread #7 | Hash: 0a1c69817e3b | Status: ACTIVE
[2026-09-02T22:12:33.384Z] [ESEB-LOG] DISPATCH: Virtual Thread #8 | Hash: b8a4346c4bef | Status: ACTIVE
[2026-09-02T22:12:33.384Z] [ESEB-LOG] DISPATCH: Virtual Thread #9 | Hash: 1c727f6e5aea | Status: ACTIVE
[2026-09-02T22:12:33.384Z] [ESEB-LOG] DISPATCH: Virtual Thread #10 | Hash: 77ad920c172e | Status: ACTIVE
[2026-09-02T22:12:33.384Z] [ESEB-LOG] DISPATCH: Virtual Thread #11 | Hash: a3bc7ce58f85 | Status: ACTIVE
[2026-09-02T22:12:33.384Z] [ESEB-LOG] DISPATCH: Virtual Thread #12 | Hash: c881862b9084 | Status: ACTIVE
[2026-09-02T22:12:33.384Z] [ESEB-LOG] DISPATCH: Virtual Thread #13 | Hash: adc018b10404 | Status: ACTIVE
[2026-09-02T22:12:33.384Z] [ESEB-LOG] DISPATCH: Virtual Thread #14 | Hash: 3c4071818408 | Status: ACTIVE
[2026-09-02T22:12:33.384Z] [ESEB-LOG] DISPATCH: Virtual Thread #15 | Hash: 8536412bac20 | Status: ACTIVE
[2026-09-02T22:12:33.384Z] [ESEB-LOG] DISPATCH: Virtual Thread #16 | Hash: 39785b983a78 | Status: ACTIVE
[2026-09-02T22:12:33.384Z] [ESEB-LOG] DISPATCH: Virtual Thread #17 | Hash: ba0744ac15d0 | Status: ACTIVE
[2026-09-02T22:12:33.384Z] [ESEB-LOG] DISPATCH: Virtual Thread #18 | Hash: fc74867e7f42 | Status: ACTIVE
[2026-09-02T22:12:33.384Z] [ESEB-LOG] DISPATCH: Virtual Thread #19 | Hash: 16a9c28b9c79 | Status: ACTIVE
[2026-09-02T22:12:33.384Z] [ESEB-LOG] DISPATCH: Virtual Thread #20 | Hash: a70f4a77659f | Status: ACTIVE
[2026-09-02T22:12:33.384Z] [ESEB-LOG] DISPATCH: Virtual Thread #21 | Hash: 578fb7911f6f | Status: ACTIVE
[2026-09-02T22:12:33.384Z] [ESEB-LOG] DISPATCH: Virtual Thread #22 | Hash: 896ba068888a | Status: ACTIVE
[2026-09-02T22:12:33.384Z] [ESEB-LOG] DISPATCH: Virtual Thread #23 | Hash: 78879e60688c | Status: ACTIVE
[2026-09-02T22:12:33.384Z] [ESEB-LOG] DISPATCH: Virtual Thread #24 | Hash: 83aa0de00765 | Status: ACTIVE
[2026-09-02T22:12:33.384Z] [ESEB-LOG] ESEB CLASSIC SUCCESS: Core Authenticated | V-STAMP-24 Verified.
[2026-09-02T22:12:33.384Z] [ESEB-LOG] END: Execution Completed. Sharded Virtual Threads Active: 24/24 | Entropy δ = 0.
[2026-09-03T02:18:57.395Z] [ESEB-LOG] START: Orchestration initialized for domain 8000kicks.donabico.com
[2026-09-03T02:18:57.395Z] [ESEB-LOG] ROUND-ROBIN SELECTOR: Active Node: DEEPSEEK (Advanced Reasoning & GEO-SEO Optimization)
[2026-09-03T02:19:07.465Z] [ESEB-LOG] AUTO-HEALED: Request timeout. Self-healing fallback engaged.
[2026-09-03T02:19:07.465Z] [ESEB-LOG] HASH SHARDING: Initializing mathematical hash mapping into 24 virtual threads...
[2026-09-03T02:19:07.466Z] [ESEB-LOG] HASH SHARDING SUCCESS: All 24 virtual sharded threads mapped & verified. Entropy δ = 0.
[2026-09-03T02:19:07.466Z] [ESEB-LOG] DISPATCH: Virtual Thread #1 | Hash: 5437a130a1c7 | Status: ACTIVE
[2026-09-03T02:19:07.466Z] [ESEB-LOG] DISPATCH: Virtual Thread #2 | Hash: 0b10459b81f2 | Status: ACTIVE
[2026-09-03T02:19:07.466Z] [ESEB-LOG] DISPATCH: Virtual Thread #3 | Hash: 276dda5952f4 | Status: ACTIVE
[2026-09-03T02:19:07.466Z] [ESEB-LOG] DISPATCH: Virtual Thread #4 | Hash: 0efe2bb686ce | Status: ACTIVE
[2026-09-03T02:19:07.466Z] [ESEB-LOG] DISPATCH: Virtual Thread #5 | Hash: 5ac744e52eeb | Status: ACTIVE
[2026-09-03T02:19:07.466Z] [ESEB-LOG] DISPATCH: Virtual Thread #6 | Hash: b900fb8c5e25 | Status: ACTIVE
[2026-09-03T02:19:07.466Z] [ESEB-LOG] DISPATCH: Virtual Thread #7 | Hash: 6c0008d9bf03 | Status: ACTIVE
[2026-09-03T02:19:07.466Z] [ESEB-LOG] DISPATCH: Virtual Thread #8 | Hash: 01babca5a8ef | Status: ACTIVE
[2026-09-03T02:19:07.466Z] [ESEB-LOG] DISPATCH: Virtual Thread #9 | Hash: fdf2b76b1509 | Status: ACTIVE
[2026-09-03T02:19:07.466Z] [ESEB-LOG] DISPATCH: Virtual Thread #10 | Hash: 6fa9e06c9fe5 | Status: ACTIVE
[2026-09-03T02:19:07.466Z] [ESEB-LOG] DISPATCH: Virtual Thread #11 | Hash: a057fa692eb4 | Status: ACTIVE
[2026-09-03T02:19:07.466Z] [ESEB-LOG] DISPATCH: Virtual Thread #12 | Hash: bc173847de99 | Status: ACTIVE
[2026-09-03T02:19:07.466Z] [ESEB-LOG] DISPATCH: Virtual Thread #13 | Hash: 585bfacfaf53 | Status: ACTIVE
[2026-09-03T02:19:07.466Z] [ESEB-LOG] DISPATCH: Virtual Thread #14 | Hash: 3bcf1c3b0681 | Status: ACTIVE
[2026-09-03T02:19:07.466Z] [ESEB-LOG] DISPATCH: Virtual Thread #15 | Hash: d44d3bd0ffe1 | Status: ACTIVE
[2026-09-03T02:19:07.466Z] [ESEB-LOG] DISPATCH: Virtual Thread #16 | Hash: e7ad73d4f7da | Status: ACTIVE
[2026-09-03T02:19:07.466Z] [ESEB-LOG] DISPATCH: Virtual Thread #17 | Hash: a32a222e98a9 | Status: ACTIVE
[2026-09-03T02:19:07.466Z] [ESEB-LOG] DISPATCH: Virtual Thread #18 | Hash: c05d63f0f4f1 | Status: ACTIVE
[2026-09-03T02:19:07.466Z] [ESEB-LOG] DISPATCH: Virtual Thread #19 | Hash: fb9d516a95d4 | Status: ACTIVE
[2026-09-03T02:19:07.466Z] [ESEB-LOG] DISPATCH: Virtual Thread #20 | Hash: 3b563c321f06 | Status: ACTIVE
[2026-09-03T02:19:07.466Z] [ESEB-LOG] DISPATCH: Virtual Thread #21 | Hash: 3cc7ab9e900e | Status: ACTIVE
[2026-09-03T02:19:07.466Z] [ESEB-LOG] DISPATCH: Virtual Thread #22 | Hash: 71d673f06b1d | Status: ACTIVE
[2026-09-03T02:19:07.466Z] [ESEB-LOG] DISPATCH: Virtual Thread #23 | Hash: a2b3c335fb80 | Status: ACTIVE
[2026-09-03T02:19:07.466Z] [ESEB-LOG] DISPATCH: Virtual Thread #24 | Hash: 32500b67eeab | Status: ACTIVE
[2026-09-03T02:19:07.466Z] [ESEB-LOG] ESEB CLASSIC SUCCESS: Core Authenticated | V-STAMP-24 Verified.
[2026-09-03T02:19:07.466Z] [ESEB-LOG] END: Execution Completed. Sharded Virtual Threads Active: 24/24 | Entropy δ = 0.
[2026-09-03T08:25:33.403Z] [ESEB-LOG] START: Orchestration initialized for domain 8000kicks.donabico.com
[2026-09-03T08:25:33.404Z] [ESEB-LOG] ROUND-ROBIN SELECTOR: Active Node: LLAMA_3B (Edge Ultra-Fast Localization)
[2026-09-03T08:25:35.040Z] [ESEB-LOG] SOTA SUCCESS: NODE [LLAMA_3B] HTTP Status: 200 OK (Credit Preserved)
[2026-09-03T08:25:35.041Z] [ESEB-LOG] HASH SHARDING: Initializing mathematical hash mapping into 24 virtual threads...
[2026-09-03T08:25:35.041Z] [ESEB-LOG] HASH SHARDING SUCCESS: All 24 virtual sharded threads mapped & verified. Entropy δ = 0.
[2026-09-03T08:25:35.041Z] [ESEB-LOG] DISPATCH: Virtual Thread #1 | Hash: 375dd2c54b24 | Status: ACTIVE
[2026-09-03T08:25:35.042Z] [ESEB-LOG] DISPATCH: Virtual Thread #2 | Hash: 2239c12bba7b | Status: ACTIVE
[2026-09-03T08:25:35.042Z] [ESEB-LOG] DISPATCH: Virtual Thread #3 | Hash: 490c271c36cf | Status: ACTIVE
[2026-09-03T08:25:35.042Z] [ESEB-LOG] DISPATCH: Virtual Thread #4 | Hash: 15d7f5702c80 | Status: ACTIVE
[2026-09-03T08:25:35.042Z] [ESEB-LOG] DISPATCH: Virtual Thread #5 | Hash: b4b278764274 | Status: ACTIVE
[2026-09-03T08:25:35.042Z] [ESEB-LOG] DISPATCH: Virtual Thread #6 | Hash: 9aa3f617376f | Status: ACTIVE
[2026-09-03T08:25:35.042Z] [ESEB-LOG] DISPATCH: Virtual Thread #7 | Hash: 9e4b0299ad53 | Status: ACTIVE
[2026-09-03T08:25:35.042Z] [ESEB-LOG] DISPATCH: Virtual Thread #8 | Hash: bf50ca5c727a | Status: ACTIVE
[2026-09-03T08:25:35.042Z] [ESEB-LOG] DISPATCH: Virtual Thread #9 | Hash: bfdfcc00e525 | Status: ACTIVE
[2026-09-03T08:25:35.042Z] [ESEB-LOG] DISPATCH: Virtual Thread #10 | Hash: d51ac47e2d07 | Status: ACTIVE
[2026-09-03T08:25:35.042Z] [ESEB-LOG] DISPATCH: Virtual Thread #11 | Hash: 6bfd258fe2ee | Status: ACTIVE
[2026-09-03T08:25:35.042Z] [ESEB-LOG] DISPATCH: Virtual Thread #12 | Hash: 08378d775328 | Status: ACTIVE
[2026-09-03T08:25:35.042Z] [ESEB-LOG] DISPATCH: Virtual Thread #13 | Hash: 9361b55733cf | Status: ACTIVE
[2026-09-03T08:25:35.042Z] [ESEB-LOG] DISPATCH: Virtual Thread #14 | Hash: 7b42f85db3fe | Status: ACTIVE
[2026-09-03T08:25:35.042Z] [ESEB-LOG] DISPATCH: Virtual Thread #15 | Hash: bab8eaf58697 | Status: ACTIVE
[2026-09-03T08:25:35.042Z] [ESEB-LOG] DISPATCH: Virtual Thread #16 | Hash: 84a0f0eeaead | Status: ACTIVE
[2026-09-03T08:25:35.042Z] [ESEB-LOG] DISPATCH: Virtual Thread #17 | Hash: 5f9bf86ea6a2 | Status: ACTIVE
[2026-09-03T08:25:35.042Z] [ESEB-LOG] DISPATCH: Virtual Thread #18 | Hash: 510ba5ec8fef | Status: ACTIVE
[2026-09-03T08:25:35.042Z] [ESEB-LOG] DISPATCH: Virtual Thread #19 | Hash: 2948f6439bb2 | Status: ACTIVE
[2026-09-03T08:25:35.042Z] [ESEB-LOG] DISPATCH: Virtual Thread #20 | Hash: 460430fe79c2 | Status: ACTIVE
[2026-09-03T08:25:35.042Z] [ESEB-LOG] DISPATCH: Virtual Thread #21 | Hash: 2f4c636b3c74 | Status: ACTIVE
[2026-09-03T08:25:35.042Z] [ESEB-LOG] DISPATCH: Virtual Thread #22 | Hash: 399ae7214b0a | Status: ACTIVE
[2026-09-03T08:25:35.042Z] [ESEB-LOG] DISPATCH: Virtual Thread #23 | Hash: 76e23000823d | Status: ACTIVE
[2026-09-03T08:25:35.042Z] [ESEB-LOG] DISPATCH: Virtual Thread #24 | Hash: 8b97d8d78e10 | Status: ACTIVE
[2026-09-03T08:25:35.042Z] [ESEB-LOG] ESEB CLASSIC SUCCESS: Core Authenticated | V-STAMP-24 Verified.
[2026-09-03T08:25:35.042Z] [ESEB-LOG] END: Execution Completed. Sharded Virtual Threads Active: 24/24 | Entropy δ = 0.
[2026-09-03T15:33:07.337Z] [ESEB-LOG] START: Orchestration initialized for domain 8000kicks.donabico.com
[2026-09-03T15:33:07.337Z] [ESEB-LOG] ROUND-ROBIN SELECTOR: Active Node: GEMMA_7B (Context Enrichment & Smart Conversion)
[2026-09-03T15:33:17.390Z] [ESEB-LOG] AUTO-HEALED: Request timeout. Self-healing fallback engaged.
[2026-09-03T15:33:17.390Z] [ESEB-LOG] HASH SHARDING: Initializing mathematical hash mapping into 24 virtual threads...
[2026-09-03T15:33:17.391Z] [ESEB-LOG] HASH SHARDING SUCCESS: All 24 virtual sharded threads mapped & verified. Entropy δ = 0.
[2026-09-03T15:33:17.391Z] [ESEB-LOG] DISPATCH: Virtual Thread #1 | Hash: 2bd19ca1e5d0 | Status: ACTIVE
[2026-09-03T15:33:17.391Z] [ESEB-LOG] DISPATCH: Virtual Thread #2 | Hash: 8113d2e387c7 | Status: ACTIVE
[2026-09-03T15:33:17.391Z] [ESEB-LOG] DISPATCH: Virtual Thread #3 | Hash: 320f6d3e1f9f | Status: ACTIVE
[2026-09-03T15:33:17.391Z] [ESEB-LOG] DISPATCH: Virtual Thread #4 | Hash: 659d2502d53c | Status: ACTIVE
[2026-09-03T15:33:17.391Z] [ESEB-LOG] DISPATCH: Virtual Thread #5 | Hash: bb18815e74f6 | Status: ACTIVE
[2026-09-03T15:33:17.391Z] [ESEB-LOG] DISPATCH: Virtual Thread #6 | Hash: e08ec0192432 | Status: ACTIVE
[2026-09-03T15:33:17.391Z] [ESEB-LOG] DISPATCH: Virtual Thread #7 | Hash: 60a639eb19bb | Status: ACTIVE
[2026-09-03T15:33:17.391Z] [ESEB-LOG] DISPATCH: Virtual Thread #8 | Hash: 3237f458d25d | Status: ACTIVE
[2026-09-03T15:33:17.391Z] [ESEB-LOG] DISPATCH: Virtual Thread #9 | Hash: 4cab903e1442 | Status: ACTIVE
[2026-09-03T15:33:17.391Z] [ESEB-LOG] DISPATCH: Virtual Thread #10 | Hash: 3224326cf803 | Status: ACTIVE
[2026-09-03T15:33:17.391Z] [ESEB-LOG] DISPATCH: Virtual Thread #11 | Hash: 6d1021ba1876 | Status: ACTIVE
[2026-09-03T15:33:17.391Z] [ESEB-LOG] DISPATCH: Virtual Thread #12 | Hash: 4338e6d0eaba | Status: ACTIVE
[2026-09-03T15:33:17.391Z] [ESEB-LOG] DISPATCH: Virtual Thread #13 | Hash: 826dcf81bbc9 | Status: ACTIVE
[2026-09-03T15:33:17.391Z] [ESEB-LOG] DISPATCH: Virtual Thread #14 | Hash: aacd5ac8981d | Status: ACTIVE
[2026-09-03T15:33:17.391Z] [ESEB-LOG] DISPATCH: Virtual Thread #15 | Hash: 26decbd3450e | Status: ACTIVE
[2026-09-03T15:33:17.391Z] [ESEB-LOG] DISPATCH: Virtual Thread #16 | Hash: a55a0486d839 | Status: ACTIVE
[2026-09-03T15:33:17.391Z] [ESEB-LOG] DISPATCH: Virtual Thread #17 | Hash: 7d61a5d3ed7e | Status: ACTIVE
[2026-09-03T15:33:17.391Z] [ESEB-LOG] DISPATCH: Virtual Thread #18 | Hash: 82e273aa8538 | Status: ACTIVE
[2026-09-03T15:33:17.391Z] [ESEB-LOG] DISPATCH: Virtual Thread #19 | Hash: cf9a912e8276 | Status: ACTIVE
[2026-09-03T15:33:17.391Z] [ESEB-LOG] DISPATCH: Virtual Thread #20 | Hash: 4aab07b4149a | Status: ACTIVE
[2026-09-03T15:33:17.391Z] [ESEB-LOG] DISPATCH: Virtual Thread #21 | Hash: 97719c6dbe65 | Status: ACTIVE
[2026-09-03T15:33:17.391Z] [ESEB-LOG] DISPATCH: Virtual Thread #22 | Hash: 291ee3422a20 | Status: ACTIVE
[2026-09-03T15:33:17.391Z] [ESEB-LOG] DISPATCH: Virtual Thread #23 | Hash: a946f95f173e | Status: ACTIVE
[2026-09-03T15:33:17.391Z] [ESEB-LOG] DISPATCH: Virtual Thread #24 | Hash: 4d3f618063f3 | Status: ACTIVE
[2026-09-03T15:33:17.391Z] [ESEB-LOG] ESEB CLASSIC SUCCESS: Core Authenticated | V-STAMP-24 Verified.
[2026-09-03T15:33:17.391Z] [ESEB-LOG] END: Execution Completed. Sharded Virtual Threads Active: 24/24 | Entropy δ = 0.
[2026-09-03T18:59:44.661Z] [ESEB-LOG] START: Orchestration initialized for domain 8000kicks.donabico.com
[2026-09-03T18:59:44.662Z] [ESEB-LOG] ROUND-ROBIN SELECTOR: Active Node: BGE_EMBEDDING (RAG Knowledge Vectorization)
[2026-09-03T18:59:45.030Z] [ESEB-LOG] SOTA SUCCESS: NODE [BGE_EMBEDDING] HTTP Status: 200 OK (Credit Preserved)
[2026-09-03T18:59:45.031Z] [ESEB-LOG] HASH SHARDING: Initializing mathematical hash mapping into 24 virtual threads...
[2026-09-03T18:59:45.032Z] [ESEB-LOG] HASH SHARDING SUCCESS: All 24 virtual sharded threads mapped & verified. Entropy δ = 0.
[2026-09-03T18:59:45.032Z] [ESEB-LOG] DISPATCH: Virtual Thread #1 | Hash: ce455c5f2e64 | Status: ACTIVE
[2026-09-03T18:59:45.032Z] [ESEB-LOG] DISPATCH: Virtual Thread #2 | Hash: 95ad92783305 | Status: ACTIVE
[2026-09-03T18:59:45.032Z] [ESEB-LOG] DISPATCH: Virtual Thread #3 | Hash: bc39e863d594 | Status: ACTIVE
[2026-09-03T18:59:45.032Z] [ESEB-LOG] DISPATCH: Virtual Thread #4 | Hash: 48eb51e75e80 | Status: ACTIVE
[2026-09-03T18:59:45.032Z] [ESEB-LOG] DISPATCH: Virtual Thread #5 | Hash: 574de2edc3d9 | Status: ACTIVE
[2026-09-03T18:59:45.032Z] [ESEB-LOG] DISPATCH: Virtual Thread #6 | Hash: 20c383c83695 | Status: ACTIVE
[2026-09-03T18:59:45.032Z] [ESEB-LOG] DISPATCH: Virtual Thread #7 | Hash: e2df620955f3 | Status: ACTIVE
[2026-09-03T18:59:45.032Z] [ESEB-LOG] DISPATCH: Virtual Thread #8 | Hash: 0588bbc929d2 | Status: ACTIVE
[2026-09-03T18:59:45.032Z] [ESEB-LOG] DISPATCH: Virtual Thread #9 | Hash: b1ed85c0aceb | Status: ACTIVE
[2026-09-03T18:59:45.032Z] [ESEB-LOG] DISPATCH: Virtual Thread #10 | Hash: 1f134140b52a | Status: ACTIVE
[2026-09-03T18:59:45.032Z] [ESEB-LOG] DISPATCH: Virtual Thread #11 | Hash: f73177599840 | Status: ACTIVE
[2026-09-03T18:59:45.032Z] [ESEB-LOG] DISPATCH: Virtual Thread #12 | Hash: 9d94a8700b45 | Status: ACTIVE
[2026-09-03T18:59:45.032Z] [ESEB-LOG] DISPATCH: Virtual Thread #13 | Hash: 36d9e91e1b1b | Status: ACTIVE
[2026-09-03T18:59:45.032Z] [ESEB-LOG] DISPATCH: Virtual Thread #14 | Hash: 0cb49e105321 | Status: ACTIVE
[2026-09-03T18:59:45.032Z] [ESEB-LOG] DISPATCH: Virtual Thread #15 | Hash: 26569d18cc12 | Status: ACTIVE
[2026-09-03T18:59:45.032Z] [ESEB-LOG] DISPATCH: Virtual Thread #16 | Hash: af7c2bd1216e | Status: ACTIVE
[2026-09-03T18:59:45.032Z] [ESEB-LOG] DISPATCH: Virtual Thread #17 | Hash: a5a8272526f1 | Status: ACTIVE
[2026-09-03T18:59:45.032Z] [ESEB-LOG] DISPATCH: Virtual Thread #18 | Hash: f0f15ce60ef0 | Status: ACTIVE
[2026-09-03T18:59:45.032Z] [ESEB-LOG] DISPATCH: Virtual Thread #19 | Hash: 7b2ab8b7c18d | Status: ACTIVE
[2026-09-03T18:59:45.032Z] [ESEB-LOG] DISPATCH: Virtual Thread #20 | Hash: cdb99137c225 | Status: ACTIVE
[2026-09-03T18:59:45.032Z] [ESEB-LOG] DISPATCH: Virtual Thread #21 | Hash: 57e356a69a68 | Status: ACTIVE
[2026-09-03T18:59:45.032Z] [ESEB-LOG] DISPATCH: Virtual Thread #22 | Hash: c37826f35bdc | Status: ACTIVE
[2026-09-03T18:59:45.032Z] [ESEB-LOG] DISPATCH: Virtual Thread #23 | Hash: f7edd7533bb6 | Status: ACTIVE
[2026-09-03T18:59:45.032Z] [ESEB-LOG] DISPATCH: Virtual Thread #24 | Hash: d752b9d7fb3b | Status: ACTIVE
[2026-09-03T18:59:45.032Z] [ESEB-LOG] ESEB CLASSIC SUCCESS: Core Authenticated | V-STAMP-24 Verified.
[2026-09-03T18:59:45.032Z] [ESEB-LOG] END: Execution Completed. Sharded Virtual Threads Active: 24/24 | Entropy δ = 0.
[2026-09-03T22:04:01.038Z] [ESEB-LOG] START: Orchestration initialized for domain 8000kicks.donabico.com
[2026-09-03T22:04:01.039Z] [ESEB-LOG] ROUND-ROBIN SELECTOR: Active Node: SDXL_IMAGE (Affiliate Intelligent Banners & Posters)
[2026-09-03T22:04:03.760Z] [ESEB-LOG] SOTA SUCCESS: NODE [SDXL_IMAGE] HTTP Status: 200 OK (Credit Preserved)
[2026-09-03T22:04:03.761Z] [ESEB-LOG] HASH SHARDING: Initializing mathematical hash mapping into 24 virtual threads...
[2026-09-03T22:04:03.761Z] [ESEB-LOG] HASH SHARDING SUCCESS: All 24 virtual sharded threads mapped & verified. Entropy δ = 0.
[2026-09-03T22:04:03.762Z] [ESEB-LOG] DISPATCH: Virtual Thread #1 | Hash: 480a72a90ae5 | Status: ACTIVE
[2026-09-03T22:04:03.762Z] [ESEB-LOG] DISPATCH: Virtual Thread #2 | Hash: f672c9470c18 | Status: ACTIVE
[2026-09-03T22:04:03.762Z] [ESEB-LOG] DISPATCH: Virtual Thread #3 | Hash: ccdd9d11cd36 | Status: ACTIVE
[2026-09-03T22:04:03.762Z] [ESEB-LOG] DISPATCH: Virtual Thread #4 | Hash: 0cfd104659b3 | Status: ACTIVE
[2026-09-03T22:04:03.762Z] [ESEB-LOG] DISPATCH: Virtual Thread #5 | Hash: 09c7d6be9999 | Status: ACTIVE
[2026-09-03T22:04:03.762Z] [ESEB-LOG] DISPATCH: Virtual Thread #6 | Hash: 94593f1b1614 | Status: ACTIVE
[2026-09-03T22:04:03.762Z] [ESEB-LOG] DISPATCH: Virtual Thread #7 | Hash: 78926c18575f | Status: ACTIVE
[2026-09-03T22:04:03.762Z] [ESEB-LOG] DISPATCH: Virtual Thread #8 | Hash: 6ae0558c8463 | Status: ACTIVE
[2026-09-03T22:04:03.762Z] [ESEB-LOG] DISPATCH: Virtual Thread #9 | Hash: 7657587a1978 | Status: ACTIVE
[2026-09-03T22:04:03.762Z] [ESEB-LOG] DISPATCH: Virtual Thread #10 | Hash: 8afc38e28403 | Status: ACTIVE
[2026-09-03T22:04:03.762Z] [ESEB-LOG] DISPATCH: Virtual Thread #11 | Hash: 33ac5f78c379 | Status: ACTIVE
[2026-09-03T22:04:03.762Z] [ESEB-LOG] DISPATCH: Virtual Thread #12 | Hash: 2f7be9902f64 | Status: ACTIVE
[2026-09-03T22:04:03.762Z] [ESEB-LOG] DISPATCH: Virtual Thread #13 | Hash: ee6f3e34caa4 | Status: ACTIVE
[2026-09-03T22:04:03.762Z] [ESEB-LOG] DISPATCH: Virtual Thread #14 | Hash: 4a9f60e557a1 | Status: ACTIVE
[2026-09-03T22:04:03.762Z] [ESEB-LOG] DISPATCH: Virtual Thread #15 | Hash: f6a5eed98a5e | Status: ACTIVE
[2026-09-03T22:04:03.762Z] [ESEB-LOG] DISPATCH: Virtual Thread #16 | Hash: 0629d0814025 | Status: ACTIVE
[2026-09-03T22:04:03.762Z] [ESEB-LOG] DISPATCH: Virtual Thread #17 | Hash: cb6309062c72 | Status: ACTIVE
[2026-09-03T22:04:03.762Z] [ESEB-LOG] DISPATCH: Virtual Thread #18 | Hash: a854ab1f31de | Status: ACTIVE
[2026-09-03T22:04:03.762Z] [ESEB-LOG] DISPATCH: Virtual Thread #19 | Hash: 3bbca1029dce | Status: ACTIVE
[2026-09-03T22:04:03.762Z] [ESEB-LOG] DISPATCH: Virtual Thread #20 | Hash: 2048af9204fe | Status: ACTIVE
[2026-09-03T22:04:03.762Z] [ESEB-LOG] DISPATCH: Virtual Thread #21 | Hash: 7f989b2dbe7f | Status: ACTIVE
[2026-09-03T22:04:03.762Z] [ESEB-LOG] DISPATCH: Virtual Thread #22 | Hash: f51a51de2d6d | Status: ACTIVE
[2026-09-03T22:04:03.762Z] [ESEB-LOG] DISPATCH: Virtual Thread #23 | Hash: ae302e82f3f1 | Status: ACTIVE
[2026-09-03T22:04:03.762Z] [ESEB-LOG] DISPATCH: Virtual Thread #24 | Hash: 017e40c48b8c | Status: ACTIVE
[2026-09-03T22:04:03.762Z] [ESEB-LOG] ESEB CLASSIC SUCCESS: Core Authenticated | V-STAMP-24 Verified.
[2026-09-03T22:04:03.762Z] [ESEB-LOG] END: Execution Completed. Sharded Virtual Threads Active: 24/24 | Entropy δ = 0.
[2026-09-04T02:14:09.613Z] [ESEB-LOG] START: Orchestration initialized for domain 8000kicks.donabico.com
[2026-09-04T02:14:09.614Z] [ESEB-LOG] ROUND-ROBIN SELECTOR: Active Node: LLAMA_70B (Super Smart Intelligent Reviews & Deep Synthesis)
[2026-09-04T02:14:14.266Z] [ESEB-LOG] SOTA SUCCESS: NODE [LLAMA_70B] HTTP Status: 200 OK (Credit Preserved)
[2026-09-04T02:14:14.267Z] [ESEB-LOG] HASH SHARDING: Initializing mathematical hash mapping into 24 virtual threads...
[2026-09-04T02:14:14.267Z] [ESEB-LOG] HASH SHARDING SUCCESS: All 24 virtual sharded threads mapped & verified. Entropy δ = 0.
[2026-09-04T02:14:14.267Z] [ESEB-LOG] DISPATCH: Virtual Thread #1 | Hash: 8945bdd9faaa | Status: ACTIVE
[2026-09-04T02:14:14.267Z] [ESEB-LOG] DISPATCH: Virtual Thread #2 | Hash: 301958926958 | Status: ACTIVE
[2026-09-04T02:14:14.267Z] [ESEB-LOG] DISPATCH: Virtual Thread #3 | Hash: 595381d9f6d7 | Status: ACTIVE
[2026-09-04T02:14:14.267Z] [ESEB-LOG] DISPATCH: Virtual Thread #4 | Hash: ec5482209067 | Status: ACTIVE
[2026-09-04T02:14:14.267Z] [ESEB-LOG] DISPATCH: Virtual Thread #5 | Hash: 3de52f45289f | Status: ACTIVE
[2026-09-04T02:14:14.267Z] [ESEB-LOG] DISPATCH: Virtual Thread #6 | Hash: fc695f261f72 | Status: ACTIVE
[2026-09-04T02:14:14.267Z] [ESEB-LOG] DISPATCH: Virtual Thread #7 | Hash: c260ff30ca60 | Status: ACTIVE
[2026-09-04T02:14:14.267Z] [ESEB-LOG] DISPATCH: Virtual Thread #8 | Hash: 9148c34d65f9 | Status: ACTIVE
[2026-09-04T02:14:14.267Z] [ESEB-LOG] DISPATCH: Virtual Thread #9 | Hash: 1531cdb9a9f5 | Status: ACTIVE
[2026-09-04T02:14:14.267Z] [ESEB-LOG] DISPATCH: Virtual Thread #10 | Hash: a7f9f1212c78 | Status: ACTIVE
[2026-09-04T02:14:14.267Z] [ESEB-LOG] DISPATCH: Virtual Thread #11 | Hash: 69c09160d91a | Status: ACTIVE
[2026-09-04T02:14:14.267Z] [ESEB-LOG] DISPATCH: Virtual Thread #12 | Hash: c6b970d4f648 | Status: ACTIVE
[2026-09-04T02:14:14.267Z] [ESEB-LOG] DISPATCH: Virtual Thread #13 | Hash: a1838b4f43d9 | Status: ACTIVE
[2026-09-04T02:14:14.267Z] [ESEB-LOG] DISPATCH: Virtual Thread #14 | Hash: 44f7fabf31ef | Status: ACTIVE
[2026-09-04T02:14:14.268Z] [ESEB-LOG] DISPATCH: Virtual Thread #15 | Hash: ee3454c67cec | Status: ACTIVE
[2026-09-04T02:14:14.268Z] [ESEB-LOG] DISPATCH: Virtual Thread #16 | Hash: ff2dec48d60f | Status: ACTIVE
[2026-09-04T02:14:14.268Z] [ESEB-LOG] DISPATCH: Virtual Thread #17 | Hash: cc0b2ea55608 | Status: ACTIVE
[2026-09-04T02:14:14.268Z] [ESEB-LOG] DISPATCH: Virtual Thread #18 | Hash: 6804acadc136 | Status: ACTIVE
[2026-09-04T02:14:14.268Z] [ESEB-LOG] DISPATCH: Virtual Thread #19 | Hash: f6eaed4e22c6 | Status: ACTIVE
[2026-09-04T02:14:14.268Z] [ESEB-LOG] DISPATCH: Virtual Thread #20 | Hash: f0bfa1ba29bd | Status: ACTIVE
[2026-09-04T02:14:14.268Z] [ESEB-LOG] DISPATCH: Virtual Thread #21 | Hash: d5e9614b46dc | Status: ACTIVE
[2026-09-04T02:14:14.268Z] [ESEB-LOG] DISPATCH: Virtual Thread #22 | Hash: 3309051f64a3 | Status: ACTIVE
[2026-09-04T02:14:14.268Z] [ESEB-LOG] DISPATCH: Virtual Thread #23 | Hash: aa36866ea233 | Status: ACTIVE
[2026-09-04T02:14:14.268Z] [ESEB-LOG] DISPATCH: Virtual Thread #24 | Hash: 81bbfa027f7d | Status: ACTIVE
[2026-09-04T02:14:14.268Z] [ESEB-LOG] ESEB CLASSIC SUCCESS: Core Authenticated | V-STAMP-24 Verified.
[2026-09-04T02:14:14.268Z] [ESEB-LOG] END: Execution Completed. Sharded Virtual Threads Active: 24/24 | Entropy δ = 0.
[2026-09-04T08:21:09.320Z] [ESEB-LOG] START: Orchestration initialized for domain 8000kicks.donabico.com
[2026-09-04T08:21:09.320Z] [ESEB-LOG] ROUND-ROBIN SELECTOR: Active Node: DEEPSEEK (Advanced Reasoning & GEO-SEO Optimization)
[2026-09-04T08:21:17.788Z] [ESEB-LOG] SOTA SUCCESS: NODE [DEEPSEEK] HTTP Status: 200 OK (Credit Preserved)
[2026-09-04T08:21:17.789Z] [ESEB-LOG] HASH SHARDING: Initializing mathematical hash mapping into 24 virtual threads...
[2026-09-04T08:21:17.789Z] [ESEB-LOG] HASH SHARDING SUCCESS: All 24 virtual sharded threads mapped & verified. Entropy δ = 0.
[2026-09-04T08:21:17.789Z] [ESEB-LOG] DISPATCH: Virtual Thread #1 | Hash: 8ee492c73586 | Status: ACTIVE
[2026-09-04T08:21:17.790Z] [ESEB-LOG] DISPATCH: Virtual Thread #2 | Hash: 590268851979 | Status: ACTIVE
[2026-09-04T08:21:17.790Z] [ESEB-LOG] DISPATCH: Virtual Thread #3 | Hash: 07740ea9171f | Status: ACTIVE
[2026-09-04T08:21:17.790Z] [ESEB-LOG] DISPATCH: Virtual Thread #4 | Hash: 3320bbc45896 | Status: ACTIVE
[2026-09-04T08:21:17.790Z] [ESEB-LOG] DISPATCH: Virtual Thread #5 | Hash: d609a1045795 | Status: ACTIVE
[2026-09-04T08:21:17.790Z] [ESEB-LOG] DISPATCH: Virtual Thread #6 | Hash: e4e52788b4f7 | Status: ACTIVE
[2026-09-04T08:21:17.790Z] [ESEB-LOG] DISPATCH: Virtual Thread #7 | Hash: ce5a5fa0ffbf | Status: ACTIVE
[2026-09-04T08:21:17.790Z] [ESEB-LOG] DISPATCH: Virtual Thread #8 | Hash: ac3154702b57 | Status: ACTIVE
[2026-09-04T08:21:17.790Z] [ESEB-LOG] DISPATCH: Virtual Thread #9 | Hash: 0acb33a1e84d | Status: ACTIVE
[2026-09-04T08:21:17.790Z] [ESEB-LOG] DISPATCH: Virtual Thread #10 | Hash: 100167b8efd7 | Status: ACTIVE
[2026-09-04T08:21:17.790Z] [ESEB-LOG] DISPATCH: Virtual Thread #11 | Hash: 9c33c29042d5 | Status: ACTIVE
[2026-09-04T08:21:17.790Z] [ESEB-LOG] DISPATCH: Virtual Thread #12 | Hash: f3b152cef27a | Status: ACTIVE
[2026-09-04T08:21:17.790Z] [ESEB-LOG] DISPATCH: Virtual Thread #13 | Hash: 947172d01587 | Status: ACTIVE
[2026-09-04T08:21:17.790Z] [ESEB-LOG] DISPATCH: Virtual Thread #14 | Hash: 56a10b25b52b | Status: ACTIVE
[2026-09-04T08:21:17.790Z] [ESEB-LOG] DISPATCH: Virtual Thread #15 | Hash: 2a2a3a8c0186 | Status: ACTIVE
[2026-09-04T08:21:17.790Z] [ESEB-LOG] DISPATCH: Virtual Thread #16 | Hash: da133b265875 | Status: ACTIVE
[2026-09-04T08:21:17.790Z] [ESEB-LOG] DISPATCH: Virtual Thread #17 | Hash: 10d0f14bccb3 | Status: ACTIVE
[2026-09-04T08:21:17.790Z] [ESEB-LOG] DISPATCH: Virtual Thread #18 | Hash: 48c6c78c2187 | Status: ACTIVE
[2026-09-04T08:21:17.790Z] [ESEB-LOG] DISPATCH: Virtual Thread #19 | Hash: ee3307b5ce78 | Status: ACTIVE
[2026-09-04T08:21:17.790Z] [ESEB-LOG] DISPATCH: Virtual Thread #20 | Hash: 082d1dc90d4c | Status: ACTIVE
[2026-09-04T08:21:17.790Z] [ESEB-LOG] DISPATCH: Virtual Thread #21 | Hash: c6035c75e6b4 | Status: ACTIVE
[2026-09-04T08:21:17.790Z] [ESEB-LOG] DISPATCH: Virtual Thread #22 | Hash: 54b356ac5b32 | Status: ACTIVE
[2026-09-04T08:21:17.790Z] [ESEB-LOG] DISPATCH: Virtual Thread #23 | Hash: 8ffa35224a40 | Status: ACTIVE
[2026-09-04T08:21:17.790Z] [ESEB-LOG] DISPATCH: Virtual Thread #24 | Hash: a10c38d5667c | Status: ACTIVE
[2026-09-04T08:21:17.790Z] [ESEB-LOG] ESEB CLASSIC SUCCESS: Core Authenticated | V-STAMP-24 Verified.
[2026-09-04T08:21:17.790Z] [ESEB-LOG] END: Execution Completed. Sharded Virtual Threads Active: 24/24 | Entropy δ = 0.
[2026-09-04T15:31:01.362Z] [ESEB-LOG] START: Orchestration initialized for domain 8000kicks.donabico.com
[2026-09-04T15:31:01.362Z] [ESEB-LOG] ROUND-ROBIN SELECTOR: Active Node: MISTRAL_7B (JSON-LD Schema & Structured Intelligence)
[2026-09-04T15:31:11.420Z] [ESEB-LOG] AUTO-HEALED: Request timeout. Self-healing fallback engaged.
[2026-09-04T15:31:11.420Z] [ESEB-LOG] HASH SHARDING: Initializing mathematical hash mapping into 24 virtual threads...
[2026-09-04T15:31:11.421Z] [ESEB-LOG] HASH SHARDING SUCCESS: All 24 virtual sharded threads mapped & verified. Entropy δ = 0.
[2026-09-04T15:31:11.421Z] [ESEB-LOG] DISPATCH: Virtual Thread #1 | Hash: 5bc416e952ff | Status: ACTIVE
[2026-09-04T15:31:11.421Z] [ESEB-LOG] DISPATCH: Virtual Thread #2 | Hash: 8f5bb8b1b03b | Status: ACTIVE
[2026-09-04T15:31:11.421Z] [ESEB-LOG] DISPATCH: Virtual Thread #3 | Hash: 17099a8f91ca | Status: ACTIVE
[2026-09-04T15:31:11.421Z] [ESEB-LOG] DISPATCH: Virtual Thread #4 | Hash: 04747376cc4c | Status: ACTIVE
[2026-09-04T15:31:11.421Z] [ESEB-LOG] DISPATCH: Virtual Thread #5 | Hash: b8054e04375e | Status: ACTIVE
[2026-09-04T15:31:11.421Z] [ESEB-LOG] DISPATCH: Virtual Thread #6 | Hash: 91b636c0fb0c | Status: ACTIVE
[2026-09-04T15:31:11.421Z] [ESEB-LOG] DISPATCH: Virtual Thread #7 | Hash: fee66620755a | Status: ACTIVE
[2026-09-04T15:31:11.421Z] [ESEB-LOG] DISPATCH: Virtual Thread #8 | Hash: 949e82e5c521 | Status: ACTIVE
[2026-09-04T15:31:11.421Z] [ESEB-LOG] DISPATCH: Virtual Thread #9 | Hash: fc53e3866369 | Status: ACTIVE
[2026-09-04T15:31:11.421Z] [ESEB-LOG] DISPATCH: Virtual Thread #10 | Hash: 5476c0587c4f | Status: ACTIVE
[2026-09-04T15:31:11.421Z] [ESEB-LOG] DISPATCH: Virtual Thread #11 | Hash: fd14c1e85e95 | Status: ACTIVE
[2026-09-04T15:31:11.421Z] [ESEB-LOG] DISPATCH: Virtual Thread #12 | Hash: 986ecd26d252 | Status: ACTIVE
[2026-09-04T15:31:11.421Z] [ESEB-LOG] DISPATCH: Virtual Thread #13 | Hash: fb21fd735f07 | Status: ACTIVE
[2026-09-04T15:31:11.421Z] [ESEB-LOG] DISPATCH: Virtual Thread #14 | Hash: e71beb403bee | Status: ACTIVE
[2026-09-04T15:31:11.421Z] [ESEB-LOG] DISPATCH: Virtual Thread #15 | Hash: 6f1c82adf0a1 | Status: ACTIVE
[2026-09-04T15:31:11.421Z] [ESEB-LOG] DISPATCH: Virtual Thread #16 | Hash: 6198893092d7 | Status: ACTIVE
[2026-09-04T15:31:11.421Z] [ESEB-LOG] DISPATCH: Virtual Thread #17 | Hash: 328266ee7800 | Status: ACTIVE
[2026-09-04T15:31:11.421Z] [ESEB-LOG] DISPATCH: Virtual Thread #18 | Hash: 1d8a56bc2f32 | Status: ACTIVE
[2026-09-04T15:31:11.421Z] [ESEB-LOG] DISPATCH: Virtual Thread #19 | Hash: d81c9e7311ec | Status: ACTIVE
[2026-09-04T15:31:11.421Z] [ESEB-LOG] DISPATCH: Virtual Thread #20 | Hash: e9c8d3586365 | Status: ACTIVE
[2026-09-04T15:31:11.421Z] [ESEB-LOG] DISPATCH: Virtual Thread #21 | Hash: 290ff30fdd2e | Status: ACTIVE
[2026-09-04T15:31:11.421Z] [ESEB-LOG] DISPATCH: Virtual Thread #22 | Hash: 033d3b4d9d9a | Status: ACTIVE
[2026-09-04T15:31:11.421Z] [ESEB-LOG] DISPATCH: Virtual Thread #23 | Hash: 64a5c050ee2f | Status: ACTIVE
[2026-09-04T15:31:11.421Z] [ESEB-LOG] DISPATCH: Virtual Thread #24 | Hash: 9d8e23c5cd09 | Status: ACTIVE
[2026-09-04T15:31:11.421Z] [ESEB-LOG] ESEB CLASSIC SUCCESS: Core Authenticated | V-STAMP-24 Verified.
[2026-09-04T15:31:11.421Z] [ESEB-LOG] END: Execution Completed. Sharded Virtual Threads Active: 24/24 | Entropy δ = 0.
[2026-09-04T18:43:42.758Z] [ESEB-LOG] START: Orchestration initialized for domain 8000kicks.donabico.com
[2026-09-04T18:43:42.758Z] [ESEB-LOG] ROUND-ROBIN SELECTOR: Active Node: LLAMA_3B (Edge Ultra-Fast Localization)
[2026-09-04T18:43:44.596Z] [ESEB-LOG] SOTA SUCCESS: NODE [LLAMA_3B] HTTP Status: 200 OK (Credit Preserved)
[2026-09-04T18:43:44.597Z] [ESEB-LOG] HASH SHARDING: Initializing mathematical hash mapping into 24 virtual threads...
[2026-09-04T18:43:44.597Z] [ESEB-LOG] HASH SHARDING SUCCESS: All 24 virtual sharded threads mapped & verified. Entropy δ = 0.
[2026-09-04T18:43:44.597Z] [ESEB-LOG] DISPATCH: Virtual Thread #1 | Hash: e583ab037f1c | Status: ACTIVE
[2026-09-04T18:43:44.597Z] [ESEB-LOG] DISPATCH: Virtual Thread #2 | Hash: d3e791aea7bc | Status: ACTIVE
[2026-09-04T18:43:44.597Z] [ESEB-LOG] DISPATCH: Virtual Thread #3 | Hash: deccafd3c8f6 | Status: ACTIVE
[2026-09-04T18:43:44.597Z] [ESEB-LOG] DISPATCH: Virtual Thread #4 | Hash: 989b4cae3973 | Status: ACTIVE
[2026-09-04T18:43:44.597Z] [ESEB-LOG] DISPATCH: Virtual Thread #5 | Hash: 75c0a7fa246e | Status: ACTIVE
[2026-09-04T18:43:44.598Z] [ESEB-LOG] DISPATCH: Virtual Thread #6 | Hash: 3efe06c96e5d | Status: ACTIVE
[2026-09-04T18:43:44.598Z] [ESEB-LOG] DISPATCH: Virtual Thread #7 | Hash: 98f861561c33 | Status: ACTIVE
[2026-09-04T18:43:44.598Z] [ESEB-LOG] DISPATCH: Virtual Thread #8 | Hash: 98a6f5861a0b | Status: ACTIVE
[2026-09-04T18:43:44.598Z] [ESEB-LOG] DISPATCH: Virtual Thread #9 | Hash: 09b1f3d8790a | Status: ACTIVE
[2026-09-04T18:43:44.598Z] [ESEB-LOG] DISPATCH: Virtual Thread #10 | Hash: 4d431e1032c5 | Status: ACTIVE
[2026-09-04T18:43:44.598Z] [ESEB-LOG] DISPATCH: Virtual Thread #11 | Hash: c565532b6d73 | Status: ACTIVE
[2026-09-04T18:43:44.598Z] [ESEB-LOG] DISPATCH: Virtual Thread #12 | Hash: dbfff191619e | Status: ACTIVE
[2026-09-04T18:43:44.598Z] [ESEB-LOG] DISPATCH: Virtual Thread #13 | Hash: d1bf5b14dc16 | Status: ACTIVE
[2026-09-04T18:43:44.598Z] [ESEB-LOG] DISPATCH: Virtual Thread #14 | Hash: ef627c1a9bfa | Status: ACTIVE
[2026-09-04T18:43:44.598Z] [ESEB-LOG] DISPATCH: Virtual Thread #15 | Hash: ff1e77f9fba6 | Status: ACTIVE
[2026-09-04T18:43:44.598Z] [ESEB-LOG] DISPATCH: Virtual Thread #16 | Hash: 44d582ffc4f6 | Status: ACTIVE
[2026-09-04T18:43:44.598Z] [ESEB-LOG] DISPATCH: Virtual Thread #17 | Hash: 781194e1c28a | Status: ACTIVE
[2026-09-04T18:43:44.598Z] [ESEB-LOG] DISPATCH: Virtual Thread #18 | Hash: 1dcd08498429 | Status: ACTIVE
[2026-09-04T18:43:44.598Z] [ESEB-LOG] DISPATCH: Virtual Thread #19 | Hash: 4c0f0ce6169b | Status: ACTIVE
[2026-09-04T18:43:44.598Z] [ESEB-LOG] DISPATCH: Virtual Thread #20 | Hash: 1adebba7678e | Status: ACTIVE
[2026-09-04T18:43:44.598Z] [ESEB-LOG] DISPATCH: Virtual Thread #21 | Hash: c3635c7f8f7c | Status: ACTIVE
[2026-09-04T18:43:44.598Z] [ESEB-LOG] DISPATCH: Virtual Thread #22 | Hash: 3ff98939d3d4 | Status: ACTIVE
[2026-09-04T18:43:44.598Z] [ESEB-LOG] DISPATCH: Virtual Thread #23 | Hash: 1c146fde8b00 | Status: ACTIVE
[2026-09-04T18:43:44.598Z] [ESEB-LOG] DISPATCH: Virtual Thread #24 | Hash: 0018041091eb | Status: ACTIVE
[2026-09-04T18:43:44.598Z] [ESEB-LOG] ESEB CLASSIC SUCCESS: Core Authenticated | V-STAMP-24 Verified.
[2026-09-04T18:43:44.598Z] [ESEB-LOG] END: Execution Completed. Sharded Virtual Threads Active: 24/24 | Entropy δ = 0.
[2026-09-04T21:58:52.125Z] [ESEB-LOG] START: Orchestration initialized for domain 8000kicks.donabico.com
[2026-09-04T21:58:52.125Z] [ESEB-LOG] ROUND-ROBIN SELECTOR: Active Node: GEMMA_7B (Context Enrichment & Smart Conversion)
[2026-09-04T21:59:02.202Z] [ESEB-LOG] AUTO-HEALED: Request timeout. Self-healing fallback engaged.
[2026-09-04T21:59:02.202Z] [ESEB-LOG] HASH SHARDING: Initializing mathematical hash mapping into 24 virtual threads...
[2026-09-04T21:59:02.202Z] [ESEB-LOG] HASH SHARDING SUCCESS: All 24 virtual sharded threads mapped & verified. Entropy δ = 0.
[2026-09-04T21:59:02.202Z] [ESEB-LOG] DISPATCH: Virtual Thread #1 | Hash: a04152d582e8 | Status: ACTIVE
[2026-09-04T21:59:02.202Z] [ESEB-LOG] DISPATCH: Virtual Thread #2 | Hash: 90ace10b5420 | Status: ACTIVE
[2026-09-04T21:59:02.202Z] [ESEB-LOG] DISPATCH: Virtual Thread #3 | Hash: 5bcd4bce1400 | Status: ACTIVE
[2026-09-04T21:59:02.202Z] [ESEB-LOG] DISPATCH: Virtual Thread #4 | Hash: ebfa9f3016a7 | Status: ACTIVE
[2026-09-04T21:59:02.202Z] [ESEB-LOG] DISPATCH: Virtual Thread #5 | Hash: 0e1b1a53e7ab | Status: ACTIVE
[2026-09-04T21:59:02.202Z] [ESEB-LOG] DISPATCH: Virtual Thread #6 | Hash: a15dac5f2c89 | Status: ACTIVE
[2026-09-04T21:59:02.202Z] [ESEB-LOG] DISPATCH: Virtual Thread #7 | Hash: a06d835575dd | Status: ACTIVE
[2026-09-04T21:59:02.202Z] [ESEB-LOG] DISPATCH: Virtual Thread #8 | Hash: d0135316843d | Status: ACTIVE
[2026-09-04T21:59:02.202Z] [ESEB-LOG] DISPATCH: Virtual Thread #9 | Hash: c0435f34380f | Status: ACTIVE
[2026-09-04T21:59:02.202Z] [ESEB-LOG] DISPATCH: Virtual Thread #10 | Hash: a1f52bb02853 | Status: ACTIVE
[2026-09-04T21:59:02.202Z] [ESEB-LOG] DISPATCH: Virtual Thread #11 | Hash: 6a854aeeaeeb | Status: ACTIVE
[2026-09-04T21:59:02.202Z] [ESEB-LOG] DISPATCH: Virtual Thread #12 | Hash: 8b6e3c5c0d7e | Status: ACTIVE
[2026-09-04T21:59:02.202Z] [ESEB-LOG] DISPATCH: Virtual Thread #13 | Hash: 13ccd21ee8ad | Status: ACTIVE
[2026-09-04T21:59:02.202Z] [ESEB-LOG] DISPATCH: Virtual Thread #14 | Hash: 2e9b826efa7d | Status: ACTIVE
[2026-09-04T21:59:02.202Z] [ESEB-LOG] DISPATCH: Virtual Thread #15 | Hash: 06223872c7c5 | Status: ACTIVE
[2026-09-04T21:59:02.202Z] [ESEB-LOG] DISPATCH: Virtual Thread #16 | Hash: dfdfba257397 | Status: ACTIVE
[2026-09-04T21:59:02.203Z] [ESEB-LOG] DISPATCH: Virtual Thread #17 | Hash: e06f9a6a7678 | Status: ACTIVE
[2026-09-04T21:59:02.203Z] [ESEB-LOG] DISPATCH: Virtual Thread #18 | Hash: 47e8e1a818fd | Status: ACTIVE
[2026-09-04T21:59:02.203Z] [ESEB-LOG] DISPATCH: Virtual Thread #19 | Hash: f5051ab18f45 | Status: ACTIVE
[2026-09-04T21:59:02.203Z] [ESEB-LOG] DISPATCH: Virtual Thread #20 | Hash: b4a4ceeaa2cf | Status: ACTIVE
[2026-09-04T21:59:02.203Z] [ESEB-LOG] DISPATCH: Virtual Thread #21 | Hash: c9d89792097a | Status: ACTIVE
[2026-09-04T21:59:02.203Z] [ESEB-LOG] DISPATCH: Virtual Thread #22 | Hash: 6b817e72b76f | Status: ACTIVE
[2026-09-04T21:59:02.203Z] [ESEB-LOG] DISPATCH: Virtual Thread #23 | Hash: 7e09acf9c982 | Status: ACTIVE
[2026-09-04T21:59:02.203Z] [ESEB-LOG] DISPATCH: Virtual Thread #24 | Hash: e382b1540123 | Status: ACTIVE
[2026-09-04T21:59:02.203Z] [ESEB-LOG] ESEB CLASSIC SUCCESS: Core Authenticated | V-STAMP-24 Verified.
[2026-09-04T21:59:02.203Z] [ESEB-LOG] END: Execution Completed. Sharded Virtual Threads Active: 24/24 | Entropy δ = 0.
[2026-09-05T02:14:52.934Z] [ESEB-LOG] START: Orchestration initialized for domain 8000kicks.donabico.com
[2026-09-05T02:14:52.934Z] [ESEB-LOG] ROUND-ROBIN SELECTOR: Active Node: BGE_EMBEDDING (RAG Knowledge Vectorization)
[2026-09-05T02:14:53.374Z] [ESEB-LOG] SOTA SUCCESS: NODE [BGE_EMBEDDING] HTTP Status: 200 OK (Credit Preserved)
[2026-09-05T02:14:53.375Z] [ESEB-LOG] HASH SHARDING: Initializing mathematical hash mapping into 24 virtual threads...
[2026-09-05T02:14:53.376Z] [ESEB-LOG] HASH SHARDING SUCCESS: All 24 virtual sharded threads mapped & verified. Entropy δ = 0.
[2026-09-05T02:14:53.376Z] [ESEB-LOG] DISPATCH: Virtual Thread #1 | Hash: 0c4810723500 | Status: ACTIVE
[2026-09-05T02:14:53.376Z] [ESEB-LOG] DISPATCH: Virtual Thread #2 | Hash: ab7195588182 | Status: ACTIVE
[2026-09-05T02:14:53.376Z] [ESEB-LOG] DISPATCH: Virtual Thread #3 | Hash: 5e6236f20351 | Status: ACTIVE
[2026-09-05T02:14:53.376Z] [ESEB-LOG] DISPATCH: Virtual Thread #4 | Hash: 9b57f62ee4af | Status: ACTIVE
[2026-09-05T02:14:53.376Z] [ESEB-LOG] DISPATCH: Virtual Thread #5 | Hash: 1f5d58a390b7 | Status: ACTIVE
[2026-09-05T02:14:53.376Z] [ESEB-LOG] DISPATCH: Virtual Thread #6 | Hash: dba84fb9628d | Status: ACTIVE
[2026-09-05T02:14:53.376Z] [ESEB-LOG] DISPATCH: Virtual Thread #7 | Hash: ecec61b09d57 | Status: ACTIVE
[2026-09-05T02:14:53.376Z] [ESEB-LOG] DISPATCH: Virtual Thread #8 | Hash: 0e7eb70df17d | Status: ACTIVE
[2026-09-05T02:14:53.376Z] [ESEB-LOG] DISPATCH: Virtual Thread #9 | Hash: 7609e1283e27 | Status: ACTIVE
[2026-09-05T02:14:53.376Z] [ESEB-LOG] DISPATCH: Virtual Thread #10 | Hash: 6642fa3e66ad | Status: ACTIVE
[2026-09-05T02:14:53.376Z] [ESEB-LOG] DISPATCH: Virtual Thread #11 | Hash: 46854eb32d17 | Status: ACTIVE
[2026-09-05T02:14:53.376Z] [ESEB-LOG] DISPATCH: Virtual Thread #12 | Hash: cadc5789c623 | Status: ACTIVE
[2026-09-05T02:14:53.376Z] [ESEB-LOG] DISPATCH: Virtual Thread #13 | Hash: 0192b5c2d8ea | Status: ACTIVE
[2026-09-05T02:14:53.376Z] [ESEB-LOG] DISPATCH: Virtual Thread #14 | Hash: 405e3a6a2b92 | Status: ACTIVE
[2026-09-05T02:14:53.376Z] [ESEB-LOG] DISPATCH: Virtual Thread #15 | Hash: c7bc4b1ebadd | Status: ACTIVE
[2026-09-05T02:14:53.376Z] [ESEB-LOG] DISPATCH: Virtual Thread #16 | Hash: 67d7da079c8d | Status: ACTIVE
[2026-09-05T02:14:53.376Z] [ESEB-LOG] DISPATCH: Virtual Thread #17 | Hash: f0e3d364a368 | Status: ACTIVE
[2026-09-05T02:14:53.376Z] [ESEB-LOG] DISPATCH: Virtual Thread #18 | Hash: 68ab63b364a5 | Status: ACTIVE
[2026-09-05T02:14:53.376Z] [ESEB-LOG] DISPATCH: Virtual Thread #19 | Hash: c99c1b283d3b | Status: ACTIVE
[2026-09-05T02:14:53.376Z] [ESEB-LOG] DISPATCH: Virtual Thread #20 | Hash: ed5f5c332654 | Status: ACTIVE
[2026-09-05T02:14:53.376Z] [ESEB-LOG] DISPATCH: Virtual Thread #21 | Hash: ff6a6dec0cd0 | Status: ACTIVE
[2026-09-05T02:14:53.376Z] [ESEB-LOG] DISPATCH: Virtual Thread #22 | Hash: 44a351fcb448 | Status: ACTIVE
[2026-09-05T02:14:53.376Z] [ESEB-LOG] DISPATCH: Virtual Thread #23 | Hash: 8d2cdb4bac54 | Status: ACTIVE
[2026-09-05T02:14:53.376Z] [ESEB-LOG] DISPATCH: Virtual Thread #24 | Hash: 8462180315b5 | Status: ACTIVE
[2026-09-05T02:14:53.376Z] [ESEB-LOG] ESEB CLASSIC SUCCESS: Core Authenticated | V-STAMP-24 Verified.
[2026-09-05T02:14:53.376Z] [ESEB-LOG] END: Execution Completed. Sharded Virtual Threads Active: 24/24 | Entropy δ = 0.
[2026-09-05T07:57:04.711Z] [ESEB-LOG] START: Orchestration initialized for domain 8000kicks.donabico.com
[2026-09-05T07:57:04.712Z] [ESEB-LOG] ROUND-ROBIN SELECTOR: Active Node: SDXL_IMAGE (Affiliate Intelligent Banners & Posters)
[2026-09-05T07:57:07.412Z] [ESEB-LOG] SOTA SUCCESS: NODE [SDXL_IMAGE] HTTP Status: 200 OK (Credit Preserved)
[2026-09-05T07:57:07.413Z] [ESEB-LOG] HASH SHARDING: Initializing mathematical hash mapping into 24 virtual threads...
[2026-09-05T07:57:07.413Z] [ESEB-LOG] HASH SHARDING SUCCESS: All 24 virtual sharded threads mapped & verified. Entropy δ = 0.
[2026-09-05T07:57:07.413Z] [ESEB-LOG] DISPATCH: Virtual Thread #1 | Hash: 20875c67783a | Status: ACTIVE
[2026-09-05T07:57:07.413Z] [ESEB-LOG] DISPATCH: Virtual Thread #2 | Hash: ce4923ba4d3e | Status: ACTIVE
[2026-09-05T07:57:07.413Z] [ESEB-LOG] DISPATCH: Virtual Thread #3 | Hash: 87e51dd68374 | Status: ACTIVE
[2026-09-05T07:57:07.413Z] [ESEB-LOG] DISPATCH: Virtual Thread #4 | Hash: 93a545587502 | Status: ACTIVE
[2026-09-05T07:57:07.413Z] [ESEB-LOG] DISPATCH: Virtual Thread #5 | Hash: 15c71e02d7ff | Status: ACTIVE
[2026-09-05T07:57:07.413Z] [ESEB-LOG] DISPATCH: Virtual Thread #6 | Hash: 6d3561968a7a | Status: ACTIVE
[2026-09-05T07:57:07.413Z] [ESEB-LOG] DISPATCH: Virtual Thread #7 | Hash: e0732a626fd6 | Status: ACTIVE
[2026-09-05T07:57:07.413Z] [ESEB-LOG] DISPATCH: Virtual Thread #8 | Hash: bf6d17cf3733 | Status: ACTIVE
[2026-09-05T07:57:07.413Z] [ESEB-LOG] DISPATCH: Virtual Thread #9 | Hash: 0810cc532be8 | Status: ACTIVE
[2026-09-05T07:57:07.414Z] [ESEB-LOG] DISPATCH: Virtual Thread #10 | Hash: 1202b3b71199 | Status: ACTIVE
[2026-09-05T07:57:07.414Z] [ESEB-LOG] DISPATCH: Virtual Thread #11 | Hash: 102e438c0426 | Status: ACTIVE
[2026-09-05T07:57:07.414Z] [ESEB-LOG] DISPATCH: Virtual Thread #12 | Hash: 82f62fe09f77 | Status: ACTIVE
[2026-09-05T07:57:07.414Z] [ESEB-LOG] DISPATCH: Virtual Thread #13 | Hash: 8258ed9b8f23 | Status: ACTIVE
[2026-09-05T07:57:07.414Z] [ESEB-LOG] DISPATCH: Virtual Thread #14 | Hash: dd39b3bfdbb5 | Status: ACTIVE
[2026-09-05T07:57:07.414Z] [ESEB-LOG] DISPATCH: Virtual Thread #15 | Hash: d53ece847944 | Status: ACTIVE
[2026-09-05T07:57:07.414Z] [ESEB-LOG] DISPATCH: Virtual Thread #16 | Hash: f50f0d05277a | Status: ACTIVE
[2026-09-05T07:57:07.414Z] [ESEB-LOG] DISPATCH: Virtual Thread #17 | Hash: fa2af9585692 | Status: ACTIVE
[2026-09-05T07:57:07.414Z] [ESEB-LOG] DISPATCH: Virtual Thread #18 | Hash: cb4d1dbb1a21 | Status: ACTIVE
[2026-09-05T07:57:07.414Z] [ESEB-LOG] DISPATCH: Virtual Thread #19 | Hash: ad266add3316 | Status: ACTIVE
[2026-09-05T07:57:07.414Z] [ESEB-LOG] DISPATCH: Virtual Thread #20 | Hash: 38c269a8d3f6 | Status: ACTIVE
[2026-09-05T07:57:07.414Z] [ESEB-LOG] DISPATCH: Virtual Thread #21 | Hash: 80abc2b2852e | Status: ACTIVE
[2026-09-05T07:57:07.414Z] [ESEB-LOG] DISPATCH: Virtual Thread #22 | Hash: dbb14bde3991 | Status: ACTIVE
[2026-09-05T07:57:07.414Z] [ESEB-LOG] DISPATCH: Virtual Thread #23 | Hash: 79685c309a83 | Status: ACTIVE
[2026-09-05T07:57:07.414Z] [ESEB-LOG] DISPATCH: Virtual Thread #24 | Hash: 7d9cbf9b6d22 | Status: ACTIVE
[2026-09-05T07:57:07.414Z] [ESEB-LOG] ESEB CLASSIC SUCCESS: Core Authenticated | V-STAMP-24 Verified.
[2026-09-05T07:57:07.414Z] [ESEB-LOG] END: Execution Completed. Sharded Virtual Threads Active: 24/24 | Entropy δ = 0.
[2026-09-05T11:37:25.734Z] [ESEB-LOG] START: Orchestration initialized for domain 8000kicks.donabico.com
[2026-09-05T11:37:25.734Z] [ESEB-LOG] ROUND-ROBIN SELECTOR: Active Node: LLAMA_70B (Super Smart Intelligent Reviews & Deep Synthesis)
[2026-09-05T11:37:31.575Z] [ESEB-LOG] SOTA SUCCESS: NODE [LLAMA_70B] HTTP Status: 200 OK (Credit Preserved)
[2026-09-05T11:37:31.576Z] [ESEB-LOG] HASH SHARDING: Initializing mathematical hash mapping into 24 virtual threads...
[2026-09-05T11:37:31.576Z] [ESEB-LOG] HASH SHARDING SUCCESS: All 24 virtual sharded threads mapped & verified. Entropy δ = 0.
[2026-09-05T11:37:31.576Z] [ESEB-LOG] DISPATCH: Virtual Thread #1 | Hash: 050de8300e07 | Status: ACTIVE
[2026-09-05T11:37:31.577Z] [ESEB-LOG] DISPATCH: Virtual Thread #2 | Hash: f9646375277c | Status: ACTIVE
[2026-09-05T11:37:31.577Z] [ESEB-LOG] DISPATCH: Virtual Thread #3 | Hash: f056454cf4b3 | Status: ACTIVE
[2026-09-05T11:37:31.577Z] [ESEB-LOG] DISPATCH: Virtual Thread #4 | Hash: fd13d4261e40 | Status: ACTIVE
[2026-09-05T11:37:31.577Z] [ESEB-LOG] DISPATCH: Virtual Thread #5 | Hash: d1468d553b49 | Status: ACTIVE
[2026-09-05T11:37:31.577Z] [ESEB-LOG] DISPATCH: Virtual Thread #6 | Hash: 9c074a900b67 | Status: ACTIVE
[2026-09-05T11:37:31.577Z] [ESEB-LOG] DISPATCH: Virtual Thread #7 | Hash: 2860be7ec180 | Status: ACTIVE
[2026-09-05T11:37:31.577Z] [ESEB-LOG] DISPATCH: Virtual Thread #8 | Hash: d0bad82d4b27 | Status: ACTIVE
[2026-09-05T11:37:31.577Z] [ESEB-LOG] DISPATCH: Virtual Thread #9 | Hash: ce17289b4f3d | Status: ACTIVE
[2026-09-05T11:37:31.577Z] [ESEB-LOG] DISPATCH: Virtual Thread #10 | Hash: 821c557c9cce | Status: ACTIVE
[2026-09-05T11:37:31.577Z] [ESEB-LOG] DISPATCH: Virtual Thread #11 | Hash: 20d3b9e4e034 | Status: ACTIVE
[2026-09-05T11:37:31.577Z] [ESEB-LOG] DISPATCH: Virtual Thread #12 | Hash: e1276841ca76 | Status: ACTIVE
[2026-09-05T11:37:31.577Z] [ESEB-LOG] DISPATCH: Virtual Thread #13 | Hash: 223a80e4c762 | Status: ACTIVE
[2026-09-05T11:37:31.577Z] [ESEB-LOG] DISPATCH: Virtual Thread #14 | Hash: 34e118d2702e | Status: ACTIVE
[2026-09-05T11:37:31.577Z] [ESEB-LOG] DISPATCH: Virtual Thread #15 | Hash: defe3c97aa8e | Status: ACTIVE
[2026-09-05T11:37:31.577Z] [ESEB-LOG] DISPATCH: Virtual Thread #16 | Hash: c9185177d10c | Status: ACTIVE
[2026-09-05T11:37:31.577Z] [ESEB-LOG] DISPATCH: Virtual Thread #17 | Hash: 9523c20379be | Status: ACTIVE
[2026-09-05T11:37:31.577Z] [ESEB-LOG] DISPATCH: Virtual Thread #18 | Hash: 936e43b864c0 | Status: ACTIVE
[2026-09-05T11:37:31.577Z] [ESEB-LOG] DISPATCH: Virtual Thread #19 | Hash: c80d3680023e | Status: ACTIVE
[2026-09-05T11:37:31.577Z] [ESEB-LOG] DISPATCH: Virtual Thread #20 | Hash: e106693d221b | Status: ACTIVE
[2026-09-05T11:37:31.577Z] [ESEB-LOG] DISPATCH: Virtual Thread #21 | Hash: ef4ed26ac0dc | Status: ACTIVE
[2026-09-05T11:37:31.577Z] [ESEB-LOG] DISPATCH: Virtual Thread #22 | Hash: 4e93934dccba | Status: ACTIVE
[2026-09-05T11:37:31.577Z] [ESEB-LOG] DISPATCH: Virtual Thread #23 | Hash: 6dc4d5f354a5 | Status: ACTIVE
[2026-09-05T11:37:31.577Z] [ESEB-LOG] DISPATCH: Virtual Thread #24 | Hash: 059b7b20958c | Status: ACTIVE
[2026-09-05T11:37:31.577Z] [ESEB-LOG] ESEB CLASSIC SUCCESS: Core Authenticated | V-STAMP-24 Verified.
[2026-09-05T11:37:31.577Z] [ESEB-LOG] END: Execution Completed. Sharded Virtual Threads Active: 24/24 | Entropy δ = 0.
[2026-09-05T14:18:53.934Z] [ESEB-LOG] START: Orchestration initialized for domain 8000kicks.donabico.com
[2026-09-05T14:18:53.935Z] [ESEB-LOG] ROUND-ROBIN SELECTOR: Active Node: LLAMA_8B (Rapid RAG Fallback & Smart Sourcing)
[2026-09-05T14:18:55.488Z] [ESEB-LOG] SOTA SUCCESS: NODE [LLAMA_8B] HTTP Status: 200 OK (Credit Preserved)
[2026-09-05T14:18:55.489Z] [ESEB-LOG] HASH SHARDING: Initializing mathematical hash mapping into 24 virtual threads...
[2026-09-05T14:18:55.490Z] [ESEB-LOG] HASH SHARDING SUCCESS: All 24 virtual sharded threads mapped & verified. Entropy δ = 0.
[2026-09-05T14:18:55.490Z] [ESEB-LOG] DISPATCH: Virtual Thread #1 | Hash: e2c47e127c03 | Status: ACTIVE
[2026-09-05T14:18:55.490Z] [ESEB-LOG] DISPATCH: Virtual Thread #2 | Hash: 9cacdb88c9a9 | Status: ACTIVE
[2026-09-05T14:18:55.490Z] [ESEB-LOG] DISPATCH: Virtual Thread #3 | Hash: 9f6228be5db6 | Status: ACTIVE
[2026-09-05T14:18:55.490Z] [ESEB-LOG] DISPATCH: Virtual Thread #4 | Hash: 3c2dcf21d8f7 | Status: ACTIVE
[2026-09-05T14:18:55.490Z] [ESEB-LOG] DISPATCH: Virtual Thread #5 | Hash: bb0166f3899e | Status: ACTIVE
[2026-09-05T14:18:55.490Z] [ESEB-LOG] DISPATCH: Virtual Thread #6 | Hash: a61232398f48 | Status: ACTIVE
[2026-09-05T14:18:55.490Z] [ESEB-LOG] DISPATCH: Virtual Thread #7 | Hash: c384f6fc5e85 | Status: ACTIVE
[2026-09-05T14:18:55.490Z] [ESEB-LOG] DISPATCH: Virtual Thread #8 | Hash: 1c21e3678a5a | Status: ACTIVE
[2026-09-05T14:18:55.490Z] [ESEB-LOG] DISPATCH: Virtual Thread #9 | Hash: 3d3c73463d6d | Status: ACTIVE
[2026-09-05T14:18:55.490Z] [ESEB-LOG] DISPATCH: Virtual Thread #10 | Hash: 30efdc636ae8 | Status: ACTIVE
[2026-09-05T14:18:55.490Z] [ESEB-LOG] DISPATCH: Virtual Thread #11 | Hash: cf9b5aa0392e | Status: ACTIVE
[2026-09-05T14:18:55.490Z] [ESEB-LOG] DISPATCH: Virtual Thread #12 | Hash: 75f2f31f4ba2 | Status: ACTIVE
[2026-09-05T14:18:55.490Z] [ESEB-LOG] DISPATCH: Virtual Thread #13 | Hash: 59522bf1b9c2 | Status: ACTIVE
[2026-09-05T14:18:55.490Z] [ESEB-LOG] DISPATCH: Virtual Thread #14 | Hash: dbd46e680961 | Status: ACTIVE
[2026-09-05T14:18:55.490Z] [ESEB-LOG] DISPATCH: Virtual Thread #15 | Hash: 113332e941d3 | Status: ACTIVE
[2026-09-05T14:18:55.490Z] [ESEB-LOG] DISPATCH: Virtual Thread #16 | Hash: a74c5e3a65ad | Status: ACTIVE
[2026-09-05T14:18:55.490Z] [ESEB-LOG] DISPATCH: Virtual Thread #17 | Hash: 355fa140c183 | Status: ACTIVE
[2026-09-05T14:18:55.490Z] [ESEB-LOG] DISPATCH: Virtual Thread #18 | Hash: 4e8d1b955bb5 | Status: ACTIVE
[2026-09-05T14:18:55.490Z] [ESEB-LOG] DISPATCH: Virtual Thread #19 | Hash: 4729c952b947 | Status: ACTIVE
[2026-09-05T14:18:55.490Z] [ESEB-LOG] DISPATCH: Virtual Thread #20 | Hash: 49dff999bc51 | Status: ACTIVE
[2026-09-05T14:18:55.490Z] [ESEB-LOG] DISPATCH: Virtual Thread #21 | Hash: 881234a279c1 | Status: ACTIVE
[2026-09-05T14:18:55.490Z] [ESEB-LOG] DISPATCH: Virtual Thread #22 | Hash: e889dd3b1946 | Status: ACTIVE
[2026-09-05T14:18:55.490Z] [ESEB-LOG] DISPATCH: Virtual Thread #23 | Hash: 04a36302d167 | Status: ACTIVE
[2026-09-05T14:18:55.490Z] [ESEB-LOG] DISPATCH: Virtual Thread #24 | Hash: 0c5ba4ec2fe9 | Status: ACTIVE
[2026-09-05T14:18:55.490Z] [ESEB-LOG] ESEB CLASSIC SUCCESS: Core Authenticated | V-STAMP-24 Verified.
[2026-09-05T14:18:55.490Z] [ESEB-LOG] END: Execution Completed. Sharded Virtual Threads Active: 24/24 | Entropy δ = 0.
[2026-09-05T17:49:42.504Z] [ESEB-LOG] START: Orchestration initialized for domain 8000kicks.donabico.com
[2026-09-05T17:49:42.504Z] [ESEB-LOG] ROUND-ROBIN SELECTOR: Active Node: DEEPSEEK (Advanced Reasoning & GEO-SEO Optimization)
[2026-09-05T17:49:50.149Z] [ESEB-LOG] SOTA SUCCESS: NODE [DEEPSEEK] HTTP Status: 200 OK (Credit Preserved)
[2026-09-05T17:49:50.150Z] [ESEB-LOG] HASH SHARDING: Initializing mathematical hash mapping into 24 virtual threads...
[2026-09-05T17:49:50.151Z] [ESEB-LOG] HASH SHARDING SUCCESS: All 24 virtual sharded threads mapped & verified. Entropy δ = 0.
[2026-09-05T17:49:50.151Z] [ESEB-LOG] DISPATCH: Virtual Thread #1 | Hash: cc00aa8df12d | Status: ACTIVE
[2026-09-05T17:49:50.151Z] [ESEB-LOG] DISPATCH: Virtual Thread #2 | Hash: 0e801072428a | Status: ACTIVE
[2026-09-05T17:49:50.151Z] [ESEB-LOG] DISPATCH: Virtual Thread #3 | Hash: fbf281bedb12 | Status: ACTIVE
[2026-09-05T17:49:50.151Z] [ESEB-LOG] DISPATCH: Virtual Thread #4 | Hash: fabea0260c5d | Status: ACTIVE
[2026-09-05T17:49:50.151Z] [ESEB-LOG] DISPATCH: Virtual Thread #5 | Hash: cb159df9b512 | Status: ACTIVE
[2026-09-05T17:49:50.151Z] [ESEB-LOG] DISPATCH: Virtual Thread #6 | Hash: a2a72de41861 | Status: ACTIVE
[2026-09-05T17:49:50.151Z] [ESEB-LOG] DISPATCH: Virtual Thread #7 | Hash: 6edce713e8d4 | Status: ACTIVE
[2026-09-05T17:49:50.151Z] [ESEB-LOG] DISPATCH: Virtual Thread #8 | Hash: cc1d903bb1ff | Status: ACTIVE
[2026-09-05T17:49:50.151Z] [ESEB-LOG] DISPATCH: Virtual Thread #9 | Hash: 2461ec75c6b9 | Status: ACTIVE
[2026-09-05T17:49:50.151Z] [ESEB-LOG] DISPATCH: Virtual Thread #10 | Hash: 2d74637aba73 | Status: ACTIVE
[2026-09-05T17:49:50.151Z] [ESEB-LOG] DISPATCH: Virtual Thread #11 | Hash: 017c183c0ce2 | Status: ACTIVE
[2026-09-05T17:49:50.151Z] [ESEB-LOG] DISPATCH: Virtual Thread #12 | Hash: bbc88cb64497 | Status: ACTIVE
[2026-09-05T17:49:50.151Z] [ESEB-LOG] DISPATCH: Virtual Thread #13 | Hash: 2fbf91fb54eb | Status: ACTIVE
[2026-09-05T17:49:50.151Z] [ESEB-LOG] DISPATCH: Virtual Thread #14 | Hash: 52a5c05d207c | Status: ACTIVE
[2026-09-05T17:49:50.151Z] [ESEB-LOG] DISPATCH: Virtual Thread #15 | Hash: 3b5b72db7982 | Status: ACTIVE
[2026-09-05T17:49:50.151Z] [ESEB-LOG] DISPATCH: Virtual Thread #16 | Hash: 73f742ba0a1d | Status: ACTIVE
[2026-09-05T17:49:50.151Z] [ESEB-LOG] DISPATCH: Virtual Thread #17 | Hash: f38d393d55b1 | Status: ACTIVE
[2026-09-05T17:49:50.151Z] [ESEB-LOG] DISPATCH: Virtual Thread #18 | Hash: 264568ce9387 | Status: ACTIVE
[2026-09-05T17:49:50.151Z] [ESEB-LOG] DISPATCH: Virtual Thread #19 | Hash: 5d83f6ff6a0e | Status: ACTIVE
[2026-09-05T17:49:50.151Z] [ESEB-LOG] DISPATCH: Virtual Thread #20 | Hash: 6c381da55a2e | Status: ACTIVE
[2026-09-05T17:49:50.151Z] [ESEB-LOG] DISPATCH: Virtual Thread #21 | Hash: 5cefe1a620e4 | Status: ACTIVE
[2026-09-05T17:49:50.151Z] [ESEB-LOG] DISPATCH: Virtual Thread #22 | Hash: f4b39fe38abb | Status: ACTIVE
[2026-09-05T17:49:50.151Z] [ESEB-LOG] DISPATCH: Virtual Thread #23 | Hash: 239084e4c781 | Status: ACTIVE
[2026-09-05T17:49:50.151Z] [ESEB-LOG] DISPATCH: Virtual Thread #24 | Hash: 810c46b693fd | Status: ACTIVE
[2026-09-05T17:49:50.151Z] [ESEB-LOG] ESEB CLASSIC SUCCESS: Core Authenticated | V-STAMP-24 Verified.
[2026-09-05T17:49:50.151Z] [ESEB-LOG] END: Execution Completed. Sharded Virtual Threads Active: 24/24 | Entropy δ = 0.
[2026-09-05T21:49:19.818Z] [ESEB-LOG] START: Orchestration initialized for domain 8000kicks.donabico.com
[2026-09-05T21:49:19.818Z] [ESEB-LOG] ROUND-ROBIN SELECTOR: Active Node: MISTRAL_7B (JSON-LD Schema & Structured Intelligence)
[2026-09-05T21:49:29.865Z] [ESEB-LOG] AUTO-HEALED: Request timeout. Self-healing fallback engaged.
[2026-09-05T21:49:29.866Z] [ESEB-LOG] HASH SHARDING: Initializing mathematical hash mapping into 24 virtual threads...
[2026-09-05T21:49:29.866Z] [ESEB-LOG] HASH SHARDING SUCCESS: All 24 virtual sharded threads mapped & verified. Entropy δ = 0.
[2026-09-05T21:49:29.866Z] [ESEB-LOG] DISPATCH: Virtual Thread #1 | Hash: 60e1bc792259 | Status: ACTIVE
[2026-09-05T21:49:29.866Z] [ESEB-LOG] DISPATCH: Virtual Thread #2 | Hash: 87c1090692ab | Status: ACTIVE
[2026-09-05T21:49:29.866Z] [ESEB-LOG] DISPATCH: Virtual Thread #3 | Hash: 7aa5d6dd46ee | Status: ACTIVE
[2026-09-05T21:49:29.866Z] [ESEB-LOG] DISPATCH: Virtual Thread #4 | Hash: e575d6630171 | Status: ACTIVE
[2026-09-05T21:49:29.866Z] [ESEB-LOG] DISPATCH: Virtual Thread #5 | Hash: f920de0bed38 | Status: ACTIVE
[2026-09-05T21:49:29.866Z] [ESEB-LOG] DISPATCH: Virtual Thread #6 | Hash: 98901f051af0 | Status: ACTIVE
[2026-09-05T21:49:29.866Z] [ESEB-LOG] DISPATCH: Virtual Thread #7 | Hash: 1cb1d6b4e92f | Status: ACTIVE
[2026-09-05T21:49:29.866Z] [ESEB-LOG] DISPATCH: Virtual Thread #8 | Hash: aa96ecd7fb41 | Status: ACTIVE
[2026-09-05T21:49:29.866Z] [ESEB-LOG] DISPATCH: Virtual Thread #9 | Hash: 35f2a6a11e95 | Status: ACTIVE
[2026-09-05T21:49:29.866Z] [ESEB-LOG] DISPATCH: Virtual Thread #10 | Hash: 1df731a63f0b | Status: ACTIVE
[2026-09-05T21:49:29.867Z] [ESEB-LOG] DISPATCH: Virtual Thread #11 | Hash: d442ebc4f335 | Status: ACTIVE
[2026-09-05T21:49:29.867Z] [ESEB-LOG] DISPATCH: Virtual Thread #12 | Hash: 09c8aa244879 | Status: ACTIVE
[2026-09-05T21:49:29.867Z] [ESEB-LOG] DISPATCH: Virtual Thread #13 | Hash: 125134cec8a9 | Status: ACTIVE
[2026-09-05T21:49:29.867Z] [ESEB-LOG] DISPATCH: Virtual Thread #14 | Hash: 986f61a6547f | Status: ACTIVE
[2026-09-05T21:49:29.867Z] [ESEB-LOG] DISPATCH: Virtual Thread #15 | Hash: b9347f4ca79d | Status: ACTIVE
[2026-09-05T21:49:29.867Z] [ESEB-LOG] DISPATCH: Virtual Thread #16 | Hash: 5ada74b61641 | Status: ACTIVE
[2026-09-05T21:49:29.867Z] [ESEB-LOG] DISPATCH: Virtual Thread #17 | Hash: 384974bff928 | Status: ACTIVE
[2026-09-05T21:49:29.867Z] [ESEB-LOG] DISPATCH: Virtual Thread #18 | Hash: 0fc7da123c1a | Status: ACTIVE
[2026-09-05T21:49:29.867Z] [ESEB-LOG] DISPATCH: Virtual Thread #19 | Hash: bbff70e36d8c | Status: ACTIVE
[2026-09-05T21:49:29.867Z] [ESEB-LOG] DISPATCH: Virtual Thread #20 | Hash: 67af072b6edf | Status: ACTIVE
[2026-09-05T21:49:29.867Z] [ESEB-LOG] DISPATCH: Virtual Thread #21 | Hash: 6f9b5d2c7c96 | Status: ACTIVE
[2026-09-05T21:49:29.867Z] [ESEB-LOG] DISPATCH: Virtual Thread #22 | Hash: f1375c3ef50f | Status: ACTIVE
[2026-09-05T21:49:29.867Z] [ESEB-LOG] DISPATCH: Virtual Thread #23 | Hash: 64f5dda1e9f5 | Status: ACTIVE
[2026-09-05T21:49:29.867Z] [ESEB-LOG] DISPATCH: Virtual Thread #24 | Hash: 296461194886 | Status: ACTIVE
[2026-09-05T21:49:29.867Z] [ESEB-LOG] ESEB CLASSIC SUCCESS: Core Authenticated | V-STAMP-24 Verified.
[2026-09-05T21:49:29.867Z] [ESEB-LOG] END: Execution Completed. Sharded Virtual Threads Active: 24/24 | Entropy δ = 0.
[2026-09-06T02:10:25.201Z] [ESEB-LOG] START: Orchestration initialized for domain 8000kicks.donabico.com
[2026-09-06T02:10:25.201Z] [ESEB-LOG] ROUND-ROBIN SELECTOR: Active Node: LLAMA_3B (Edge Ultra-Fast Localization)
[2026-09-06T02:10:26.453Z] [ESEB-LOG] SOTA SUCCESS: NODE [LLAMA_3B] HTTP Status: 200 OK (Credit Preserved)
[2026-09-06T02:10:26.454Z] [ESEB-LOG] HASH SHARDING: Initializing mathematical hash mapping into 24 virtual threads...
[2026-09-06T02:10:26.455Z] [ESEB-LOG] HASH SHARDING SUCCESS: All 24 virtual sharded threads mapped & verified. Entropy δ = 0.
[2026-09-06T02:10:26.455Z] [ESEB-LOG] DISPATCH: Virtual Thread #1 | Hash: 8ae1f33e2abd | Status: ACTIVE
[2026-09-06T02:10:26.455Z] [ESEB-LOG] DISPATCH: Virtual Thread #2 | Hash: 875b359aac57 | Status: ACTIVE
[2026-09-06T02:10:26.455Z] [ESEB-LOG] DISPATCH: Virtual Thread #3 | Hash: 834411e02069 | Status: ACTIVE
[2026-09-06T02:10:26.455Z] [ESEB-LOG] DISPATCH: Virtual Thread #4 | Hash: fdd770784c19 | Status: ACTIVE
[2026-09-06T02:10:26.455Z] [ESEB-LOG] DISPATCH: Virtual Thread #5 | Hash: f81510f74525 | Status: ACTIVE
[2026-09-06T02:10:26.455Z] [ESEB-LOG] DISPATCH: Virtual Thread #6 | Hash: 7677ece9ec46 | Status: ACTIVE
[2026-09-06T02:10:26.455Z] [ESEB-LOG] DISPATCH: Virtual Thread #7 | Hash: df390ebf2d8f | Status: ACTIVE
[2026-09-06T02:10:26.455Z] [ESEB-LOG] DISPATCH: Virtual Thread #8 | Hash: 7e5cdcfa941c | Status: ACTIVE
[2026-09-06T02:10:26.455Z] [ESEB-LOG] DISPATCH: Virtual Thread #9 | Hash: 7ca903232e87 | Status: ACTIVE
[2026-09-06T02:10:26.455Z] [ESEB-LOG] DISPATCH: Virtual Thread #10 | Hash: a8928b6cd001 | Status: ACTIVE
[2026-09-06T02:10:26.455Z] [ESEB-LOG] DISPATCH: Virtual Thread #11 | Hash: 162451e2a204 | Status: ACTIVE
[2026-09-06T02:10:26.455Z] [ESEB-LOG] DISPATCH: Virtual Thread #12 | Hash: a81000155841 | Status: ACTIVE
[2026-09-06T02:10:26.455Z] [ESEB-LOG] DISPATCH: Virtual Thread #13 | Hash: 0bbceccbdd1f | Status: ACTIVE
[2026-09-06T02:10:26.455Z] [ESEB-LOG] DISPATCH: Virtual Thread #14 | Hash: a14bf9732a75 | Status: ACTIVE
[2026-09-06T02:10:26.455Z] [ESEB-LOG] DISPATCH: Virtual Thread #15 | Hash: 80f8df212cd3 | Status: ACTIVE
[2026-09-06T02:10:26.455Z] [ESEB-LOG] DISPATCH: Virtual Thread #16 | Hash: f5b8b137b750 | Status: ACTIVE
[2026-09-06T02:10:26.455Z] [ESEB-LOG] DISPATCH: Virtual Thread #17 | Hash: 0747443aaebc | Status: ACTIVE
[2026-09-06T02:10:26.455Z] [ESEB-LOG] DISPATCH: Virtual Thread #18 | Hash: b3aa9f125f8e | Status: ACTIVE
[2026-09-06T02:10:26.455Z] [ESEB-LOG] DISPATCH: Virtual Thread #19 | Hash: 467e7a7de175 | Status: ACTIVE
[2026-09-06T02:10:26.456Z] [ESEB-LOG] DISPATCH: Virtual Thread #20 | Hash: e79625902ba7 | Status: ACTIVE
[2026-09-06T02:10:26.456Z] [ESEB-LOG] DISPATCH: Virtual Thread #21 | Hash: 7374d2b37126 | Status: ACTIVE
[2026-09-06T02:10:26.456Z] [ESEB-LOG] DISPATCH: Virtual Thread #22 | Hash: ab601075e064 | Status: ACTIVE
[2026-09-06T02:10:26.456Z] [ESEB-LOG] DISPATCH: Virtual Thread #23 | Hash: 575b32f4055b | Status: ACTIVE
[2026-09-06T02:10:26.456Z] [ESEB-LOG] DISPATCH: Virtual Thread #24 | Hash: fd1d0342d6b2 | Status: ACTIVE
[2026-09-06T02:10:26.456Z] [ESEB-LOG] ESEB CLASSIC SUCCESS: Core Authenticated | V-STAMP-24 Verified.
[2026-09-06T02:10:26.456Z] [ESEB-LOG] END: Execution Completed. Sharded Virtual Threads Active: 24/24 | Entropy δ = 0.
[2026-09-06T08:14:53.755Z] [ESEB-LOG] START: Orchestration initialized for domain 8000kicks.donabico.com
[2026-09-06T08:14:53.755Z] [ESEB-LOG] ROUND-ROBIN SELECTOR: Active Node: BGE_EMBEDDING (RAG Knowledge Vectorization)
[2026-09-06T08:14:54.094Z] [ESEB-LOG] SOTA SUCCESS: NODE [BGE_EMBEDDING] HTTP Status: 200 OK (Credit Preserved)
[2026-09-06T08:14:54.094Z] [ESEB-LOG] HASH SHARDING: Initializing mathematical hash mapping into 24 virtual threads...
[2026-09-06T08:14:54.095Z] [ESEB-LOG] HASH SHARDING SUCCESS: All 24 virtual sharded threads mapped & verified. Entropy δ = 0.
[2026-09-06T08:14:54.095Z] [ESEB-LOG] DISPATCH: Virtual Thread #1 | Hash: 1fa01f311431 | Status: ACTIVE
[2026-09-06T08:14:54.095Z] [ESEB-LOG] DISPATCH: Virtual Thread #2 | Hash: 8bc5cdabfe73 | Status: ACTIVE
[2026-09-06T08:14:54.095Z] [ESEB-LOG] DISPATCH: Virtual Thread #3 | Hash: 9cb9d0fb3e8c | Status: ACTIVE
[2026-09-06T08:14:54.095Z] [ESEB-LOG] DISPATCH: Virtual Thread #4 | Hash: efffeac20a34 | Status: ACTIVE
[2026-09-06T08:14:54.095Z] [ESEB-LOG] DISPATCH: Virtual Thread #5 | Hash: 273d12091281 | Status: ACTIVE
[2026-09-06T08:14:54.095Z] [ESEB-LOG] DISPATCH: Virtual Thread #6 | Hash: 04a3f996799f | Status: ACTIVE
[2026-09-06T08:14:54.095Z] [ESEB-LOG] DISPATCH: Virtual Thread #7 | Hash: 3a913bcf67fc | Status: ACTIVE
[2026-09-06T08:14:54.095Z] [ESEB-LOG] DISPATCH: Virtual Thread #8 | Hash: 9378175ed402 | Status: ACTIVE
[2026-09-06T08:14:54.095Z] [ESEB-LOG] DISPATCH: Virtual Thread #9 | Hash: 5d44a98d8b51 | Status: ACTIVE
[2026-09-06T08:14:54.095Z] [ESEB-LOG] DISPATCH: Virtual Thread #10 | Hash: b973002fd40a | Status: ACTIVE
[2026-09-06T08:14:54.095Z] [ESEB-LOG] DISPATCH: Virtual Thread #11 | Hash: 065327baabed | Status: ACTIVE
[2026-09-06T08:14:54.095Z] [ESEB-LOG] DISPATCH: Virtual Thread #12 | Hash: 70fd66711fa1 | Status: ACTIVE
[2026-09-06T08:14:54.095Z] [ESEB-LOG] DISPATCH: Virtual Thread #13 | Hash: 5b65f7085b55 | Status: ACTIVE
[2026-09-06T08:14:54.095Z] [ESEB-LOG] DISPATCH: Virtual Thread #14 | Hash: 72032ecad9fc | Status: ACTIVE
[2026-09-06T08:14:54.095Z] [ESEB-LOG] DISPATCH: Virtual Thread #15 | Hash: 4e5e6add942f | Status: ACTIVE
[2026-09-06T08:14:54.095Z] [ESEB-LOG] DISPATCH: Virtual Thread #16 | Hash: 512e01cb0d6a | Status: ACTIVE
[2026-09-06T08:14:54.095Z] [ESEB-LOG] DISPATCH: Virtual Thread #17 | Hash: 864c11f81d9b | Status: ACTIVE
[2026-09-06T08:14:54.095Z] [ESEB-LOG] DISPATCH: Virtual Thread #18 | Hash: daa336913b72 | Status: ACTIVE
[2026-09-06T08:14:54.095Z] [ESEB-LOG] DISPATCH: Virtual Thread #19 | Hash: 2211cd35e6da | Status: ACTIVE
[2026-09-06T08:14:54.095Z] [ESEB-LOG] DISPATCH: Virtual Thread #20 | Hash: 0fa597a68029 | Status: ACTIVE
[2026-09-06T08:14:54.095Z] [ESEB-LOG] DISPATCH: Virtual Thread #21 | Hash: 2558cc67db46 | Status: ACTIVE
[2026-09-06T08:14:54.095Z] [ESEB-LOG] DISPATCH: Virtual Thread #22 | Hash: 5fccc0a5a297 | Status: ACTIVE
[2026-09-06T08:14:54.095Z] [ESEB-LOG] DISPATCH: Virtual Thread #23 | Hash: 25bb8ad5b417 | Status: ACTIVE
[2026-09-06T08:14:54.095Z] [ESEB-LOG] DISPATCH: Virtual Thread #24 | Hash: 29cf42ddf7d6 | Status: ACTIVE
[2026-09-06T08:14:54.095Z] [ESEB-LOG] ESEB CLASSIC SUCCESS: Core Authenticated | V-STAMP-24 Verified.
[2026-09-06T08:14:54.095Z] [ESEB-LOG] END: Execution Completed. Sharded Virtual Threads Active: 24/24 | Entropy δ = 0.
[2026-09-06T14:41:47.943Z] [ESEB-LOG] START: Orchestration initialized for domain 8000kicks.donabico.com
[2026-09-06T14:41:47.944Z] [ESEB-LOG] ROUND-ROBIN SELECTOR: Active Node: SDXL_IMAGE (Affiliate Intelligent Banners & Posters)
[2026-09-06T14:41:50.878Z] [ESEB-LOG] SOTA SUCCESS: NODE [SDXL_IMAGE] HTTP Status: 200 OK (Credit Preserved)
[2026-09-06T14:41:50.879Z] [ESEB-LOG] HASH SHARDING: Initializing mathematical hash mapping into 24 virtual threads...
[2026-09-06T14:41:50.879Z] [ESEB-LOG] HASH SHARDING SUCCESS: All 24 virtual sharded threads mapped & verified. Entropy δ = 0.
[2026-09-06T14:41:50.879Z] [ESEB-LOG] DISPATCH: Virtual Thread #1 | Hash: 66d999d50d5b | Status: ACTIVE
[2026-09-06T14:41:50.879Z] [ESEB-LOG] DISPATCH: Virtual Thread #2 | Hash: c66bb572b301 | Status: ACTIVE
[2026-09-06T14:41:50.879Z] [ESEB-LOG] DISPATCH: Virtual Thread #3 | Hash: af60a7414ea5 | Status: ACTIVE
[2026-09-06T14:41:50.879Z] [ESEB-LOG] DISPATCH: Virtual Thread #4 | Hash: d39122996178 | Status: ACTIVE
[2026-09-06T14:41:50.880Z] [ESEB-LOG] DISPATCH: Virtual Thread #5 | Hash: b9ff9d5f2435 | Status: ACTIVE
[2026-09-06T14:41:50.880Z] [ESEB-LOG] DISPATCH: Virtual Thread #6 | Hash: 917dece98efc | Status: ACTIVE
[2026-09-06T14:41:50.880Z] [ESEB-LOG] DISPATCH: Virtual Thread #7 | Hash: 194689193c2d | Status: ACTIVE
[2026-09-06T14:41:50.880Z] [ESEB-LOG] DISPATCH: Virtual Thread #8 | Hash: ac3de4495b14 | Status: ACTIVE
[2026-09-06T14:41:50.880Z] [ESEB-LOG] DISPATCH: Virtual Thread #9 | Hash: c01352aec910 | Status: ACTIVE
[2026-09-06T14:41:50.880Z] [ESEB-LOG] DISPATCH: Virtual Thread #10 | Hash: 1cd18db359c0 | Status: ACTIVE
[2026-09-06T14:41:50.880Z] [ESEB-LOG] DISPATCH: Virtual Thread #11 | Hash: 373382966ce9 | Status: ACTIVE
[2026-09-06T14:41:50.880Z] [ESEB-LOG] DISPATCH: Virtual Thread #12 | Hash: 4aac8547a651 | Status: ACTIVE
[2026-09-06T14:41:50.880Z] [ESEB-LOG] DISPATCH: Virtual Thread #13 | Hash: 6268aeb3b74a | Status: ACTIVE
[2026-09-06T14:41:50.880Z] [ESEB-LOG] DISPATCH: Virtual Thread #14 | Hash: 829e548b44e9 | Status: ACTIVE
[2026-09-06T14:41:50.880Z] [ESEB-LOG] DISPATCH: Virtual Thread #15 | Hash: defeeaef30a2 | Status: ACTIVE
[2026-09-06T14:41:50.880Z] [ESEB-LOG] DISPATCH: Virtual Thread #16 | Hash: d083fad5e6d3 | Status: ACTIVE
[2026-09-06T14:41:50.880Z] [ESEB-LOG] DISPATCH: Virtual Thread #17 | Hash: 8faa98a51193 | Status: ACTIVE
[2026-09-06T14:41:50.880Z] [ESEB-LOG] DISPATCH: Virtual Thread #18 | Hash: 80a8c2d77c69 | Status: ACTIVE
[2026-09-06T14:41:50.880Z] [ESEB-LOG] DISPATCH: Virtual Thread #19 | Hash: 2cf87375bd2e | Status: ACTIVE
[2026-09-06T14:41:50.880Z] [ESEB-LOG] DISPATCH: Virtual Thread #20 | Hash: 9e06927a49da | Status: ACTIVE
[2026-09-06T14:41:50.880Z] [ESEB-LOG] DISPATCH: Virtual Thread #21 | Hash: ed775054347b | Status: ACTIVE
[2026-09-06T14:41:50.880Z] [ESEB-LOG] DISPATCH: Virtual Thread #22 | Hash: d092dfc3d95f | Status: ACTIVE
[2026-09-06T14:41:50.880Z] [ESEB-LOG] DISPATCH: Virtual Thread #23 | Hash: 0ff3b7230816 | Status: ACTIVE
[2026-09-06T14:41:50.880Z] [ESEB-LOG] DISPATCH: Virtual Thread #24 | Hash: 37805abdbd85 | Status: ACTIVE
[2026-09-06T14:41:50.880Z] [ESEB-LOG] ESEB CLASSIC SUCCESS: Core Authenticated | V-STAMP-24 Verified.
[2026-09-06T14:41:50.880Z] [ESEB-LOG] END: Execution Completed. Sharded Virtual Threads Active: 24/24 | Entropy δ = 0.
[2026-09-06T17:54:43.318Z] [ESEB-LOG] START: Orchestration initialized for domain 8000kicks.donabico.com
[2026-09-06T17:54:43.318Z] [ESEB-LOG] ROUND-ROBIN SELECTOR: Active Node: LLAMA_70B (Super Smart Intelligent Reviews & Deep Synthesis)
[2026-09-06T17:54:48.795Z] [ESEB-LOG] SOTA SUCCESS: NODE [LLAMA_70B] HTTP Status: 200 OK (Credit Preserved)
[2026-09-06T17:54:48.796Z] [ESEB-LOG] HASH SHARDING: Initializing mathematical hash mapping into 24 virtual threads...
[2026-09-06T17:54:48.796Z] [ESEB-LOG] HASH SHARDING SUCCESS: All 24 virtual sharded threads mapped & verified. Entropy δ = 0.
[2026-09-06T17:54:48.797Z] [ESEB-LOG] DISPATCH: Virtual Thread #1 | Hash: dd6211a26a99 | Status: ACTIVE
[2026-09-06T17:54:48.797Z] [ESEB-LOG] DISPATCH: Virtual Thread #2 | Hash: 1b8ac031fa8b | Status: ACTIVE
[2026-09-06T17:54:48.797Z] [ESEB-LOG] DISPATCH: Virtual Thread #3 | Hash: 935e35494c07 | Status: ACTIVE
[2026-09-06T17:54:48.797Z] [ESEB-LOG] DISPATCH: Virtual Thread #4 | Hash: 04971236420d | Status: ACTIVE
[2026-09-06T17:54:48.797Z] [ESEB-LOG] DISPATCH: Virtual Thread #5 | Hash: ded263f082ea | Status: ACTIVE
[2026-09-06T17:54:48.797Z] [ESEB-LOG] DISPATCH: Virtual Thread #6 | Hash: 771e65f3feb0 | Status: ACTIVE
[2026-09-06T17:54:48.797Z] [ESEB-LOG] DISPATCH: Virtual Thread #7 | Hash: 1a66e82f0262 | Status: ACTIVE
[2026-09-06T17:54:48.797Z] [ESEB-LOG] DISPATCH: Virtual Thread #8 | Hash: 68c05c032913 | Status: ACTIVE
[2026-09-06T17:54:48.797Z] [ESEB-LOG] DISPATCH: Virtual Thread #9 | Hash: 15d54c958ed6 | Status: ACTIVE
[2026-09-06T17:54:48.797Z] [ESEB-LOG] DISPATCH: Virtual Thread #10 | Hash: 0ad6c3326488 | Status: ACTIVE
[2026-09-06T17:54:48.797Z] [ESEB-LOG] DISPATCH: Virtual Thread #11 | Hash: 61d10d3ce975 | Status: ACTIVE
[2026-09-06T17:54:48.797Z] [ESEB-LOG] DISPATCH: Virtual Thread #12 | Hash: a03686e5c31a | Status: ACTIVE
[2026-09-06T17:54:48.797Z] [ESEB-LOG] DISPATCH: Virtual Thread #13 | Hash: d24538f115c5 | Status: ACTIVE
[2026-09-06T17:54:48.797Z] [ESEB-LOG] DISPATCH: Virtual Thread #14 | Hash: 950ee1e83c3c | Status: ACTIVE
[2026-09-06T17:54:48.797Z] [ESEB-LOG] DISPATCH: Virtual Thread #15 | Hash: d3f9aba24e25 | Status: ACTIVE
[2026-09-06T17:54:48.797Z] [ESEB-LOG] DISPATCH: Virtual Thread #16 | Hash: f1bdf4a00a82 | Status: ACTIVE
[2026-09-06T17:54:48.797Z] [ESEB-LOG] DISPATCH: Virtual Thread #17 | Hash: b485ae4dcfa2 | Status: ACTIVE
[2026-09-06T17:54:48.797Z] [ESEB-LOG] DISPATCH: Virtual Thread #18 | Hash: a15068d0f168 | Status: ACTIVE
[2026-09-06T17:54:48.797Z] [ESEB-LOG] DISPATCH: Virtual Thread #19 | Hash: c109a6e7ef20 | Status: ACTIVE
[2026-09-06T17:54:48.797Z] [ESEB-LOG] DISPATCH: Virtual Thread #20 | Hash: 8f6ef556d3f5 | Status: ACTIVE
[2026-09-06T17:54:48.797Z] [ESEB-LOG] DISPATCH: Virtual Thread #21 | Hash: 2543477385dd | Status: ACTIVE
[2026-09-06T17:54:48.797Z] [ESEB-LOG] DISPATCH: Virtual Thread #22 | Hash: 7826b98f8fd6 | Status: ACTIVE
[2026-09-06T17:54:48.797Z] [ESEB-LOG] DISPATCH: Virtual Thread #23 | Hash: 062936e7fc26 | Status: ACTIVE
[2026-09-06T17:54:48.797Z] [ESEB-LOG] DISPATCH: Virtual Thread #24 | Hash: ebb029992fc0 | Status: ACTIVE
[2026-09-06T17:54:48.797Z] [ESEB-LOG] ESEB CLASSIC SUCCESS: Core Authenticated | V-STAMP-24 Verified.
[2026-09-06T17:54:48.797Z] [ESEB-LOG] END: Execution Completed. Sharded Virtual Threads Active: 24/24 | Entropy δ = 0.
[2026-09-06T21:52:04.616Z] [ESEB-LOG] START: Orchestration initialized for domain 8000kicks.donabico.com
[2026-09-06T21:52:04.616Z] [ESEB-LOG] ROUND-ROBIN SELECTOR: Active Node: LLAMA_8B (Rapid RAG Fallback & Smart Sourcing)
[2026-09-06T21:52:06.251Z] [ESEB-LOG] SOTA SUCCESS: NODE [LLAMA_8B] HTTP Status: 200 OK (Credit Preserved)
[2026-09-06T21:52:06.252Z] [ESEB-LOG] HASH SHARDING: Initializing mathematical hash mapping into 24 virtual threads...
[2026-09-06T21:52:06.252Z] [ESEB-LOG] HASH SHARDING SUCCESS: All 24 virtual sharded threads mapped & verified. Entropy δ = 0.
[2026-09-06T21:52:06.252Z] [ESEB-LOG] DISPATCH: Virtual Thread #1 | Hash: b88159df09d3 | Status: ACTIVE
[2026-09-06T21:52:06.252Z] [ESEB-LOG] DISPATCH: Virtual Thread #2 | Hash: 7ebbf8247f0f | Status: ACTIVE
[2026-09-06T21:52:06.253Z] [ESEB-LOG] DISPATCH: Virtual Thread #3 | Hash: 46b110db3bcd | Status: ACTIVE
[2026-09-06T21:52:06.253Z] [ESEB-LOG] DISPATCH: Virtual Thread #4 | Hash: 5462f3d2d676 | Status: ACTIVE
[2026-09-06T21:52:06.253Z] [ESEB-LOG] DISPATCH: Virtual Thread #5 | Hash: c87be1747027 | Status: ACTIVE
[2026-09-06T21:52:06.253Z] [ESEB-LOG] DISPATCH: Virtual Thread #6 | Hash: 531a4a7428ff | Status: ACTIVE
[2026-09-06T21:52:06.253Z] [ESEB-LOG] DISPATCH: Virtual Thread #7 | Hash: 4cbdaaf0474b | Status: ACTIVE
[2026-09-06T21:52:06.253Z] [ESEB-LOG] DISPATCH: Virtual Thread #8 | Hash: a742d4bf75a7 | Status: ACTIVE
[2026-09-06T21:52:06.253Z] [ESEB-LOG] DISPATCH: Virtual Thread #9 | Hash: 1e636624d539 | Status: ACTIVE
[2026-09-06T21:52:06.253Z] [ESEB-LOG] DISPATCH: Virtual Thread #10 | Hash: 7d3f9e2240a7 | Status: ACTIVE
[2026-09-06T21:52:06.253Z] [ESEB-LOG] DISPATCH: Virtual Thread #11 | Hash: 5126c87aa26d | Status: ACTIVE
[2026-09-06T21:52:06.253Z] [ESEB-LOG] DISPATCH: Virtual Thread #12 | Hash: d645562f92c9 | Status: ACTIVE
[2026-09-06T21:52:06.253Z] [ESEB-LOG] DISPATCH: Virtual Thread #13 | Hash: 365163f7792c | Status: ACTIVE
[2026-09-06T21:52:06.253Z] [ESEB-LOG] DISPATCH: Virtual Thread #14 | Hash: e253d5923199 | Status: ACTIVE
[2026-09-06T21:52:06.253Z] [ESEB-LOG] DISPATCH: Virtual Thread #15 | Hash: 2f9cfcd7f8aa | Status: ACTIVE
[2026-09-06T21:52:06.253Z] [ESEB-LOG] DISPATCH: Virtual Thread #16 | Hash: fd24e1e13760 | Status: ACTIVE
[2026-09-06T21:52:06.253Z] [ESEB-LOG] DISPATCH: Virtual Thread #17 | Hash: deaf34f5158a | Status: ACTIVE
[2026-09-06T21:52:06.253Z] [ESEB-LOG] DISPATCH: Virtual Thread #18 | Hash: f0a5aaeb5cab | Status: ACTIVE
[2026-09-06T21:52:06.253Z] [ESEB-LOG] DISPATCH: Virtual Thread #19 | Hash: 6467b0aa10a5 | Status: ACTIVE
[2026-09-06T21:52:06.253Z] [ESEB-LOG] DISPATCH: Virtual Thread #20 | Hash: a4abdb6c9301 | Status: ACTIVE
[2026-09-06T21:52:06.253Z] [ESEB-LOG] DISPATCH: Virtual Thread #21 | Hash: 066038c9ed86 | Status: ACTIVE
[2026-09-06T21:52:06.253Z] [ESEB-LOG] DISPATCH: Virtual Thread #22 | Hash: 4fa1fb07e511 | Status: ACTIVE
[2026-09-06T21:52:06.253Z] [ESEB-LOG] DISPATCH: Virtual Thread #23 | Hash: 2c5d18c57463 | Status: ACTIVE
[2026-09-06T21:52:06.253Z] [ESEB-LOG] DISPATCH: Virtual Thread #24 | Hash: 247c32af17f7 | Status: ACTIVE
[2026-09-06T21:52:06.253Z] [ESEB-LOG] ESEB CLASSIC SUCCESS: Core Authenticated | V-STAMP-24 Verified.
[2026-09-06T21:52:06.253Z] [ESEB-LOG] END: Execution Completed. Sharded Virtual Threads Active: 24/24 | Entropy δ = 0.
[2026-09-07T02:07:41.827Z] [ESEB-LOG] START: Orchestration initialized for domain 8000kicks.donabico.com
[2026-09-07T02:07:41.827Z] [ESEB-LOG] ROUND-ROBIN SELECTOR: Active Node: DEEPSEEK (Advanced Reasoning & GEO-SEO Optimization)
[2026-09-07T02:07:51.873Z] [ESEB-LOG] AUTO-HEALED: Request timeout. Self-healing fallback engaged.
[2026-09-07T02:07:51.873Z] [ESEB-LOG] HASH SHARDING: Initializing mathematical hash mapping into 24 virtual threads...
[2026-09-07T02:07:51.874Z] [ESEB-LOG] HASH SHARDING SUCCESS: All 24 virtual sharded threads mapped & verified. Entropy δ = 0.
[2026-09-07T02:07:51.874Z] [ESEB-LOG] DISPATCH: Virtual Thread #1 | Hash: ceb2ce947bd3 | Status: ACTIVE
[2026-09-07T02:07:51.874Z] [ESEB-LOG] DISPATCH: Virtual Thread #2 | Hash: 9bcf0b54a7a0 | Status: ACTIVE
[2026-09-07T02:07:51.874Z] [ESEB-LOG] DISPATCH: Virtual Thread #3 | Hash: 7049b3f58f32 | Status: ACTIVE
[2026-09-07T02:07:51.874Z] [ESEB-LOG] DISPATCH: Virtual Thread #4 | Hash: 188e61bc61e5 | Status: ACTIVE
[2026-09-07T02:07:51.874Z] [ESEB-LOG] DISPATCH: Virtual Thread #5 | Hash: 202cd24d01ab | Status: ACTIVE
[2026-09-07T02:07:51.874Z] [ESEB-LOG] DISPATCH: Virtual Thread #6 | Hash: 1dfed1447a1e | Status: ACTIVE
[2026-09-07T02:07:51.874Z] [ESEB-LOG] DISPATCH: Virtual Thread #7 | Hash: a437564a0a32 | Status: ACTIVE
[2026-09-07T02:07:51.874Z] [ESEB-LOG] DISPATCH: Virtual Thread #8 | Hash: 45fe8cc898f5 | Status: ACTIVE
[2026-09-07T02:07:51.874Z] [ESEB-LOG] DISPATCH: Virtual Thread #9 | Hash: 4976b2476f27 | Status: ACTIVE
[2026-09-07T02:07:51.874Z] [ESEB-LOG] DISPATCH: Virtual Thread #10 | Hash: 9205080751c8 | Status: ACTIVE
[2026-09-07T02:07:51.874Z] [ESEB-LOG] DISPATCH: Virtual Thread #11 | Hash: 7c6366132e53 | Status: ACTIVE
[2026-09-07T02:07:51.874Z] [ESEB-LOG] DISPATCH: Virtual Thread #12 | Hash: ac3036fd8963 | Status: ACTIVE
[2026-09-07T02:07:51.874Z] [ESEB-LOG] DISPATCH: Virtual Thread #13 | Hash: d6af3ef5cdcc | Status: ACTIVE
[2026-09-07T02:07:51.874Z] [ESEB-LOG] DISPATCH: Virtual Thread #14 | Hash: 9b43d5640a32 | Status: ACTIVE
[2026-09-07T02:07:51.874Z] [ESEB-LOG] DISPATCH: Virtual Thread #15 | Hash: 1b71984efdc0 | Status: ACTIVE
[2026-09-07T02:07:51.874Z] [ESEB-LOG] DISPATCH: Virtual Thread #16 | Hash: afb3b3a579a4 | Status: ACTIVE
[2026-09-07T02:07:51.874Z] [ESEB-LOG] DISPATCH: Virtual Thread #17 | Hash: 6aac41e93bad | Status: ACTIVE
[2026-09-07T02:07:51.874Z] [ESEB-LOG] DISPATCH: Virtual Thread #18 | Hash: 8eb7cd63acff | Status: ACTIVE
[2026-09-07T02:07:51.874Z] [ESEB-LOG] DISPATCH: Virtual Thread #19 | Hash: 1230d7bd3e67 | Status: ACTIVE
[2026-09-07T02:07:51.874Z] [ESEB-LOG] DISPATCH: Virtual Thread #20 | Hash: 7286cdc75003 | Status: ACTIVE
[2026-09-07T02:07:51.874Z] [ESEB-LOG] DISPATCH: Virtual Thread #21 | Hash: db117c19d884 | Status: ACTIVE
[2026-09-07T02:07:51.874Z] [ESEB-LOG] DISPATCH: Virtual Thread #22 | Hash: 8c8d630c45bd | Status: ACTIVE
[2026-09-07T02:07:51.874Z] [ESEB-LOG] DISPATCH: Virtual Thread #23 | Hash: 79aeec5270c4 | Status: ACTIVE
[2026-09-07T02:07:51.874Z] [ESEB-LOG] DISPATCH: Virtual Thread #24 | Hash: 8d7300fd9d71 | Status: ACTIVE
[2026-09-07T02:07:51.874Z] [ESEB-LOG] ESEB CLASSIC SUCCESS: Core Authenticated | V-STAMP-24 Verified.
[2026-09-07T02:07:51.874Z] [ESEB-LOG] END: Execution Completed. Sharded Virtual Threads Active: 24/24 | Entropy δ = 0.
[2026-09-07T08:47:03.369Z] [ESEB-LOG] START: Orchestration initialized for domain 8000kicks.donabico.com
[2026-09-07T08:47:03.369Z] [ESEB-LOG] ROUND-ROBIN SELECTOR: Active Node: LLAMA_3B (Edge Ultra-Fast Localization)
[2026-09-07T08:47:04.786Z] [ESEB-LOG] SOTA SUCCESS: NODE [LLAMA_3B] HTTP Status: 200 OK (Credit Preserved)
[2026-09-07T08:47:04.787Z] [ESEB-LOG] HASH SHARDING: Initializing mathematical hash mapping into 24 virtual threads...
[2026-09-07T08:47:04.788Z] [ESEB-LOG] HASH SHARDING SUCCESS: All 24 virtual sharded threads mapped & verified. Entropy δ = 0.
[2026-09-07T08:47:04.788Z] [ESEB-LOG] DISPATCH: Virtual Thread #1 | Hash: dcf3b8c2f523 | Status: ACTIVE
[2026-09-07T08:47:04.788Z] [ESEB-LOG] DISPATCH: Virtual Thread #2 | Hash: 8ef661261f0f | Status: ACTIVE
[2026-09-07T08:47:04.788Z] [ESEB-LOG] DISPATCH: Virtual Thread #3 | Hash: 6c84e81515d0 | Status: ACTIVE
[2026-09-07T08:47:04.788Z] [ESEB-LOG] DISPATCH: Virtual Thread #4 | Hash: aebfd1376033 | Status: ACTIVE
[2026-09-07T08:47:04.788Z] [ESEB-LOG] DISPATCH: Virtual Thread #5 | Hash: 1cc5de3d0d2f | Status: ACTIVE
[2026-09-07T08:47:04.788Z] [ESEB-LOG] DISPATCH: Virtual Thread #6 | Hash: 8408fbeaa4d6 | Status: ACTIVE
[2026-09-07T08:47:04.788Z] [ESEB-LOG] DISPATCH: Virtual Thread #7 | Hash: a1d41bd5d27f | Status: ACTIVE
[2026-09-07T08:47:04.788Z] [ESEB-LOG] DISPATCH: Virtual Thread #8 | Hash: c94eaf7c3beb | Status: ACTIVE
[2026-09-07T08:47:04.788Z] [ESEB-LOG] DISPATCH: Virtual Thread #9 | Hash: d0f11f4420e0 | Status: ACTIVE
[2026-09-07T08:47:04.788Z] [ESEB-LOG] DISPATCH: Virtual Thread #10 | Hash: 563d16040d22 | Status: ACTIVE
[2026-09-07T08:47:04.788Z] [ESEB-LOG] DISPATCH: Virtual Thread #11 | Hash: 3ec1bc6cd05c | Status: ACTIVE
[2026-09-07T08:47:04.788Z] [ESEB-LOG] DISPATCH: Virtual Thread #12 | Hash: 7e261f59775c | Status: ACTIVE
[2026-09-07T08:47:04.788Z] [ESEB-LOG] DISPATCH: Virtual Thread #13 | Hash: 08c4af5718ef | Status: ACTIVE
[2026-09-07T08:47:04.788Z] [ESEB-LOG] DISPATCH: Virtual Thread #14 | Hash: 128f07bb4372 | Status: ACTIVE
[2026-09-07T08:47:04.788Z] [ESEB-LOG] DISPATCH: Virtual Thread #15 | Hash: e4911fd2e417 | Status: ACTIVE
[2026-09-07T08:47:04.788Z] [ESEB-LOG] DISPATCH: Virtual Thread #16 | Hash: cc4959059dd2 | Status: ACTIVE
[2026-09-07T08:47:04.788Z] [ESEB-LOG] DISPATCH: Virtual Thread #17 | Hash: df1f9f026bd8 | Status: ACTIVE
[2026-09-07T08:47:04.788Z] [ESEB-LOG] DISPATCH: Virtual Thread #18 | Hash: 9c24fbb72de8 | Status: ACTIVE
[2026-09-07T08:47:04.788Z] [ESEB-LOG] DISPATCH: Virtual Thread #19 | Hash: a16de7f21a7b | Status: ACTIVE
[2026-09-07T08:47:04.789Z] [ESEB-LOG] DISPATCH: Virtual Thread #20 | Hash: 0ca3816bd875 | Status: ACTIVE
[2026-09-07T08:47:04.789Z] [ESEB-LOG] DISPATCH: Virtual Thread #21 | Hash: 62c15cbf2520 | Status: ACTIVE
[2026-09-07T08:47:04.789Z] [ESEB-LOG] DISPATCH: Virtual Thread #22 | Hash: f53c6653e264 | Status: ACTIVE
[2026-09-07T08:47:04.789Z] [ESEB-LOG] DISPATCH: Virtual Thread #23 | Hash: 132c27329ce0 | Status: ACTIVE
[2026-09-07T08:47:04.789Z] [ESEB-LOG] DISPATCH: Virtual Thread #24 | Hash: 101dda626ee7 | Status: ACTIVE
[2026-09-07T08:47:04.789Z] [ESEB-LOG] ESEB CLASSIC SUCCESS: Core Authenticated | V-STAMP-24 Verified.
[2026-09-07T08:47:04.789Z] [ESEB-LOG] END: Execution Completed. Sharded Virtual Threads Active: 24/24 | Entropy δ = 0.
[2026-09-07T16:56:40.142Z] [ESEB-LOG] START: Orchestration initialized for domain 8000kicks.donabico.com
[2026-09-07T16:56:40.143Z] [ESEB-LOG] ROUND-ROBIN SELECTOR: Active Node: BGE_EMBEDDING (RAG Knowledge Vectorization)
[2026-09-07T16:56:40.459Z] [ESEB-LOG] SOTA SUCCESS: NODE [BGE_EMBEDDING] HTTP Status: 200 OK (Credit Preserved)
[2026-09-07T16:56:40.460Z] [ESEB-LOG] HASH SHARDING: Initializing mathematical hash mapping into 24 virtual threads...
[2026-09-07T16:56:40.460Z] [ESEB-LOG] HASH SHARDING SUCCESS: All 24 virtual sharded threads mapped & verified. Entropy δ = 0.
[2026-09-07T16:56:40.460Z] [ESEB-LOG] DISPATCH: Virtual Thread #1 | Hash: 33217f7386eb | Status: ACTIVE
[2026-09-07T16:56:40.460Z] [ESEB-LOG] DISPATCH: Virtual Thread #2 | Hash: b4399e6b8a8f | Status: ACTIVE
[2026-09-07T16:56:40.460Z] [ESEB-LOG] DISPATCH: Virtual Thread #3 | Hash: ab8738f7fd0a | Status: ACTIVE
[2026-09-07T16:56:40.460Z] [ESEB-LOG] DISPATCH: Virtual Thread #4 | Hash: 1238dc6baaa6 | Status: ACTIVE
[2026-09-07T16:56:40.460Z] [ESEB-LOG] DISPATCH: Virtual Thread #5 | Hash: f712f596fe83 | Status: ACTIVE
[2026-09-07T16:56:40.460Z] [ESEB-LOG] DISPATCH: Virtual Thread #6 | Hash: 47e0d6890ea0 | Status: ACTIVE
[2026-09-07T16:56:40.461Z] [ESEB-LOG] DISPATCH: Virtual Thread #7 | Hash: 05a84a4d51bc | Status: ACTIVE
[2026-09-07T16:56:40.461Z] [ESEB-LOG] DISPATCH: Virtual Thread #8 | Hash: fee8678b74c4 | Status: ACTIVE
[2026-09-07T16:56:40.461Z] [ESEB-LOG] DISPATCH: Virtual Thread #9 | Hash: 580d01014445 | Status: ACTIVE
[2026-09-07T16:56:40.461Z] [ESEB-LOG] DISPATCH: Virtual Thread #10 | Hash: 9ac073ec750c | Status: ACTIVE
[2026-09-07T16:56:40.461Z] [ESEB-LOG] DISPATCH: Virtual Thread #11 | Hash: cfd1705a894f | Status: ACTIVE
[2026-09-07T16:56:40.461Z] [ESEB-LOG] DISPATCH: Virtual Thread #12 | Hash: c867036c24b1 | Status: ACTIVE
[2026-09-07T16:56:40.461Z] [ESEB-LOG] DISPATCH: Virtual Thread #13 | Hash: 38aaf568efba | Status: ACTIVE
[2026-09-07T16:56:40.461Z] [ESEB-LOG] DISPATCH: Virtual Thread #14 | Hash: d8cb7df6e8d5 | Status: ACTIVE
[2026-09-07T16:56:40.461Z] [ESEB-LOG] DISPATCH: Virtual Thread #15 | Hash: cce6e043e940 | Status: ACTIVE
[2026-09-07T16:56:40.461Z] [ESEB-LOG] DISPATCH: Virtual Thread #16 | Hash: 71f9097c5cba | Status: ACTIVE
[2026-09-07T16:56:40.461Z] [ESEB-LOG] DISPATCH: Virtual Thread #17 | Hash: 3ef1f442908c | Status: ACTIVE
[2026-09-07T16:56:40.461Z] [ESEB-LOG] DISPATCH: Virtual Thread #18 | Hash: e57121f83d62 | Status: ACTIVE
[2026-09-07T16:56:40.461Z] [ESEB-LOG] DISPATCH: Virtual Thread #19 | Hash: 5015688e66c2 | Status: ACTIVE
[2026-09-07T16:56:40.461Z] [ESEB-LOG] DISPATCH: Virtual Thread #20 | Hash: 2001d8efc685 | Status: ACTIVE
[2026-09-07T16:56:40.461Z] [ESEB-LOG] DISPATCH: Virtual Thread #21 | Hash: 98c8c6c5b51f | Status: ACTIVE
[2026-09-07T16:56:40.461Z] [ESEB-LOG] DISPATCH: Virtual Thread #22 | Hash: c4fc8e2df866 | Status: ACTIVE
[2026-09-07T16:56:40.461Z] [ESEB-LOG] DISPATCH: Virtual Thread #23 | Hash: 6e06f5497960 | Status: ACTIVE
[2026-09-07T16:56:40.461Z] [ESEB-LOG] DISPATCH: Virtual Thread #24 | Hash: d13e4ebed0bb | Status: ACTIVE
[2026-09-07T16:56:40.461Z] [ESEB-LOG] ESEB CLASSIC SUCCESS: Core Authenticated | V-STAMP-24 Verified.
[2026-09-07T16:56:40.461Z] [ESEB-LOG] END: Execution Completed. Sharded Virtual Threads Active: 24/24 | Entropy δ = 0.
[2026-09-07T22:25:00.768Z] [ESEB-LOG] START: Orchestration initialized for domain 8000kicks.donabico.com
[2026-09-07T22:25:00.768Z] [ESEB-LOG] ROUND-ROBIN SELECTOR: Active Node: SDXL_IMAGE (Affiliate Intelligent Banners & Posters)
[2026-09-07T22:25:06.687Z] [ESEB-LOG] SOTA SUCCESS: NODE [SDXL_IMAGE] HTTP Status: 200 OK (Credit Preserved)
[2026-09-07T22:25:06.688Z] [ESEB-LOG] HASH SHARDING: Initializing mathematical hash mapping into 24 virtual threads...
[2026-09-07T22:25:06.688Z] [ESEB-LOG] HASH SHARDING SUCCESS: All 24 virtual sharded threads mapped & verified. Entropy δ = 0.
[2026-09-07T22:25:06.688Z] [ESEB-LOG] DISPATCH: Virtual Thread #1 | Hash: 64b3e635aae6 | Status: ACTIVE
[2026-09-07T22:25:06.689Z] [ESEB-LOG] DISPATCH: Virtual Thread #2 | Hash: 1c82da77953a | Status: ACTIVE
[2026-09-07T22:25:06.689Z] [ESEB-LOG] DISPATCH: Virtual Thread #3 | Hash: 8ecde1659552 | Status: ACTIVE
[2026-09-07T22:25:06.689Z] [ESEB-LOG] DISPATCH: Virtual Thread #4 | Hash: 06f79ed324dd | Status: ACTIVE
[2026-09-07T22:25:06.689Z] [ESEB-LOG] DISPATCH: Virtual Thread #5 | Hash: a3e38d062287 | Status: ACTIVE
[2026-09-07T22:25:06.689Z] [ESEB-LOG] DISPATCH: Virtual Thread #6 | Hash: 16f8f51daee6 | Status: ACTIVE
[2026-09-07T22:25:06.689Z] [ESEB-LOG] DISPATCH: Virtual Thread #7 | Hash: cd8bb6d41363 | Status: ACTIVE
[2026-09-07T22:25:06.689Z] [ESEB-LOG] DISPATCH: Virtual Thread #8 | Hash: 62f319b11e10 | Status: ACTIVE
[2026-09-07T22:25:06.689Z] [ESEB-LOG] DISPATCH: Virtual Thread #9 | Hash: 5de60ca05842 | Status: ACTIVE
[2026-09-07T22:25:06.689Z] [ESEB-LOG] DISPATCH: Virtual Thread #10 | Hash: 8d244d7b83cd | Status: ACTIVE
[2026-09-07T22:25:06.689Z] [ESEB-LOG] DISPATCH: Virtual Thread #11 | Hash: ed7251af83ac | Status: ACTIVE
[2026-09-07T22:25:06.689Z] [ESEB-LOG] DISPATCH: Virtual Thread #12 | Hash: 7fb21a88fc0b | Status: ACTIVE
[2026-09-07T22:25:06.689Z] [ESEB-LOG] DISPATCH: Virtual Thread #13 | Hash: 6c589a3edaef | Status: ACTIVE
[2026-09-07T22:25:06.689Z] [ESEB-LOG] DISPATCH: Virtual Thread #14 | Hash: e5d3f7124818 | Status: ACTIVE
[2026-09-07T22:25:06.689Z] [ESEB-LOG] DISPATCH: Virtual Thread #15 | Hash: 308c52b5a1c6 | Status: ACTIVE
[2026-09-07T22:25:06.689Z] [ESEB-LOG] DISPATCH: Virtual Thread #16 | Hash: 0e1fe1c2ef4f | Status: ACTIVE
[2026-09-07T22:25:06.689Z] [ESEB-LOG] DISPATCH: Virtual Thread #17 | Hash: 532c7ec40c2c | Status: ACTIVE
[2026-09-07T22:25:06.689Z] [ESEB-LOG] DISPATCH: Virtual Thread #18 | Hash: 5f2611b019dc | Status: ACTIVE
[2026-09-07T22:25:06.689Z] [ESEB-LOG] DISPATCH: Virtual Thread #19 | Hash: 828b5a36c69a | Status: ACTIVE
[2026-09-07T22:25:06.689Z] [ESEB-LOG] DISPATCH: Virtual Thread #20 | Hash: b5307e0cad9f | Status: ACTIVE
[2026-09-07T22:25:06.689Z] [ESEB-LOG] DISPATCH: Virtual Thread #21 | Hash: f170440edab4 | Status: ACTIVE
[2026-09-07T22:25:06.689Z] [ESEB-LOG] DISPATCH: Virtual Thread #22 | Hash: e4583adf65c2 | Status: ACTIVE
[2026-09-07T22:25:06.689Z] [ESEB-LOG] DISPATCH: Virtual Thread #23 | Hash: 12d281d0d24c | Status: ACTIVE
[2026-09-07T22:25:06.689Z] [ESEB-LOG] DISPATCH: Virtual Thread #24 | Hash: f102fe7423bd | Status: ACTIVE
[2026-09-07T22:25:06.689Z] [ESEB-LOG] ESEB CLASSIC SUCCESS: Core Authenticated | V-STAMP-24 Verified.
[2026-09-07T22:25:06.689Z] [ESEB-LOG] END: Execution Completed. Sharded Virtual Threads Active: 24/24 | Entropy δ = 0.
[2026-09-08T02:19:29.502Z] [ESEB-LOG] START: Orchestration initialized for domain 8000kicks.donabico.com
[2026-09-08T02:19:29.502Z] [ESEB-LOG] ROUND-ROBIN SELECTOR: Active Node: LLAMA_70B (Super Smart Intelligent Reviews & Deep Synthesis)
[2026-09-08T02:19:35.722Z] [ESEB-LOG] SOTA SUCCESS: NODE [LLAMA_70B] HTTP Status: 200 OK (Credit Preserved)
[2026-09-08T02:19:35.723Z] [ESEB-LOG] HASH SHARDING: Initializing mathematical hash mapping into 24 virtual threads...
[2026-09-08T02:19:35.724Z] [ESEB-LOG] HASH SHARDING SUCCESS: All 24 virtual sharded threads mapped & verified. Entropy δ = 0.
[2026-09-08T02:19:35.724Z] [ESEB-LOG] DISPATCH: Virtual Thread #1 | Hash: a057a7ae6c35 | Status: ACTIVE
[2026-09-08T02:19:35.724Z] [ESEB-LOG] DISPATCH: Virtual Thread #2 | Hash: 045e3b94af4d | Status: ACTIVE
[2026-09-08T02:19:35.724Z] [ESEB-LOG] DISPATCH: Virtual Thread #3 | Hash: ec8fefb41050 | Status: ACTIVE
[2026-09-08T02:19:35.724Z] [ESEB-LOG] DISPATCH: Virtual Thread #4 | Hash: c1b788982964 | Status: ACTIVE
[2026-09-08T02:19:35.724Z] [ESEB-LOG] DISPATCH: Virtual Thread #5 | Hash: 862458326b22 | Status: ACTIVE
[2026-09-08T02:19:35.724Z] [ESEB-LOG] DISPATCH: Virtual Thread #6 | Hash: e20a5a3e856f | Status: ACTIVE
[2026-09-08T02:19:35.724Z] [ESEB-LOG] DISPATCH: Virtual Thread #7 | Hash: b5a7b2cbc400 | Status: ACTIVE
[2026-09-08T02:19:35.724Z] [ESEB-LOG] DISPATCH: Virtual Thread #8 | Hash: 9228592fdd13 | Status: ACTIVE
[2026-09-08T02:19:35.724Z] [ESEB-LOG] DISPATCH: Virtual Thread #9 | Hash: 91b3a3d88a07 | Status: ACTIVE
[2026-09-08T02:19:35.724Z] [ESEB-LOG] DISPATCH: Virtual Thread #10 | Hash: edac267e1b01 | Status: ACTIVE
[2026-09-08T02:19:35.724Z] [ESEB-LOG] DISPATCH: Virtual Thread #11 | Hash: 97fed957f6fa | Status: ACTIVE
[2026-09-08T02:19:35.724Z] [ESEB-LOG] DISPATCH: Virtual Thread #12 | Hash: f12fc938edfa | Status: ACTIVE
[2026-09-08T02:19:35.724Z] [ESEB-LOG] DISPATCH: Virtual Thread #13 | Hash: a52749d802d0 | Status: ACTIVE
[2026-09-08T02:19:35.724Z] [ESEB-LOG] DISPATCH: Virtual Thread #14 | Hash: a31f7c3023d7 | Status: ACTIVE
[2026-09-08T02:19:35.724Z] [ESEB-LOG] DISPATCH: Virtual Thread #15 | Hash: 0a9af52ec554 | Status: ACTIVE
[2026-09-08T02:19:35.724Z] [ESEB-LOG] DISPATCH: Virtual Thread #16 | Hash: b35f3092a57a | Status: ACTIVE
[2026-09-08T02:19:35.724Z] [ESEB-LOG] DISPATCH: Virtual Thread #17 | Hash: 4882aab8f69f | Status: ACTIVE
[2026-09-08T02:19:35.724Z] [ESEB-LOG] DISPATCH: Virtual Thread #18 | Hash: 25b59eb27c24 | Status: ACTIVE
[2026-09-08T02:19:35.724Z] [ESEB-LOG] DISPATCH: Virtual Thread #19 | Hash: ef60ce800eb2 | Status: ACTIVE
[2026-09-08T02:19:35.724Z] [ESEB-LOG] DISPATCH: Virtual Thread #20 | Hash: 810c1a3a07cf | Status: ACTIVE
[2026-09-08T02:19:35.724Z] [ESEB-LOG] DISPATCH: Virtual Thread #21 | Hash: 0c8075d65d62 | Status: ACTIVE
[2026-09-08T02:19:35.724Z] [ESEB-LOG] DISPATCH: Virtual Thread #22 | Hash: e280201fbccb | Status: ACTIVE
[2026-09-08T02:19:35.724Z] [ESEB-LOG] DISPATCH: Virtual Thread #23 | Hash: c66f6edee2d2 | Status: ACTIVE
[2026-09-08T02:19:35.724Z] [ESEB-LOG] DISPATCH: Virtual Thread #24 | Hash: 7a048beedd76 | Status: ACTIVE
[2026-09-08T02:19:35.724Z] [ESEB-LOG] ESEB CLASSIC SUCCESS: Core Authenticated | V-STAMP-24 Verified.
[2026-09-08T02:19:35.724Z] [ESEB-LOG] END: Execution Completed. Sharded Virtual Threads Active: 24/24 | Entropy δ = 0.
[2026-09-08T08:27:52.901Z] [ESEB-LOG] START: Orchestration initialized for domain 8000kicks.donabico.com
[2026-09-08T08:27:52.902Z] [ESEB-LOG] ROUND-ROBIN SELECTOR: Active Node: DEEPSEEK (Advanced Reasoning & GEO-SEO Optimization)
[2026-09-08T08:28:01.844Z] [ESEB-LOG] SOTA SUCCESS: NODE [DEEPSEEK] HTTP Status: 200 OK (Credit Preserved)
[2026-09-08T08:28:01.845Z] [ESEB-LOG] HASH SHARDING: Initializing mathematical hash mapping into 24 virtual threads...
[2026-09-08T08:28:01.846Z] [ESEB-LOG] HASH SHARDING SUCCESS: All 24 virtual sharded threads mapped & verified. Entropy δ = 0.
[2026-09-08T08:28:01.846Z] [ESEB-LOG] DISPATCH: Virtual Thread #1 | Hash: 9d826153e82b | Status: ACTIVE
[2026-09-08T08:28:01.846Z] [ESEB-LOG] DISPATCH: Virtual Thread #2 | Hash: 8a103abfdde7 | Status: ACTIVE
[2026-09-08T08:28:01.846Z] [ESEB-LOG] DISPATCH: Virtual Thread #3 | Hash: 93c593c38033 | Status: ACTIVE
[2026-09-08T08:28:01.846Z] [ESEB-LOG] DISPATCH: Virtual Thread #4 | Hash: ece9c216c6aa | Status: ACTIVE
[2026-09-08T08:28:01.846Z] [ESEB-LOG] DISPATCH: Virtual Thread #5 | Hash: 173e41cc1245 | Status: ACTIVE
[2026-09-08T08:28:01.846Z] [ESEB-LOG] DISPATCH: Virtual Thread #6 | Hash: 987054dcc0ac | Status: ACTIVE
[2026-09-08T08:28:01.846Z] [ESEB-LOG] DISPATCH: Virtual Thread #7 | Hash: 8386ca656ad5 | Status: ACTIVE
[2026-09-08T08:28:01.846Z] [ESEB-LOG] DISPATCH: Virtual Thread #8 | Hash: f5f23edbf167 | Status: ACTIVE
[2026-09-08T08:28:01.846Z] [ESEB-LOG] DISPATCH: Virtual Thread #9 | Hash: f2d1ddda3ce7 | Status: ACTIVE
[2026-09-08T08:28:01.846Z] [ESEB-LOG] DISPATCH: Virtual Thread #10 | Hash: 3c57cdf2de61 | Status: ACTIVE
[2026-09-08T08:28:01.846Z] [ESEB-LOG] DISPATCH: Virtual Thread #11 | Hash: eb33401a9bdf | Status: ACTIVE
[2026-09-08T08:28:01.846Z] [ESEB-LOG] DISPATCH: Virtual Thread #12 | Hash: a81e09e88d98 | Status: ACTIVE
[2026-09-08T08:28:01.846Z] [ESEB-LOG] DISPATCH: Virtual Thread #13 | Hash: b94f9c79cb94 | Status: ACTIVE
[2026-09-08T08:28:01.846Z] [ESEB-LOG] DISPATCH: Virtual Thread #14 | Hash: 1d4e4b7acff9 | Status: ACTIVE
[2026-09-08T08:28:01.847Z] [ESEB-LOG] DISPATCH: Virtual Thread #15 | Hash: 27243587dcce | Status: ACTIVE
[2026-09-08T08:28:01.847Z] [ESEB-LOG] DISPATCH: Virtual Thread #16 | Hash: 00ddb88cc2c8 | Status: ACTIVE
[2026-09-08T08:28:01.847Z] [ESEB-LOG] DISPATCH: Virtual Thread #17 | Hash: cf8b294e76a6 | Status: ACTIVE
[2026-09-08T08:28:01.847Z] [ESEB-LOG] DISPATCH: Virtual Thread #18 | Hash: 422115cb31d7 | Status: ACTIVE
[2026-09-08T08:28:01.847Z] [ESEB-LOG] DISPATCH: Virtual Thread #19 | Hash: 7a0b15847f94 | Status: ACTIVE
[2026-09-08T08:28:01.847Z] [ESEB-LOG] DISPATCH: Virtual Thread #20 | Hash: 4cbd98d23a05 | Status: ACTIVE
[2026-09-08T08:28:01.847Z] [ESEB-LOG] DISPATCH: Virtual Thread #21 | Hash: 810c01fff0c4 | Status: ACTIVE
[2026-09-08T08:28:01.847Z] [ESEB-LOG] DISPATCH: Virtual Thread #22 | Hash: 33cfeabf94ab | Status: ACTIVE
[2026-09-08T08:28:01.847Z] [ESEB-LOG] DISPATCH: Virtual Thread #23 | Hash: f4621cfe8ba6 | Status: ACTIVE
[2026-09-08T08:28:01.847Z] [ESEB-LOG] DISPATCH: Virtual Thread #24 | Hash: e07debf67689 | Status: ACTIVE
[2026-09-08T08:28:01.847Z] [ESEB-LOG] ESEB CLASSIC SUCCESS: Core Authenticated | V-STAMP-24 Verified.
[2026-09-08T08:28:01.847Z] [ESEB-LOG] END: Execution Completed. Sharded Virtual Threads Active: 24/24 | Entropy δ = 0.
[2026-09-08T15:44:54.566Z] [ESEB-LOG] START: Orchestration initialized for domain 8000kicks.donabico.com
[2026-09-08T15:44:54.566Z] [ESEB-LOG] ROUND-ROBIN SELECTOR: Active Node: MISTRAL_7B (JSON-LD Schema & Structured Intelligence)
[2026-09-08T15:45:04.633Z] [ESEB-LOG] AUTO-HEALED: Request timeout. Self-healing fallback engaged.
[2026-09-08T15:45:04.633Z] [ESEB-LOG] HASH SHARDING: Initializing mathematical hash mapping into 24 virtual threads...
[2026-09-08T15:45:04.634Z] [ESEB-LOG] HASH SHARDING SUCCESS: All 24 virtual sharded threads mapped & verified. Entropy δ = 0.
[2026-09-08T15:45:04.634Z] [ESEB-LOG] DISPATCH: Virtual Thread #1 | Hash: f3c1e99a15b8 | Status: ACTIVE
[2026-09-08T15:45:04.634Z] [ESEB-LOG] DISPATCH: Virtual Thread #2 | Hash: e4309a7fa8a9 | Status: ACTIVE
[2026-09-08T15:45:04.634Z] [ESEB-LOG] DISPATCH: Virtual Thread #3 | Hash: 661cdd5b67c7 | Status: ACTIVE
[2026-09-08T15:45:04.634Z] [ESEB-LOG] DISPATCH: Virtual Thread #4 | Hash: e1fc88524e71 | Status: ACTIVE
[2026-09-08T15:45:04.634Z] [ESEB-LOG] DISPATCH: Virtual Thread #5 | Hash: 5f7a9571ff21 | Status: ACTIVE
[2026-09-08T15:45:04.634Z] [ESEB-LOG] DISPATCH: Virtual Thread #6 | Hash: ee3820ac75b1 | Status: ACTIVE
[2026-09-08T15:45:04.634Z] [ESEB-LOG] DISPATCH: Virtual Thread #7 | Hash: b41d61c42a59 | Status: ACTIVE
[2026-09-08T15:45:04.634Z] [ESEB-LOG] DISPATCH: Virtual Thread #8 | Hash: b68dc0209c23 | Status: ACTIVE
[2026-09-08T15:45:04.634Z] [ESEB-LOG] DISPATCH: Virtual Thread #9 | Hash: 97f2cb8d8586 | Status: ACTIVE
[2026-09-08T15:45:04.634Z] [ESEB-LOG] DISPATCH: Virtual Thread #10 | Hash: 2d2e3d6fe412 | Status: ACTIVE
[2026-09-08T15:45:04.634Z] [ESEB-LOG] DISPATCH: Virtual Thread #11 | Hash: 5314516c6102 | Status: ACTIVE
[2026-09-08T15:45:04.634Z] [ESEB-LOG] DISPATCH: Virtual Thread #12 | Hash: 5c3af9fa3b86 | Status: ACTIVE
[2026-09-08T15:45:04.634Z] [ESEB-LOG] DISPATCH: Virtual Thread #13 | Hash: 4fefbaf65731 | Status: ACTIVE
[2026-09-08T15:45:04.634Z] [ESEB-LOG] DISPATCH: Virtual Thread #14 | Hash: a276c19e3126 | Status: ACTIVE
[2026-09-08T15:45:04.634Z] [ESEB-LOG] DISPATCH: Virtual Thread #15 | Hash: 4884c7e8477f | Status: ACTIVE
[2026-09-08T15:45:04.634Z] [ESEB-LOG] DISPATCH: Virtual Thread #16 | Hash: b1eccfc44c50 | Status: ACTIVE
[2026-09-08T15:45:04.634Z] [ESEB-LOG] DISPATCH: Virtual Thread #17 | Hash: e862271ea739 | Status: ACTIVE
[2026-09-08T15:45:04.634Z] [ESEB-LOG] DISPATCH: Virtual Thread #18 | Hash: b0ab2831e219 | Status: ACTIVE
[2026-09-08T15:45:04.634Z] [ESEB-LOG] DISPATCH: Virtual Thread #19 | Hash: 319ec4d2c04d | Status: ACTIVE
[2026-09-08T15:45:04.634Z] [ESEB-LOG] DISPATCH: Virtual Thread #20 | Hash: 175b309c96bd | Status: ACTIVE
[2026-09-08T15:45:04.634Z] [ESEB-LOG] DISPATCH: Virtual Thread #21 | Hash: 4a09b5fdb2c3 | Status: ACTIVE
[2026-09-08T15:45:04.634Z] [ESEB-LOG] DISPATCH: Virtual Thread #22 | Hash: 2aed9caf2b16 | Status: ACTIVE
[2026-09-08T15:45:04.634Z] [ESEB-LOG] DISPATCH: Virtual Thread #23 | Hash: 995105eb8faa | Status: ACTIVE
[2026-09-08T15:45:04.634Z] [ESEB-LOG] DISPATCH: Virtual Thread #24 | Hash: a73e000374ac | Status: ACTIVE
[2026-09-08T15:45:04.634Z] [ESEB-LOG] ESEB CLASSIC SUCCESS: Core Authenticated | V-STAMP-24 Verified.
[2026-09-08T15:45:04.634Z] [ESEB-LOG] END: Execution Completed. Sharded Virtual Threads Active: 24/24 | Entropy δ = 0.
[2026-09-08T19:09:38.564Z] [ESEB-LOG] START: Orchestration initialized for domain 8000kicks.donabico.com
[2026-09-08T19:09:38.564Z] [ESEB-LOG] ROUND-ROBIN SELECTOR: Active Node: LLAMA_3B (Edge Ultra-Fast Localization)
[2026-09-08T19:09:40.547Z] [ESEB-LOG] SOTA SUCCESS: NODE [LLAMA_3B] HTTP Status: 200 OK (Credit Preserved)
[2026-09-08T19:09:40.548Z] [ESEB-LOG] HASH SHARDING: Initializing mathematical hash mapping into 24 virtual threads...
[2026-09-08T19:09:40.548Z] [ESEB-LOG] HASH SHARDING SUCCESS: All 24 virtual sharded threads mapped & verified. Entropy δ = 0.
[2026-09-08T19:09:40.548Z] [ESEB-LOG] DISPATCH: Virtual Thread #1 | Hash: 07c635a44941 | Status: ACTIVE
[2026-09-08T19:09:40.549Z] [ESEB-LOG] DISPATCH: Virtual Thread #2 | Hash: be39b4ed9f33 | Status: ACTIVE
[2026-09-08T19:09:40.549Z] [ESEB-LOG] DISPATCH: Virtual Thread #3 | Hash: 6658d410e534 | Status: ACTIVE
[2026-09-08T19:09:40.549Z] [ESEB-LOG] DISPATCH: Virtual Thread #4 | Hash: 3e5a03ab1561 | Status: ACTIVE
[2026-09-08T19:09:40.549Z] [ESEB-LOG] DISPATCH: Virtual Thread #5 | Hash: 2b40bcbfe414 | Status: ACTIVE
[2026-09-08T19:09:40.549Z] [ESEB-LOG] DISPATCH: Virtual Thread #6 | Hash: 66227689b428 | Status: ACTIVE
[2026-09-08T19:09:40.549Z] [ESEB-LOG] DISPATCH: Virtual Thread #7 | Hash: 76059f9e5e07 | Status: ACTIVE
[2026-09-08T19:09:40.549Z] [ESEB-LOG] DISPATCH: Virtual Thread #8 | Hash: 7a8df5516aab | Status: ACTIVE
[2026-09-08T19:09:40.549Z] [ESEB-LOG] DISPATCH: Virtual Thread #9 | Hash: a2f3b4901bc3 | Status: ACTIVE
[2026-09-08T19:09:40.549Z] [ESEB-LOG] DISPATCH: Virtual Thread #10 | Hash: 10d4c1826d15 | Status: ACTIVE
[2026-09-08T19:09:40.549Z] [ESEB-LOG] DISPATCH: Virtual Thread #11 | Hash: 57889458ad3b | Status: ACTIVE
[2026-09-08T19:09:40.549Z] [ESEB-LOG] DISPATCH: Virtual Thread #12 | Hash: f02ce008832e | Status: ACTIVE
[2026-09-08T19:09:40.549Z] [ESEB-LOG] DISPATCH: Virtual Thread #13 | Hash: b2dcc2118151 | Status: ACTIVE
[2026-09-08T19:09:40.549Z] [ESEB-LOG] DISPATCH: Virtual Thread #14 | Hash: ff4e07abe001 | Status: ACTIVE
[2026-09-08T19:09:40.549Z] [ESEB-LOG] DISPATCH: Virtual Thread #15 | Hash: c449959a764d | Status: ACTIVE
[2026-09-08T19:09:40.549Z] [ESEB-LOG] DISPATCH: Virtual Thread #16 | Hash: 514385eb3795 | Status: ACTIVE
[2026-09-08T19:09:40.549Z] [ESEB-LOG] DISPATCH: Virtual Thread #17 | Hash: 0a3eb768ce1d | Status: ACTIVE
[2026-09-08T19:09:40.549Z] [ESEB-LOG] DISPATCH: Virtual Thread #18 | Hash: a35413a8f129 | Status: ACTIVE
[2026-09-08T19:09:40.549Z] [ESEB-LOG] DISPATCH: Virtual Thread #19 | Hash: 940e07a40323 | Status: ACTIVE
[2026-09-08T19:09:40.549Z] [ESEB-LOG] DISPATCH: Virtual Thread #20 | Hash: f4495e57071b | Status: ACTIVE
[2026-09-08T19:09:40.549Z] [ESEB-LOG] DISPATCH: Virtual Thread #21 | Hash: d72f783d6055 | Status: ACTIVE
[2026-09-08T19:09:40.549Z] [ESEB-LOG] DISPATCH: Virtual Thread #22 | Hash: 66b86f3ad438 | Status: ACTIVE
[2026-09-08T19:09:40.549Z] [ESEB-LOG] DISPATCH: Virtual Thread #23 | Hash: d9bb6e6b786d | Status: ACTIVE
[2026-09-08T19:09:40.549Z] [ESEB-LOG] DISPATCH: Virtual Thread #24 | Hash: 343f2a721fc8 | Status: ACTIVE
[2026-09-08T19:09:40.549Z] [ESEB-LOG] ESEB CLASSIC SUCCESS: Core Authenticated | V-STAMP-24 Verified.
[2026-09-08T19:09:40.549Z] [ESEB-LOG] END: Execution Completed. Sharded Virtual Threads Active: 24/24 | Entropy δ = 0.
[2026-09-08T22:13:03.474Z] [ESEB-LOG] START: Orchestration initialized for domain 8000kicks.donabico.com
[2026-09-08T22:13:03.474Z] [ESEB-LOG] ROUND-ROBIN SELECTOR: Active Node: GEMMA_7B (Context Enrichment & Smart Conversion)
[2026-09-08T22:13:13.539Z] [ESEB-LOG] AUTO-HEALED: Request timeout. Self-healing fallback engaged.
[2026-09-08T22:13:13.540Z] [ESEB-LOG] HASH SHARDING: Initializing mathematical hash mapping into 24 virtual threads...
[2026-09-08T22:13:13.540Z] [ESEB-LOG] HASH SHARDING SUCCESS: All 24 virtual sharded threads mapped & verified. Entropy δ = 0.
[2026-09-08T22:13:13.540Z] [ESEB-LOG] DISPATCH: Virtual Thread #1 | Hash: 30b4a5fde26f | Status: ACTIVE
[2026-09-08T22:13:13.540Z] [ESEB-LOG] DISPATCH: Virtual Thread #2 | Hash: 3e739d8ed935 | Status: ACTIVE
[2026-09-08T22:13:13.540Z] [ESEB-LOG] DISPATCH: Virtual Thread #3 | Hash: 6e89be97f298 | Status: ACTIVE
[2026-09-08T22:13:13.540Z] [ESEB-LOG] DISPATCH: Virtual Thread #4 | Hash: 32293fc16a9f | Status: ACTIVE
[2026-09-08T22:13:13.540Z] [ESEB-LOG] DISPATCH: Virtual Thread #5 | Hash: 74a8b754071e | Status: ACTIVE
[2026-09-08T22:13:13.540Z] [ESEB-LOG] DISPATCH: Virtual Thread #6 | Hash: d0e9b02a0ad4 | Status: ACTIVE
[2026-09-08T22:13:13.540Z] [ESEB-LOG] DISPATCH: Virtual Thread #7 | Hash: 5537ff7d84e9 | Status: ACTIVE
[2026-09-08T22:13:13.540Z] [ESEB-LOG] DISPATCH: Virtual Thread #8 | Hash: e4e98c140ab0 | Status: ACTIVE
[2026-09-08T22:13:13.540Z] [ESEB-LOG] DISPATCH: Virtual Thread #9 | Hash: d7a2ee339e60 | Status: ACTIVE
[2026-09-08T22:13:13.541Z] [ESEB-LOG] DISPATCH: Virtual Thread #10 | Hash: e433e91fa603 | Status: ACTIVE
[2026-09-08T22:13:13.541Z] [ESEB-LOG] DISPATCH: Virtual Thread #11 | Hash: 9a60fdce442a | Status: ACTIVE
[2026-09-08T22:13:13.541Z] [ESEB-LOG] DISPATCH: Virtual Thread #12 | Hash: 598823d363b7 | Status: ACTIVE
[2026-09-08T22:13:13.541Z] [ESEB-LOG] DISPATCH: Virtual Thread #13 | Hash: 6a47a3a5ddf7 | Status: ACTIVE
[2026-09-08T22:13:13.541Z] [ESEB-LOG] DISPATCH: Virtual Thread #14 | Hash: 56014f0c672f | Status: ACTIVE
[2026-09-08T22:13:13.541Z] [ESEB-LOG] DISPATCH: Virtual Thread #15 | Hash: 0ac375ba0950 | Status: ACTIVE
[2026-09-08T22:13:13.541Z] [ESEB-LOG] DISPATCH: Virtual Thread #16 | Hash: c154faf40587 | Status: ACTIVE
[2026-09-08T22:13:13.541Z] [ESEB-LOG] DISPATCH: Virtual Thread #17 | Hash: fd54f4558682 | Status: ACTIVE
[2026-09-08T22:13:13.541Z] [ESEB-LOG] DISPATCH: Virtual Thread #18 | Hash: a8a83b0c287a | Status: ACTIVE
[2026-09-08T22:13:13.541Z] [ESEB-LOG] DISPATCH: Virtual Thread #19 | Hash: 034fbad9beb0 | Status: ACTIVE
[2026-09-08T22:13:13.541Z] [ESEB-LOG] DISPATCH: Virtual Thread #20 | Hash: 11744c5af25b | Status: ACTIVE
[2026-09-08T22:13:13.541Z] [ESEB-LOG] DISPATCH: Virtual Thread #21 | Hash: e1bc3c92d9cc | Status: ACTIVE
[2026-09-08T22:13:13.541Z] [ESEB-LOG] DISPATCH: Virtual Thread #22 | Hash: d1e8f742fc91 | Status: ACTIVE
[2026-09-08T22:13:13.541Z] [ESEB-LOG] DISPATCH: Virtual Thread #23 | Hash: 25b4b55758b7 | Status: ACTIVE
[2026-09-08T22:13:13.541Z] [ESEB-LOG] DISPATCH: Virtual Thread #24 | Hash: 8db451b30e26 | Status: ACTIVE
[2026-09-08T22:13:13.541Z] [ESEB-LOG] ESEB CLASSIC SUCCESS: Core Authenticated | V-STAMP-24 Verified.
[2026-09-08T22:13:13.541Z] [ESEB-LOG] END: Execution Completed. Sharded Virtual Threads Active: 24/24 | Entropy δ = 0.
[2026-09-09T02:22:31.802Z] [ESEB-LOG] START: Orchestration initialized for domain 8000kicks.donabico.com
[2026-09-09T02:22:31.802Z] [ESEB-LOG] ROUND-ROBIN SELECTOR: Active Node: BGE_EMBEDDING (RAG Knowledge Vectorization)
[2026-09-09T02:22:32.078Z] [ESEB-LOG] SOTA SUCCESS: NODE [BGE_EMBEDDING] HTTP Status: 200 OK (Credit Preserved)
[2026-09-09T02:22:32.079Z] [ESEB-LOG] HASH SHARDING: Initializing mathematical hash mapping into 24 virtual threads...
[2026-09-09T02:22:32.079Z] [ESEB-LOG] HASH SHARDING SUCCESS: All 24 virtual sharded threads mapped & verified. Entropy δ = 0.
[2026-09-09T02:22:32.079Z] [ESEB-LOG] DISPATCH: Virtual Thread #1 | Hash: aac4c0a3d55d | Status: ACTIVE
[2026-09-09T02:22:32.079Z] [ESEB-LOG] DISPATCH: Virtual Thread #2 | Hash: 97ca46d37525 | Status: ACTIVE
[2026-09-09T02:22:32.079Z] [ESEB-LOG] DISPATCH: Virtual Thread #3 | Hash: f701589cda93 | Status: ACTIVE
[2026-09-09T02:22:32.079Z] [ESEB-LOG] DISPATCH: Virtual Thread #4 | Hash: 0632269e80b3 | Status: ACTIVE
[2026-09-09T02:22:32.079Z] [ESEB-LOG] DISPATCH: Virtual Thread #5 | Hash: 6eea005fd2e6 | Status: ACTIVE
[2026-09-09T02:22:32.079Z] [ESEB-LOG] DISPATCH: Virtual Thread #6 | Hash: 01eccf0351fa | Status: ACTIVE
[2026-09-09T02:22:32.079Z] [ESEB-LOG] DISPATCH: Virtual Thread #7 | Hash: 4d5eed460f5b | Status: ACTIVE
[2026-09-09T02:22:32.079Z] [ESEB-LOG] DISPATCH: Virtual Thread #8 | Hash: ce688564649e | Status: ACTIVE
[2026-09-09T02:22:32.079Z] [ESEB-LOG] DISPATCH: Virtual Thread #9 | Hash: a42859739979 | Status: ACTIVE
[2026-09-09T02:22:32.079Z] [ESEB-LOG] DISPATCH: Virtual Thread #10 | Hash: 8d615c9ce229 | Status: ACTIVE
[2026-09-09T02:22:32.079Z] [ESEB-LOG] DISPATCH: Virtual Thread #11 | Hash: 3e8255277b28 | Status: ACTIVE
[2026-09-09T02:22:32.079Z] [ESEB-LOG] DISPATCH: Virtual Thread #12 | Hash: 73d3c397dc6d | Status: ACTIVE
[2026-09-09T02:22:32.079Z] [ESEB-LOG] DISPATCH: Virtual Thread #13 | Hash: 9aeefc847811 | Status: ACTIVE
[2026-09-09T02:22:32.079Z] [ESEB-LOG] DISPATCH: Virtual Thread #14 | Hash: d67b45e2d632 | Status: ACTIVE
[2026-09-09T02:22:32.080Z] [ESEB-LOG] DISPATCH: Virtual Thread #15 | Hash: c0562f8104d8 | Status: ACTIVE
[2026-09-09T02:22:32.080Z] [ESEB-LOG] DISPATCH: Virtual Thread #16 | Hash: 4fc4f20e4346 | Status: ACTIVE
[2026-09-09T02:22:32.080Z] [ESEB-LOG] DISPATCH: Virtual Thread #17 | Hash: 5117c0862eb5 | Status: ACTIVE
[2026-09-09T02:22:32.080Z] [ESEB-LOG] DISPATCH: Virtual Thread #18 | Hash: 37403e258f53 | Status: ACTIVE
[2026-09-09T02:22:32.080Z] [ESEB-LOG] DISPATCH: Virtual Thread #19 | Hash: ad167e15d1cb | Status: ACTIVE
[2026-09-09T02:22:32.080Z] [ESEB-LOG] DISPATCH: Virtual Thread #20 | Hash: d121a6f3335f | Status: ACTIVE
[2026-09-09T02:22:32.080Z] [ESEB-LOG] DISPATCH: Virtual Thread #21 | Hash: e74337d44599 | Status: ACTIVE
[2026-09-09T02:22:32.080Z] [ESEB-LOG] DISPATCH: Virtual Thread #22 | Hash: 64c4996964f5 | Status: ACTIVE
[2026-09-09T02:22:32.080Z] [ESEB-LOG] DISPATCH: Virtual Thread #23 | Hash: abce355c8a96 | Status: ACTIVE
[2026-09-09T02:22:32.080Z] [ESEB-LOG] DISPATCH: Virtual Thread #24 | Hash: 7f2c5a881871 | Status: ACTIVE
[2026-09-09T02:22:32.080Z] [ESEB-LOG] ESEB CLASSIC SUCCESS: Core Authenticated | V-STAMP-24 Verified.
[2026-09-09T02:22:32.080Z] [ESEB-LOG] END: Execution Completed. Sharded Virtual Threads Active: 24/24 | Entropy δ = 0.
[2026-09-09T08:30:04.853Z] [ESEB-LOG] START: Orchestration initialized for domain 8000kicks.donabico.com
[2026-09-09T08:30:04.854Z] [ESEB-LOG] ROUND-ROBIN SELECTOR: Active Node: LLAMA_70B (Super Smart Intelligent Reviews & Deep Synthesis)
[2026-09-09T08:30:10.266Z] [ESEB-LOG] SOTA SUCCESS: NODE [LLAMA_70B] HTTP Status: 200 OK (Credit Preserved)
[2026-09-09T08:30:10.266Z] [ESEB-LOG] HASH SHARDING: Initializing mathematical hash mapping into 24 virtual threads...
[2026-09-09T08:30:10.267Z] [ESEB-LOG] HASH SHARDING SUCCESS: All 24 virtual sharded threads mapped & verified. Entropy δ = 0.
[2026-09-09T08:30:10.267Z] [ESEB-LOG] DISPATCH: Virtual Thread #1 | Hash: 12d6db51643c | Status: ACTIVE
[2026-09-09T08:30:10.267Z] [ESEB-LOG] DISPATCH: Virtual Thread #2 | Hash: 02bd2b1a02f0 | Status: ACTIVE
[2026-09-09T08:30:10.267Z] [ESEB-LOG] DISPATCH: Virtual Thread #3 | Hash: cbfc869d21ba | Status: ACTIVE
[2026-09-09T08:30:10.267Z] [ESEB-LOG] DISPATCH: Virtual Thread #4 | Hash: 721a01c99615 | Status: ACTIVE
[2026-09-09T08:30:10.267Z] [ESEB-LOG] DISPATCH: Virtual Thread #5 | Hash: 0cda86e9b221 | Status: ACTIVE
[2026-09-09T08:30:10.267Z] [ESEB-LOG] DISPATCH: Virtual Thread #6 | Hash: ea18983c3092 | Status: ACTIVE
[2026-09-09T08:30:10.267Z] [ESEB-LOG] DISPATCH: Virtual Thread #7 | Hash: dd621b08d426 | Status: ACTIVE
[2026-09-09T08:30:10.267Z] [ESEB-LOG] DISPATCH: Virtual Thread #8 | Hash: c9902c75b26e | Status: ACTIVE
[2026-09-09T08:30:10.267Z] [ESEB-LOG] DISPATCH: Virtual Thread #9 | Hash: ad9956183ae9 | Status: ACTIVE
[2026-09-09T08:30:10.267Z] [ESEB-LOG] DISPATCH: Virtual Thread #10 | Hash: 4ffe4668774f | Status: ACTIVE
[2026-09-09T08:30:10.267Z] [ESEB-LOG] DISPATCH: Virtual Thread #11 | Hash: 12683d6efa58 | Status: ACTIVE
[2026-09-09T08:30:10.267Z] [ESEB-LOG] DISPATCH: Virtual Thread #12 | Hash: 1e09b889d4db | Status: ACTIVE
[2026-09-09T08:30:10.267Z] [ESEB-LOG] DISPATCH: Virtual Thread #13 | Hash: aef070e89bfc | Status: ACTIVE
[2026-09-09T08:30:10.267Z] [ESEB-LOG] DISPATCH: Virtual Thread #14 | Hash: dcf66b24310e | Status: ACTIVE
[2026-09-09T08:30:10.267Z] [ESEB-LOG] DISPATCH: Virtual Thread #15 | Hash: 2ba9ef7650b5 | Status: ACTIVE
[2026-09-09T08:30:10.267Z] [ESEB-LOG] DISPATCH: Virtual Thread #16 | Hash: a55acb8aa48f | Status: ACTIVE
[2026-09-09T08:30:10.267Z] [ESEB-LOG] DISPATCH: Virtual Thread #17 | Hash: e26069b43bee | Status: ACTIVE
[2026-09-09T08:30:10.267Z] [ESEB-LOG] DISPATCH: Virtual Thread #18 | Hash: 55ad5fbe0612 | Status: ACTIVE
[2026-09-09T08:30:10.267Z] [ESEB-LOG] DISPATCH: Virtual Thread #19 | Hash: 368979daa8d4 | Status: ACTIVE
[2026-09-09T08:30:10.267Z] [ESEB-LOG] DISPATCH: Virtual Thread #20 | Hash: f4f4e5122ff0 | Status: ACTIVE
[2026-09-09T08:30:10.267Z] [ESEB-LOG] DISPATCH: Virtual Thread #21 | Hash: 8d07f095c3c0 | Status: ACTIVE
[2026-09-09T08:30:10.267Z] [ESEB-LOG] DISPATCH: Virtual Thread #22 | Hash: a729659a4f29 | Status: ACTIVE
[2026-09-09T08:30:10.267Z] [ESEB-LOG] DISPATCH: Virtual Thread #23 | Hash: b21bdafed3f3 | Status: ACTIVE
[2026-09-09T08:30:10.267Z] [ESEB-LOG] DISPATCH: Virtual Thread #24 | Hash: 4496bde51d9c | Status: ACTIVE
[2026-09-09T08:30:10.267Z] [ESEB-LOG] ESEB CLASSIC SUCCESS: Core Authenticated | V-STAMP-24 Verified.
[2026-09-09T08:30:10.267Z] [ESEB-LOG] END: Execution Completed. Sharded Virtual Threads Active: 24/24 | Entropy δ = 0.
[2026-09-09T15:39:53.945Z] [ESEB-LOG] START: Orchestration initialized for domain 8000kicks.donabico.com
[2026-09-09T15:39:53.946Z] [ESEB-LOG] ROUND-ROBIN SELECTOR: Active Node: LLAMA_8B (Rapid RAG Fallback & Smart Sourcing)
[2026-09-09T15:39:56.181Z] [ESEB-LOG] SOTA SUCCESS: NODE [LLAMA_8B] HTTP Status: 200 OK (Credit Preserved)
[2026-09-09T15:39:56.182Z] [ESEB-LOG] HASH SHARDING: Initializing mathematical hash mapping into 24 virtual threads...
[2026-09-09T15:39:56.183Z] [ESEB-LOG] HASH SHARDING SUCCESS: All 24 virtual sharded threads mapped & verified. Entropy δ = 0.
[2026-09-09T15:39:56.183Z] [ESEB-LOG] DISPATCH: Virtual Thread #1 | Hash: e1a23449df3e | Status: ACTIVE
[2026-09-09T15:39:56.183Z] [ESEB-LOG] DISPATCH: Virtual Thread #2 | Hash: 32992ccc65cb | Status: ACTIVE
[2026-09-09T15:39:56.183Z] [ESEB-LOG] DISPATCH: Virtual Thread #3 | Hash: 7cd6019e7ee7 | Status: ACTIVE
[2026-09-09T15:39:56.183Z] [ESEB-LOG] DISPATCH: Virtual Thread #4 | Hash: fcff7486edcc | Status: ACTIVE
[2026-09-09T15:39:56.183Z] [ESEB-LOG] DISPATCH: Virtual Thread #5 | Hash: 78b558a33a63 | Status: ACTIVE
[2026-09-09T15:39:56.183Z] [ESEB-LOG] DISPATCH: Virtual Thread #6 | Hash: 8787143ee938 | Status: ACTIVE
[2026-09-09T15:39:56.183Z] [ESEB-LOG] DISPATCH: Virtual Thread #7 | Hash: 31f59acbfc89 | Status: ACTIVE
[2026-09-09T15:39:56.183Z] [ESEB-LOG] DISPATCH: Virtual Thread #8 | Hash: 8cae3864697f | Status: ACTIVE
[2026-09-09T15:39:56.183Z] [ESEB-LOG] DISPATCH: Virtual Thread #9 | Hash: 6a350e466879 | Status: ACTIVE
[2026-09-09T15:39:56.183Z] [ESEB-LOG] DISPATCH: Virtual Thread #10 | Hash: 09f096e1643d | Status: ACTIVE
[2026-09-09T15:39:56.183Z] [ESEB-LOG] DISPATCH: Virtual Thread #11 | Hash: 04c06b3a0912 | Status: ACTIVE
[2026-09-09T15:39:56.183Z] [ESEB-LOG] DISPATCH: Virtual Thread #12 | Hash: 0403b1a79c31 | Status: ACTIVE
[2026-09-09T15:39:56.183Z] [ESEB-LOG] DISPATCH: Virtual Thread #13 | Hash: ecc810cbd3dc | Status: ACTIVE
[2026-09-09T15:39:56.183Z] [ESEB-LOG] DISPATCH: Virtual Thread #14 | Hash: f943d46b00f6 | Status: ACTIVE
[2026-09-09T15:39:56.183Z] [ESEB-LOG] DISPATCH: Virtual Thread #15 | Hash: d9a997a1be40 | Status: ACTIVE
[2026-09-09T15:39:56.183Z] [ESEB-LOG] DISPATCH: Virtual Thread #16 | Hash: 38f5a8074060 | Status: ACTIVE
[2026-09-09T15:39:56.183Z] [ESEB-LOG] DISPATCH: Virtual Thread #17 | Hash: 921b4b8df771 | Status: ACTIVE
[2026-09-09T15:39:56.183Z] [ESEB-LOG] DISPATCH: Virtual Thread #18 | Hash: 11e8b61c7667 | Status: ACTIVE
[2026-09-09T15:39:56.183Z] [ESEB-LOG] DISPATCH: Virtual Thread #19 | Hash: 1cd89215c439 | Status: ACTIVE
[2026-09-09T15:39:56.183Z] [ESEB-LOG] DISPATCH: Virtual Thread #20 | Hash: 5de5aceabd88 | Status: ACTIVE
[2026-09-09T15:39:56.183Z] [ESEB-LOG] DISPATCH: Virtual Thread #21 | Hash: 511601f5bebf | Status: ACTIVE
[2026-09-09T15:39:56.183Z] [ESEB-LOG] DISPATCH: Virtual Thread #22 | Hash: 56dd30b487d0 | Status: ACTIVE
[2026-09-09T15:39:56.183Z] [ESEB-LOG] DISPATCH: Virtual Thread #23 | Hash: 651c511bdcf3 | Status: ACTIVE
[2026-09-09T15:39:56.183Z] [ESEB-LOG] DISPATCH: Virtual Thread #24 | Hash: 02a163bf009c | Status: ACTIVE
[2026-09-09T15:39:56.183Z] [ESEB-LOG] ESEB CLASSIC SUCCESS: Core Authenticated | V-STAMP-24 Verified.
[2026-09-09T15:39:56.183Z] [ESEB-LOG] END: Execution Completed. Sharded Virtual Threads Active: 24/24 | Entropy δ = 0.
[2026-09-09T18:58:00.005Z] [ESEB-LOG] START: Orchestration initialized for domain 8000kicks.donabico.com
[2026-09-09T18:58:00.006Z] [ESEB-LOG] ROUND-ROBIN SELECTOR: Active Node: DEEPSEEK (Advanced Reasoning & GEO-SEO Optimization)
[2026-09-09T18:58:09.345Z] [ESEB-LOG] SOTA SUCCESS: NODE [DEEPSEEK] HTTP Status: 200 OK (Credit Preserved)
[2026-09-09T18:58:09.346Z] [ESEB-LOG] HASH SHARDING: Initializing mathematical hash mapping into 24 virtual threads...
[2026-09-09T18:58:09.346Z] [ESEB-LOG] HASH SHARDING SUCCESS: All 24 virtual sharded threads mapped & verified. Entropy δ = 0.
[2026-09-09T18:58:09.346Z] [ESEB-LOG] DISPATCH: Virtual Thread #1 | Hash: 36d42b992331 | Status: ACTIVE
[2026-09-09T18:58:09.346Z] [ESEB-LOG] DISPATCH: Virtual Thread #2 | Hash: 0ba3aac7897f | Status: ACTIVE
[2026-09-09T18:58:09.346Z] [ESEB-LOG] DISPATCH: Virtual Thread #3 | Hash: edbe9afac466 | Status: ACTIVE
[2026-09-09T18:58:09.346Z] [ESEB-LOG] DISPATCH: Virtual Thread #4 | Hash: 6ca74638044d | Status: ACTIVE
[2026-09-09T18:58:09.346Z] [ESEB-LOG] DISPATCH: Virtual Thread #5 | Hash: 09ea4a646875 | Status: ACTIVE
[2026-09-09T18:58:09.346Z] [ESEB-LOG] DISPATCH: Virtual Thread #6 | Hash: b41d3179d5e1 | Status: ACTIVE
[2026-09-09T18:58:09.346Z] [ESEB-LOG] DISPATCH: Virtual Thread #7 | Hash: 85bc6c92e61b | Status: ACTIVE
[2026-09-09T18:58:09.346Z] [ESEB-LOG] DISPATCH: Virtual Thread #8 | Hash: 1e28e0cd5d1a | Status: ACTIVE
[2026-09-09T18:58:09.346Z] [ESEB-LOG] DISPATCH: Virtual Thread #9 | Hash: 9ec0599195eb | Status: ACTIVE
[2026-09-09T18:58:09.346Z] [ESEB-LOG] DISPATCH: Virtual Thread #10 | Hash: 05dcb92334f9 | Status: ACTIVE
[2026-09-09T18:58:09.346Z] [ESEB-LOG] DISPATCH: Virtual Thread #11 | Hash: 1567acdd5f63 | Status: ACTIVE
[2026-09-09T18:58:09.346Z] [ESEB-LOG] DISPATCH: Virtual Thread #12 | Hash: 2deaa36034b1 | Status: ACTIVE
[2026-09-09T18:58:09.346Z] [ESEB-LOG] DISPATCH: Virtual Thread #13 | Hash: 612b477dc194 | Status: ACTIVE
[2026-09-09T18:58:09.346Z] [ESEB-LOG] DISPATCH: Virtual Thread #14 | Hash: 276e6539f080 | Status: ACTIVE
[2026-09-09T18:58:09.346Z] [ESEB-LOG] DISPATCH: Virtual Thread #15 | Hash: 939e1c848e0b | Status: ACTIVE
[2026-09-09T18:58:09.347Z] [ESEB-LOG] DISPATCH: Virtual Thread #16 | Hash: 79ac1ba78e52 | Status: ACTIVE
[2026-09-09T18:58:09.347Z] [ESEB-LOG] DISPATCH: Virtual Thread #17 | Hash: 8125b2dec91c | Status: ACTIVE
[2026-09-09T18:58:09.347Z] [ESEB-LOG] DISPATCH: Virtual Thread #18 | Hash: b3a7fc23ab0d | Status: ACTIVE
[2026-09-09T18:58:09.347Z] [ESEB-LOG] DISPATCH: Virtual Thread #19 | Hash: b8b1bea53dc1 | Status: ACTIVE
[2026-09-09T18:58:09.347Z] [ESEB-LOG] DISPATCH: Virtual Thread #20 | Hash: b67ffa549fa6 | Status: ACTIVE
[2026-09-09T18:58:09.347Z] [ESEB-LOG] DISPATCH: Virtual Thread #21 | Hash: a0939fa77368 | Status: ACTIVE
[2026-09-09T18:58:09.347Z] [ESEB-LOG] DISPATCH: Virtual Thread #22 | Hash: 184cae7ba3c0 | Status: ACTIVE
[2026-09-09T18:58:09.347Z] [ESEB-LOG] DISPATCH: Virtual Thread #23 | Hash: 3cf20ebd3cb5 | Status: ACTIVE
[2026-09-09T18:58:09.347Z] [ESEB-LOG] DISPATCH: Virtual Thread #24 | Hash: f4e3270a93c1 | Status: ACTIVE
[2026-09-09T18:58:09.347Z] [ESEB-LOG] ESEB CLASSIC SUCCESS: Core Authenticated | V-STAMP-24 Verified.
[2026-09-09T18:58:09.347Z] [ESEB-LOG] END: Execution Completed. Sharded Virtual Threads Active: 24/24 | Entropy δ = 0.
[2026-09-09T22:08:03.126Z] [ESEB-LOG] START: Orchestration initialized for domain 8000kicks.donabico.com
[2026-09-09T22:08:03.126Z] [ESEB-LOG] ROUND-ROBIN SELECTOR: Active Node: MISTRAL_7B (JSON-LD Schema & Structured Intelligence)
[2026-09-09T22:08:13.185Z] [ESEB-LOG] AUTO-HEALED: Request timeout. Self-healing fallback engaged.
[2026-09-09T22:08:13.185Z] [ESEB-LOG] HASH SHARDING: Initializing mathematical hash mapping into 24 virtual threads...
[2026-09-09T22:08:13.186Z] [ESEB-LOG] HASH SHARDING SUCCESS: All 24 virtual sharded threads mapped & verified. Entropy δ = 0.
[2026-09-09T22:08:13.186Z] [ESEB-LOG] DISPATCH: Virtual Thread #1 | Hash: ec8b3a1bb9c2 | Status: ACTIVE
[2026-09-09T22:08:13.186Z] [ESEB-LOG] DISPATCH: Virtual Thread #2 | Hash: ca1dcb761b9f | Status: ACTIVE
[2026-09-09T22:08:13.186Z] [ESEB-LOG] DISPATCH: Virtual Thread #3 | Hash: f9758132efcb | Status: ACTIVE
[2026-09-09T22:08:13.186Z] [ESEB-LOG] DISPATCH: Virtual Thread #4 | Hash: 59107644e7bc | Status: ACTIVE
[2026-09-09T22:08:13.186Z] [ESEB-LOG] DISPATCH: Virtual Thread #5 | Hash: cd68ae866d48 | Status: ACTIVE
[2026-09-09T22:08:13.186Z] [ESEB-LOG] DISPATCH: Virtual Thread #6 | Hash: 60eab8742351 | Status: ACTIVE
[2026-09-09T22:08:13.186Z] [ESEB-LOG] DISPATCH: Virtual Thread #7 | Hash: 5fc97cf7c7a7 | Status: ACTIVE
[2026-09-09T22:08:13.186Z] [ESEB-LOG] DISPATCH: Virtual Thread #8 | Hash: 73b007afe3f7 | Status: ACTIVE
[2026-09-09T22:08:13.186Z] [ESEB-LOG] DISPATCH: Virtual Thread #9 | Hash: 183917abe0ce | Status: ACTIVE
[2026-09-09T22:08:13.186Z] [ESEB-LOG] DISPATCH: Virtual Thread #10 | Hash: 0b3d2057cdc8 | Status: ACTIVE
[2026-09-09T22:08:13.186Z] [ESEB-LOG] DISPATCH: Virtual Thread #11 | Hash: d9fb253d1131 | Status: ACTIVE
[2026-09-09T22:08:13.186Z] [ESEB-LOG] DISPATCH: Virtual Thread #12 | Hash: 553c9bf50ac4 | Status: ACTIVE
[2026-09-09T22:08:13.186Z] [ESEB-LOG] DISPATCH: Virtual Thread #13 | Hash: 21d41a8cc2b1 | Status: ACTIVE
[2026-09-09T22:08:13.186Z] [ESEB-LOG] DISPATCH: Virtual Thread #14 | Hash: 8dd1902c5d10 | Status: ACTIVE
[2026-09-09T22:08:13.186Z] [ESEB-LOG] DISPATCH: Virtual Thread #15 | Hash: 811ba7f0a395 | Status: ACTIVE
[2026-09-09T22:08:13.186Z] [ESEB-LOG] DISPATCH: Virtual Thread #16 | Hash: 3757266da369 | Status: ACTIVE
[2026-09-09T22:08:13.186Z] [ESEB-LOG] DISPATCH: Virtual Thread #17 | Hash: dd1009df0b76 | Status: ACTIVE
[2026-09-09T22:08:13.186Z] [ESEB-LOG] DISPATCH: Virtual Thread #18 | Hash: b252bec0c31c | Status: ACTIVE
[2026-09-09T22:08:13.186Z] [ESEB-LOG] DISPATCH: Virtual Thread #19 | Hash: 94c4f88a826d | Status: ACTIVE
[2026-09-09T22:08:13.186Z] [ESEB-LOG] DISPATCH: Virtual Thread #20 | Hash: a2c5c6c9ba26 | Status: ACTIVE
[2026-09-09T22:08:13.186Z] [ESEB-LOG] DISPATCH: Virtual Thread #21 | Hash: d938565f40d9 | Status: ACTIVE
[2026-09-09T22:08:13.186Z] [ESEB-LOG] DISPATCH: Virtual Thread #22 | Hash: 38431aa2afc0 | Status: ACTIVE
[2026-09-09T22:08:13.186Z] [ESEB-LOG] DISPATCH: Virtual Thread #23 | Hash: e4f961965e20 | Status: ACTIVE
[2026-09-09T22:08:13.186Z] [ESEB-LOG] DISPATCH: Virtual Thread #24 | Hash: 721346277395 | Status: ACTIVE
[2026-09-09T22:08:13.186Z] [ESEB-LOG] ESEB CLASSIC SUCCESS: Core Authenticated | V-STAMP-24 Verified.
[2026-09-09T22:08:13.186Z] [ESEB-LOG] END: Execution Completed. Sharded Virtual Threads Active: 24/24 | Entropy δ = 0.
[2026-09-10T02:21:50.572Z] [ESEB-LOG] START: Orchestration initialized for domain 8000kicks.donabico.com
[2026-09-10T02:21:50.572Z] [ESEB-LOG] ROUND-ROBIN SELECTOR: Active Node: LLAMA_3B (Edge Ultra-Fast Localization)
[2026-09-10T02:21:52.201Z] [ESEB-LOG] SOTA SUCCESS: NODE [LLAMA_3B] HTTP Status: 200 OK (Credit Preserved)
[2026-09-10T02:21:52.202Z] [ESEB-LOG] HASH SHARDING: Initializing mathematical hash mapping into 24 virtual threads...
[2026-09-10T02:21:52.203Z] [ESEB-LOG] HASH SHARDING SUCCESS: All 24 virtual sharded threads mapped & verified. Entropy δ = 0.
[2026-09-10T02:21:52.203Z] [ESEB-LOG] DISPATCH: Virtual Thread #1 | Hash: ad0682e9653e | Status: ACTIVE
[2026-09-10T02:21:52.203Z] [ESEB-LOG] DISPATCH: Virtual Thread #2 | Hash: 0d63f3f47521 | Status: ACTIVE
[2026-09-10T02:21:52.203Z] [ESEB-LOG] DISPATCH: Virtual Thread #3 | Hash: f2e1a8e23588 | Status: ACTIVE
[2026-09-10T02:21:52.203Z] [ESEB-LOG] DISPATCH: Virtual Thread #4 | Hash: 5d38b150ad71 | Status: ACTIVE
[2026-09-10T02:21:52.203Z] [ESEB-LOG] DISPATCH: Virtual Thread #5 | Hash: 0487db2d155a | Status: ACTIVE
[2026-09-10T02:21:52.203Z] [ESEB-LOG] DISPATCH: Virtual Thread #6 | Hash: 79226f5992f1 | Status: ACTIVE
[2026-09-10T02:21:52.203Z] [ESEB-LOG] DISPATCH: Virtual Thread #7 | Hash: de9e6dd12960 | Status: ACTIVE
[2026-09-10T02:21:52.203Z] [ESEB-LOG] DISPATCH: Virtual Thread #8 | Hash: 7022c20241fa | Status: ACTIVE
[2026-09-10T02:21:52.203Z] [ESEB-LOG] DISPATCH: Virtual Thread #9 | Hash: ffb2917c25ff | Status: ACTIVE
[2026-09-10T02:21:52.203Z] [ESEB-LOG] DISPATCH: Virtual Thread #10 | Hash: fa9c3e55742c | Status: ACTIVE
[2026-09-10T02:21:52.203Z] [ESEB-LOG] DISPATCH: Virtual Thread #11 | Hash: 94760be83896 | Status: ACTIVE
[2026-09-10T02:21:52.203Z] [ESEB-LOG] DISPATCH: Virtual Thread #12 | Hash: baac77a16c37 | Status: ACTIVE
[2026-09-10T02:21:52.203Z] [ESEB-LOG] DISPATCH: Virtual Thread #13 | Hash: 372b9d75bb27 | Status: ACTIVE
[2026-09-10T02:21:52.203Z] [ESEB-LOG] DISPATCH: Virtual Thread #14 | Hash: b6986f4b5f0b | Status: ACTIVE
[2026-09-10T02:21:52.203Z] [ESEB-LOG] DISPATCH: Virtual Thread #15 | Hash: d34acb98ff05 | Status: ACTIVE
[2026-09-10T02:21:52.203Z] [ESEB-LOG] DISPATCH: Virtual Thread #16 | Hash: 8f13a419d208 | Status: ACTIVE
[2026-09-10T02:21:52.203Z] [ESEB-LOG] DISPATCH: Virtual Thread #17 | Hash: 3428a1a9c6e5 | Status: ACTIVE
[2026-09-10T02:21:52.203Z] [ESEB-LOG] DISPATCH: Virtual Thread #18 | Hash: 7e5a463add5c | Status: ACTIVE
[2026-09-10T02:21:52.203Z] [ESEB-LOG] DISPATCH: Virtual Thread #19 | Hash: f52aa4d933d3 | Status: ACTIVE
[2026-09-10T02:21:52.203Z] [ESEB-LOG] DISPATCH: Virtual Thread #20 | Hash: 31db4967f563 | Status: ACTIVE
[2026-09-10T02:21:52.203Z] [ESEB-LOG] DISPATCH: Virtual Thread #21 | Hash: de7c09e09590 | Status: ACTIVE
[2026-09-10T02:21:52.203Z] [ESEB-LOG] DISPATCH: Virtual Thread #22 | Hash: 299e0a927a24 | Status: ACTIVE
[2026-09-10T02:21:52.203Z] [ESEB-LOG] DISPATCH: Virtual Thread #23 | Hash: 6d5debb702fb | Status: ACTIVE
[2026-09-10T02:21:52.203Z] [ESEB-LOG] DISPATCH: Virtual Thread #24 | Hash: 1c4a14a4735f | Status: ACTIVE
[2026-09-10T02:21:52.203Z] [ESEB-LOG] ESEB CLASSIC SUCCESS: Core Authenticated | V-STAMP-24 Verified.
[2026-09-10T02:21:52.203Z] [ESEB-LOG] END: Execution Completed. Sharded Virtual Threads Active: 24/24 | Entropy δ = 0.
[2026-09-10T08:32:11.922Z] [ESEB-LOG] START: Orchestration initialized for domain 8000kicks.donabico.com
[2026-09-10T08:32:11.922Z] [ESEB-LOG] ROUND-ROBIN SELECTOR: Active Node: BGE_EMBEDDING (RAG Knowledge Vectorization)
[2026-09-10T08:32:12.146Z] [ESEB-LOG] SOTA SUCCESS: NODE [BGE_EMBEDDING] HTTP Status: 200 OK (Credit Preserved)
[2026-09-10T08:32:12.147Z] [ESEB-LOG] HASH SHARDING: Initializing mathematical hash mapping into 24 virtual threads...
[2026-09-10T08:32:12.147Z] [ESEB-LOG] HASH SHARDING SUCCESS: All 24 virtual sharded threads mapped & verified. Entropy δ = 0.
[2026-09-10T08:32:12.147Z] [ESEB-LOG] DISPATCH: Virtual Thread #1 | Hash: 74d94a25b7da | Status: ACTIVE
[2026-09-10T08:32:12.147Z] [ESEB-LOG] DISPATCH: Virtual Thread #2 | Hash: 241d74785938 | Status: ACTIVE
[2026-09-10T08:32:12.147Z] [ESEB-LOG] DISPATCH: Virtual Thread #3 | Hash: 47bf3df61302 | Status: ACTIVE
[2026-09-10T08:32:12.147Z] [ESEB-LOG] DISPATCH: Virtual Thread #4 | Hash: 97c4a6cd0c08 | Status: ACTIVE
[2026-09-10T08:32:12.147Z] [ESEB-LOG] DISPATCH: Virtual Thread #5 | Hash: ee77fdae9e8a | Status: ACTIVE
[2026-09-10T08:32:12.147Z] [ESEB-LOG] DISPATCH: Virtual Thread #6 | Hash: 0811cabf1311 | Status: ACTIVE
[2026-09-10T08:32:12.147Z] [ESEB-LOG] DISPATCH: Virtual Thread #7 | Hash: 7a123de3196d | Status: ACTIVE
[2026-09-10T08:32:12.147Z] [ESEB-LOG] DISPATCH: Virtual Thread #8 | Hash: 39528fb81331 | Status: ACTIVE
[2026-09-10T08:32:12.147Z] [ESEB-LOG] DISPATCH: Virtual Thread #9 | Hash: 44ddf78599a5 | Status: ACTIVE
[2026-09-10T08:32:12.147Z] [ESEB-LOG] DISPATCH: Virtual Thread #10 | Hash: 2187465961b9 | Status: ACTIVE
[2026-09-10T08:32:12.147Z] [ESEB-LOG] DISPATCH: Virtual Thread #11 | Hash: 8619f3bcb823 | Status: ACTIVE
[2026-09-10T08:32:12.147Z] [ESEB-LOG] DISPATCH: Virtual Thread #12 | Hash: 371abd261707 | Status: ACTIVE
[2026-09-10T08:32:12.147Z] [ESEB-LOG] DISPATCH: Virtual Thread #13 | Hash: 6d90135c3cc0 | Status: ACTIVE
[2026-09-10T08:32:12.147Z] [ESEB-LOG] DISPATCH: Virtual Thread #14 | Hash: b645a6e4c3b0 | Status: ACTIVE
[2026-09-10T08:32:12.148Z] [ESEB-LOG] DISPATCH: Virtual Thread #15 | Hash: e4dd487340c7 | Status: ACTIVE
[2026-09-10T08:32:12.148Z] [ESEB-LOG] DISPATCH: Virtual Thread #16 | Hash: 0195cb73d80a | Status: ACTIVE
[2026-09-10T08:32:12.148Z] [ESEB-LOG] DISPATCH: Virtual Thread #17 | Hash: 3c1b00065280 | Status: ACTIVE
[2026-09-10T08:32:12.148Z] [ESEB-LOG] DISPATCH: Virtual Thread #18 | Hash: 28e3e535ecda | Status: ACTIVE
[2026-09-10T08:32:12.148Z] [ESEB-LOG] DISPATCH: Virtual Thread #19 | Hash: c3c7de83e81a | Status: ACTIVE
[2026-09-10T08:32:12.148Z] [ESEB-LOG] DISPATCH: Virtual Thread #20 | Hash: f637b392349a | Status: ACTIVE
[2026-09-10T08:32:12.148Z] [ESEB-LOG] DISPATCH: Virtual Thread #21 | Hash: f8202db8e472 | Status: ACTIVE
[2026-09-10T08:32:12.148Z] [ESEB-LOG] DISPATCH: Virtual Thread #22 | Hash: c1bd86982b08 | Status: ACTIVE
[2026-09-10T08:32:12.148Z] [ESEB-LOG] DISPATCH: Virtual Thread #23 | Hash: 8a969384c062 | Status: ACTIVE
[2026-09-10T08:32:12.148Z] [ESEB-LOG] DISPATCH: Virtual Thread #24 | Hash: 2dee8d41660a | Status: ACTIVE
[2026-09-10T08:32:12.148Z] [ESEB-LOG] ESEB CLASSIC SUCCESS: Core Authenticated | V-STAMP-24 Verified.
[2026-09-10T08:32:12.148Z] [ESEB-LOG] END: Execution Completed. Sharded Virtual Threads Active: 24/24 | Entropy δ = 0.
[2026-09-10T15:35:10.357Z] [ESEB-LOG] START: Orchestration initialized for domain 8000kicks.donabico.com
[2026-09-10T15:35:10.357Z] [ESEB-LOG] ROUND-ROBIN SELECTOR: Active Node: SDXL_IMAGE (Affiliate Intelligent Banners & Posters)
[2026-09-10T15:35:13.196Z] [ESEB-LOG] SOTA SUCCESS: NODE [SDXL_IMAGE] HTTP Status: 200 OK (Credit Preserved)
[2026-09-10T15:35:13.197Z] [ESEB-LOG] HASH SHARDING: Initializing mathematical hash mapping into 24 virtual threads...
[2026-09-10T15:35:13.197Z] [ESEB-LOG] HASH SHARDING SUCCESS: All 24 virtual sharded threads mapped & verified. Entropy δ = 0.
[2026-09-10T15:35:13.197Z] [ESEB-LOG] DISPATCH: Virtual Thread #1 | Hash: 0a24e1407f03 | Status: ACTIVE
[2026-09-10T15:35:13.197Z] [ESEB-LOG] DISPATCH: Virtual Thread #2 | Hash: f7529cf0d28e | Status: ACTIVE
[2026-09-10T15:35:13.197Z] [ESEB-LOG] DISPATCH: Virtual Thread #3 | Hash: 01100148ed80 | Status: ACTIVE
[2026-09-10T15:35:13.197Z] [ESEB-LOG] DISPATCH: Virtual Thread #4 | Hash: cf5261737484 | Status: ACTIVE
[2026-09-10T15:35:13.197Z] [ESEB-LOG] DISPATCH: Virtual Thread #5 | Hash: 887aac1d0b0e | Status: ACTIVE
[2026-09-10T15:35:13.197Z] [ESEB-LOG] DISPATCH: Virtual Thread #6 | Hash: 1bc6cdbbaae8 | Status: ACTIVE
[2026-09-10T15:35:13.197Z] [ESEB-LOG] DISPATCH: Virtual Thread #7 | Hash: 418595edce96 | Status: ACTIVE
[2026-09-10T15:35:13.197Z] [ESEB-LOG] DISPATCH: Virtual Thread #8 | Hash: 165b1ee21843 | Status: ACTIVE
[2026-09-10T15:35:13.197Z] [ESEB-LOG] DISPATCH: Virtual Thread #9 | Hash: a552662c4dd1 | Status: ACTIVE
[2026-09-10T15:35:13.197Z] [ESEB-LOG] DISPATCH: Virtual Thread #10 | Hash: e9292eda9d39 | Status: ACTIVE
[2026-09-10T15:35:13.197Z] [ESEB-LOG] DISPATCH: Virtual Thread #11 | Hash: 7846e1b78338 | Status: ACTIVE
[2026-09-10T15:35:13.197Z] [ESEB-LOG] DISPATCH: Virtual Thread #12 | Hash: a0242e1f803a | Status: ACTIVE
[2026-09-10T15:35:13.197Z] [ESEB-LOG] DISPATCH: Virtual Thread #13 | Hash: 44d39671b13b | Status: ACTIVE
[2026-09-10T15:35:13.197Z] [ESEB-LOG] DISPATCH: Virtual Thread #14 | Hash: ecb6fce3dcf7 | Status: ACTIVE
[2026-09-10T15:35:13.197Z] [ESEB-LOG] DISPATCH: Virtual Thread #15 | Hash: 8658ffa6576c | Status: ACTIVE
[2026-09-10T15:35:13.198Z] [ESEB-LOG] DISPATCH: Virtual Thread #16 | Hash: 7aef83e77429 | Status: ACTIVE
[2026-09-10T15:35:13.198Z] [ESEB-LOG] DISPATCH: Virtual Thread #17 | Hash: 87faf9836c74 | Status: ACTIVE
[2026-09-10T15:35:13.198Z] [ESEB-LOG] DISPATCH: Virtual Thread #18 | Hash: 76730cef456c | Status: ACTIVE
[2026-09-10T15:35:13.198Z] [ESEB-LOG] DISPATCH: Virtual Thread #19 | Hash: 0912d0c6bbfb | Status: ACTIVE
[2026-09-10T15:35:13.198Z] [ESEB-LOG] DISPATCH: Virtual Thread #20 | Hash: fa35b5b8a23a | Status: ACTIVE
[2026-09-10T15:35:13.198Z] [ESEB-LOG] DISPATCH: Virtual Thread #21 | Hash: e8573661a92a | Status: ACTIVE
[2026-09-10T15:35:13.198Z] [ESEB-LOG] DISPATCH: Virtual Thread #22 | Hash: e7de32359632 | Status: ACTIVE
[2026-09-10T15:35:13.198Z] [ESEB-LOG] DISPATCH: Virtual Thread #23 | Hash: 61324ea1ad81 | Status: ACTIVE
[2026-09-10T15:35:13.198Z] [ESEB-LOG] DISPATCH: Virtual Thread #24 | Hash: 4c2dc9203973 | Status: ACTIVE
[2026-09-10T15:35:13.198Z] [ESEB-LOG] ESEB CLASSIC SUCCESS: Core Authenticated | V-STAMP-24 Verified.
[2026-09-10T15:35:13.198Z] [ESEB-LOG] END: Execution Completed. Sharded Virtual Threads Active: 24/24 | Entropy δ = 0.
[2026-09-10T18:51:02.157Z] [ESEB-LOG] START: Orchestration initialized for domain 8000kicks.donabico.com
[2026-09-10T18:51:02.158Z] [ESEB-LOG] ROUND-ROBIN SELECTOR: Active Node: LLAMA_70B (Super Smart Intelligent Reviews & Deep Synthesis)
[2026-09-10T18:51:08.494Z] [ESEB-LOG] SOTA SUCCESS: NODE [LLAMA_70B] HTTP Status: 200 OK (Credit Preserved)
[2026-09-10T18:51:08.495Z] [ESEB-LOG] HASH SHARDING: Initializing mathematical hash mapping into 24 virtual threads...
[2026-09-10T18:51:08.496Z] [ESEB-LOG] HASH SHARDING SUCCESS: All 24 virtual sharded threads mapped & verified. Entropy δ = 0.
[2026-09-10T18:51:08.496Z] [ESEB-LOG] DISPATCH: Virtual Thread #1 | Hash: 17544a62de06 | Status: ACTIVE
[2026-09-10T18:51:08.496Z] [ESEB-LOG] DISPATCH: Virtual Thread #2 | Hash: 7b614cfa6f9e | Status: ACTIVE
[2026-09-10T18:51:08.496Z] [ESEB-LOG] DISPATCH: Virtual Thread #3 | Hash: b54702116b10 | Status: ACTIVE
[2026-09-10T18:51:08.496Z] [ESEB-LOG] DISPATCH: Virtual Thread #4 | Hash: 51823cc28590 | Status: ACTIVE
[2026-09-10T18:51:08.496Z] [ESEB-LOG] DISPATCH: Virtual Thread #5 | Hash: a9604a59a750 | Status: ACTIVE
[2026-09-10T18:51:08.496Z] [ESEB-LOG] DISPATCH: Virtual Thread #6 | Hash: 3d89b8dab35d | Status: ACTIVE
[2026-09-10T18:51:08.496Z] [ESEB-LOG] DISPATCH: Virtual Thread #7 | Hash: a093b61a4659 | Status: ACTIVE
[2026-09-10T18:51:08.496Z] [ESEB-LOG] DISPATCH: Virtual Thread #8 | Hash: 820ca674f6c0 | Status: ACTIVE
[2026-09-10T18:51:08.496Z] [ESEB-LOG] DISPATCH: Virtual Thread #9 | Hash: 5cd35a37c534 | Status: ACTIVE
[2026-09-10T18:51:08.496Z] [ESEB-LOG] DISPATCH: Virtual Thread #10 | Hash: 5a56106fa2a1 | Status: ACTIVE
[2026-09-10T18:51:08.496Z] [ESEB-LOG] DISPATCH: Virtual Thread #11 | Hash: d6c0bf6411a8 | Status: ACTIVE
[2026-09-10T18:51:08.496Z] [ESEB-LOG] DISPATCH: Virtual Thread #12 | Hash: 5546f3d24647 | Status: ACTIVE
[2026-09-10T18:51:08.496Z] [ESEB-LOG] DISPATCH: Virtual Thread #13 | Hash: 1b7bd36f0756 | Status: ACTIVE
[2026-09-10T18:51:08.496Z] [ESEB-LOG] DISPATCH: Virtual Thread #14 | Hash: b27a21b0efc2 | Status: ACTIVE
[2026-09-10T18:51:08.496Z] [ESEB-LOG] DISPATCH: Virtual Thread #15 | Hash: 137f7d89f606 | Status: ACTIVE
[2026-09-10T18:51:08.496Z] [ESEB-LOG] DISPATCH: Virtual Thread #16 | Hash: 132a775169f1 | Status: ACTIVE
[2026-09-10T18:51:08.496Z] [ESEB-LOG] DISPATCH: Virtual Thread #17 | Hash: d6b031b34f52 | Status: ACTIVE
[2026-09-10T18:51:08.496Z] [ESEB-LOG] DISPATCH: Virtual Thread #18 | Hash: 75062da358b8 | Status: ACTIVE
[2026-09-10T18:51:08.496Z] [ESEB-LOG] DISPATCH: Virtual Thread #19 | Hash: 8e00d08e3c92 | Status: ACTIVE
[2026-09-10T18:51:08.496Z] [ESEB-LOG] DISPATCH: Virtual Thread #20 | Hash: e519445d8be9 | Status: ACTIVE
[2026-09-10T18:51:08.496Z] [ESEB-LOG] DISPATCH: Virtual Thread #21 | Hash: b685b5e38d65 | Status: ACTIVE
[2026-09-10T18:51:08.496Z] [ESEB-LOG] DISPATCH: Virtual Thread #22 | Hash: bd786b390205 | Status: ACTIVE
[2026-09-10T18:51:08.496Z] [ESEB-LOG] DISPATCH: Virtual Thread #23 | Hash: fc59a0962acb | Status: ACTIVE
[2026-09-10T18:51:08.496Z] [ESEB-LOG] DISPATCH: Virtual Thread #24 | Hash: d6080b4ddfac | Status: ACTIVE
[2026-09-10T18:51:08.496Z] [ESEB-LOG] ESEB CLASSIC SUCCESS: Core Authenticated | V-STAMP-24 Verified.
[2026-09-10T18:51:08.496Z] [ESEB-LOG] END: Execution Completed. Sharded Virtual Threads Active: 24/24 | Entropy δ = 0.
[2026-09-10T22:07:54.551Z] [ESEB-LOG] START: Orchestration initialized for domain 8000kicks.donabico.com
[2026-09-10T22:07:54.552Z] [ESEB-LOG] ROUND-ROBIN SELECTOR: Active Node: LLAMA_8B (Rapid RAG Fallback & Smart Sourcing)
[2026-09-10T22:07:56.122Z] [ESEB-LOG] SOTA SUCCESS: NODE [LLAMA_8B] HTTP Status: 200 OK (Credit Preserved)
[2026-09-10T22:07:56.123Z] [ESEB-LOG] HASH SHARDING: Initializing mathematical hash mapping into 24 virtual threads...
[2026-09-10T22:07:56.123Z] [ESEB-LOG] HASH SHARDING SUCCESS: All 24 virtual sharded threads mapped & verified. Entropy δ = 0.
[2026-09-10T22:07:56.123Z] [ESEB-LOG] DISPATCH: Virtual Thread #1 | Hash: bc2f8bf1f45b | Status: ACTIVE
[2026-09-10T22:07:56.123Z] [ESEB-LOG] DISPATCH: Virtual Thread #2 | Hash: df3845233ebe | Status: ACTIVE
[2026-09-10T22:07:56.123Z] [ESEB-LOG] DISPATCH: Virtual Thread #3 | Hash: 720d0444340e | Status: ACTIVE
[2026-09-10T22:07:56.123Z] [ESEB-LOG] DISPATCH: Virtual Thread #4 | Hash: 4b4853d8c3cb | Status: ACTIVE
[2026-09-10T22:07:56.123Z] [ESEB-LOG] DISPATCH: Virtual Thread #5 | Hash: 09855cb00c29 | Status: ACTIVE
[2026-09-10T22:07:56.124Z] [ESEB-LOG] DISPATCH: Virtual Thread #6 | Hash: 421e104bbe36 | Status: ACTIVE
[2026-09-10T22:07:56.124Z] [ESEB-LOG] DISPATCH: Virtual Thread #7 | Hash: c4e55557748c | Status: ACTIVE
[2026-09-10T22:07:56.124Z] [ESEB-LOG] DISPATCH: Virtual Thread #8 | Hash: 2d17853cabbb | Status: ACTIVE
[2026-09-10T22:07:56.124Z] [ESEB-LOG] DISPATCH: Virtual Thread #9 | Hash: dec7dc72e637 | Status: ACTIVE
[2026-09-10T22:07:56.124Z] [ESEB-LOG] DISPATCH: Virtual Thread #10 | Hash: b4ddad842492 | Status: ACTIVE
[2026-09-10T22:07:56.124Z] [ESEB-LOG] DISPATCH: Virtual Thread #11 | Hash: e387da1c2f83 | Status: ACTIVE
[2026-09-10T22:07:56.124Z] [ESEB-LOG] DISPATCH: Virtual Thread #12 | Hash: af63be24701d | Status: ACTIVE
[2026-09-10T22:07:56.124Z] [ESEB-LOG] DISPATCH: Virtual Thread #13 | Hash: 99d302ac22e1 | Status: ACTIVE
[2026-09-10T22:07:56.124Z] [ESEB-LOG] DISPATCH: Virtual Thread #14 | Hash: e54215571205 | Status: ACTIVE
[2026-09-10T22:07:56.124Z] [ESEB-LOG] DISPATCH: Virtual Thread #15 | Hash: c932bb5e168d | Status: ACTIVE
[2026-09-10T22:07:56.124Z] [ESEB-LOG] DISPATCH: Virtual Thread #16 | Hash: cf0cb9b3e0e0 | Status: ACTIVE
[2026-09-10T22:07:56.124Z] [ESEB-LOG] DISPATCH: Virtual Thread #17 | Hash: 1461bbf6e84e | Status: ACTIVE
[2026-09-10T22:07:56.124Z] [ESEB-LOG] DISPATCH: Virtual Thread #18 | Hash: fb27d91c537c | Status: ACTIVE
[2026-09-10T22:07:56.124Z] [ESEB-LOG] DISPATCH: Virtual Thread #19 | Hash: 2b55a5c87271 | Status: ACTIVE
[2026-09-10T22:07:56.124Z] [ESEB-LOG] DISPATCH: Virtual Thread #20 | Hash: 05b5850a09be | Status: ACTIVE
[2026-09-10T22:07:56.124Z] [ESEB-LOG] DISPATCH: Virtual Thread #21 | Hash: f50648b5123b | Status: ACTIVE
[2026-09-10T22:07:56.124Z] [ESEB-LOG] DISPATCH: Virtual Thread #22 | Hash: 68859efe6595 | Status: ACTIVE
[2026-09-10T22:07:56.124Z] [ESEB-LOG] DISPATCH: Virtual Thread #23 | Hash: eed47f75bb54 | Status: ACTIVE
[2026-09-10T22:07:56.124Z] [ESEB-LOG] DISPATCH: Virtual Thread #24 | Hash: e4294042c27f | Status: ACTIVE
[2026-09-10T22:07:56.124Z] [ESEB-LOG] ESEB CLASSIC SUCCESS: Core Authenticated | V-STAMP-24 Verified.
[2026-09-10T22:07:56.124Z] [ESEB-LOG] END: Execution Completed. Sharded Virtual Threads Active: 24/24 | Entropy δ = 0.
[2026-09-11T02:16:52.081Z] [ESEB-LOG] START: Orchestration initialized for domain 8000kicks.donabico.com
[2026-09-11T02:16:52.081Z] [ESEB-LOG] ROUND-ROBIN SELECTOR: Active Node: DEEPSEEK (Advanced Reasoning & GEO-SEO Optimization)
[2026-09-11T02:17:02.124Z] [ESEB-LOG] AUTO-HEALED: Request timeout. Self-healing fallback engaged.
[2026-09-11T02:17:02.124Z] [ESEB-LOG] HASH SHARDING: Initializing mathematical hash mapping into 24 virtual threads...
[2026-09-11T02:17:02.125Z] [ESEB-LOG] HASH SHARDING SUCCESS: All 24 virtual sharded threads mapped & verified. Entropy δ = 0.
[2026-09-11T02:17:02.125Z] [ESEB-LOG] DISPATCH: Virtual Thread #1 | Hash: 5bcee1436b9c | Status: ACTIVE
[2026-09-11T02:17:02.125Z] [ESEB-LOG] DISPATCH: Virtual Thread #2 | Hash: fab463146c23 | Status: ACTIVE
[2026-09-11T02:17:02.125Z] [ESEB-LOG] DISPATCH: Virtual Thread #3 | Hash: 6cfec971496c | Status: ACTIVE
[2026-09-11T02:17:02.125Z] [ESEB-LOG] DISPATCH: Virtual Thread #4 | Hash: aba4755ab0b9 | Status: ACTIVE
[2026-09-11T02:17:02.125Z] [ESEB-LOG] DISPATCH: Virtual Thread #5 | Hash: 41c8b7dfeea1 | Status: ACTIVE
[2026-09-11T02:17:02.125Z] [ESEB-LOG] DISPATCH: Virtual Thread #6 | Hash: 51b466c44960 | Status: ACTIVE
[2026-09-11T02:17:02.125Z] [ESEB-LOG] DISPATCH: Virtual Thread #7 | Hash: 118d178fc5c8 | Status: ACTIVE
[2026-09-11T02:17:02.125Z] [ESEB-LOG] DISPATCH: Virtual Thread #8 | Hash: edb5c2c2ec3f | Status: ACTIVE
[2026-09-11T02:17:02.125Z] [ESEB-LOG] DISPATCH: Virtual Thread #9 | Hash: 6c5f358aec13 | Status: ACTIVE
[2026-09-11T02:17:02.125Z] [ESEB-LOG] DISPATCH: Virtual Thread #10 | Hash: db9a70d9822a | Status: ACTIVE
[2026-09-11T02:17:02.125Z] [ESEB-LOG] DISPATCH: Virtual Thread #11 | Hash: fed96de8dc90 | Status: ACTIVE
[2026-09-11T02:17:02.125Z] [ESEB-LOG] DISPATCH: Virtual Thread #12 | Hash: ff042244e276 | Status: ACTIVE
[2026-09-11T02:17:02.125Z] [ESEB-LOG] DISPATCH: Virtual Thread #13 | Hash: 094ff86688ae | Status: ACTIVE
[2026-09-11T02:17:02.125Z] [ESEB-LOG] DISPATCH: Virtual Thread #14 | Hash: 03aa820dd1d6 | Status: ACTIVE
[2026-09-11T02:17:02.125Z] [ESEB-LOG] DISPATCH: Virtual Thread #15 | Hash: fc4a567e5370 | Status: ACTIVE
[2026-09-11T02:17:02.125Z] [ESEB-LOG] DISPATCH: Virtual Thread #16 | Hash: c938bc99378b | Status: ACTIVE
[2026-09-11T02:17:02.125Z] [ESEB-LOG] DISPATCH: Virtual Thread #17 | Hash: c846858cf57c | Status: ACTIVE
[2026-09-11T02:17:02.125Z] [ESEB-LOG] DISPATCH: Virtual Thread #18 | Hash: f67b80031090 | Status: ACTIVE
[2026-09-11T02:17:02.125Z] [ESEB-LOG] DISPATCH: Virtual Thread #19 | Hash: f746110b56be | Status: ACTIVE
[2026-09-11T02:17:02.125Z] [ESEB-LOG] DISPATCH: Virtual Thread #20 | Hash: 2012e0504e35 | Status: ACTIVE
[2026-09-11T02:17:02.125Z] [ESEB-LOG] DISPATCH: Virtual Thread #21 | Hash: 11c2e4bafaa9 | Status: ACTIVE
[2026-09-11T02:17:02.125Z] [ESEB-LOG] DISPATCH: Virtual Thread #22 | Hash: 73f353ff39cd | Status: ACTIVE
[2026-09-11T02:17:02.125Z] [ESEB-LOG] DISPATCH: Virtual Thread #23 | Hash: dbe0264ce2bb | Status: ACTIVE
[2026-09-11T02:17:02.125Z] [ESEB-LOG] DISPATCH: Virtual Thread #24 | Hash: ad63fa07fa9a | Status: ACTIVE
[2026-09-11T02:17:02.125Z] [ESEB-LOG] ESEB CLASSIC SUCCESS: Core Authenticated | V-STAMP-24 Verified.
[2026-09-11T02:17:02.125Z] [ESEB-LOG] END: Execution Completed. Sharded Virtual Threads Active: 24/24 | Entropy δ = 0.
[2026-09-11T08:26:33.601Z] [ESEB-LOG] START: Orchestration initialized for domain 8000kicks.donabico.com
[2026-09-11T08:26:33.601Z] [ESEB-LOG] ROUND-ROBIN SELECTOR: Active Node: LLAMA_3B (Edge Ultra-Fast Localization)
[2026-09-11T08:26:34.797Z] [ESEB-LOG] SOTA SUCCESS: NODE [LLAMA_3B] HTTP Status: 200 OK (Credit Preserved)
[2026-09-11T08:26:34.798Z] [ESEB-LOG] HASH SHARDING: Initializing mathematical hash mapping into 24 virtual threads...
[2026-09-11T08:26:34.799Z] [ESEB-LOG] HASH SHARDING SUCCESS: All 24 virtual sharded threads mapped & verified. Entropy δ = 0.
[2026-09-11T08:26:34.799Z] [ESEB-LOG] DISPATCH: Virtual Thread #1 | Hash: adb89cb51085 | Status: ACTIVE
[2026-09-11T08:26:34.799Z] [ESEB-LOG] DISPATCH: Virtual Thread #2 | Hash: cb8e03685aaa | Status: ACTIVE
[2026-09-11T08:26:34.799Z] [ESEB-LOG] DISPATCH: Virtual Thread #3 | Hash: 35c22f926434 | Status: ACTIVE
[2026-09-11T08:26:34.799Z] [ESEB-LOG] DISPATCH: Virtual Thread #4 | Hash: cfea8940a89e | Status: ACTIVE
[2026-09-11T08:26:34.799Z] [ESEB-LOG] DISPATCH: Virtual Thread #5 | Hash: 892cf31d3d70 | Status: ACTIVE
[2026-09-11T08:26:34.799Z] [ESEB-LOG] DISPATCH: Virtual Thread #6 | Hash: 5f33f867e4cb | Status: ACTIVE
[2026-09-11T08:26:34.799Z] [ESEB-LOG] DISPATCH: Virtual Thread #7 | Hash: fa597b3c8fa5 | Status: ACTIVE
[2026-09-11T08:26:34.799Z] [ESEB-LOG] DISPATCH: Virtual Thread #8 | Hash: fdd55b6d4982 | Status: ACTIVE
[2026-09-11T08:26:34.799Z] [ESEB-LOG] DISPATCH: Virtual Thread #9 | Hash: f9b1515f3cf5 | Status: ACTIVE
[2026-09-11T08:26:34.799Z] [ESEB-LOG] DISPATCH: Virtual Thread #10 | Hash: 4a82e33e1053 | Status: ACTIVE
[2026-09-11T08:26:34.799Z] [ESEB-LOG] DISPATCH: Virtual Thread #11 | Hash: d7720392f2f7 | Status: ACTIVE
[2026-09-11T08:26:34.799Z] [ESEB-LOG] DISPATCH: Virtual Thread #12 | Hash: 47f9769ff0b9 | Status: ACTIVE
[2026-09-11T08:26:34.799Z] [ESEB-LOG] DISPATCH: Virtual Thread #13 | Hash: fbcf649198b0 | Status: ACTIVE
[2026-09-11T08:26:34.799Z] [ESEB-LOG] DISPATCH: Virtual Thread #14 | Hash: 310a8a8df398 | Status: ACTIVE
[2026-09-11T08:26:34.799Z] [ESEB-LOG] DISPATCH: Virtual Thread #15 | Hash: 876360ec3527 | Status: ACTIVE
[2026-09-11T08:26:34.799Z] [ESEB-LOG] DISPATCH: Virtual Thread #16 | Hash: 19431e947cd4 | Status: ACTIVE
[2026-09-11T08:26:34.799Z] [ESEB-LOG] DISPATCH: Virtual Thread #17 | Hash: 220066c2e6d1 | Status: ACTIVE
[2026-09-11T08:26:34.799Z] [ESEB-LOG] DISPATCH: Virtual Thread #18 | Hash: e0018700a32b | Status: ACTIVE
[2026-09-11T08:26:34.799Z] [ESEB-LOG] DISPATCH: Virtual Thread #19 | Hash: 584314f31342 | Status: ACTIVE
[2026-09-11T08:26:34.799Z] [ESEB-LOG] DISPATCH: Virtual Thread #20 | Hash: 1d13f9f84713 | Status: ACTIVE
[2026-09-11T08:26:34.799Z] [ESEB-LOG] DISPATCH: Virtual Thread #21 | Hash: f5dab81def30 | Status: ACTIVE
[2026-09-11T08:26:34.799Z] [ESEB-LOG] DISPATCH: Virtual Thread #22 | Hash: 2ab36464ce87 | Status: ACTIVE
[2026-09-11T08:26:34.799Z] [ESEB-LOG] DISPATCH: Virtual Thread #23 | Hash: 225bc62b18f8 | Status: ACTIVE
[2026-09-11T08:26:34.799Z] [ESEB-LOG] DISPATCH: Virtual Thread #24 | Hash: 954b2a0238ca | Status: ACTIVE
[2026-09-11T08:26:34.799Z] [ESEB-LOG] ESEB CLASSIC SUCCESS: Core Authenticated | V-STAMP-24 Verified.
[2026-09-11T08:26:34.800Z] [ESEB-LOG] END: Execution Completed. Sharded Virtual Threads Active: 24/24 | Entropy δ = 0.
[2026-09-11T15:36:54.612Z] [ESEB-LOG] START: Orchestration initialized for domain 8000kicks.donabico.com
[2026-09-11T15:36:54.612Z] [ESEB-LOG] ROUND-ROBIN SELECTOR: Active Node: GEMMA_7B (Context Enrichment & Smart Conversion)
[2026-09-11T15:37:04.668Z] [ESEB-LOG] AUTO-HEALED: Request timeout. Self-healing fallback engaged.
[2026-09-11T15:37:04.668Z] [ESEB-LOG] HASH SHARDING: Initializing mathematical hash mapping into 24 virtual threads...
[2026-09-11T15:37:04.669Z] [ESEB-LOG] HASH SHARDING SUCCESS: All 24 virtual sharded threads mapped & verified. Entropy δ = 0.
[2026-09-11T15:37:04.669Z] [ESEB-LOG] DISPATCH: Virtual Thread #1 | Hash: 63b0b315df57 | Status: ACTIVE
[2026-09-11T15:37:04.669Z] [ESEB-LOG] DISPATCH: Virtual Thread #2 | Hash: 69f98024889c | Status: ACTIVE
[2026-09-11T15:37:04.669Z] [ESEB-LOG] DISPATCH: Virtual Thread #3 | Hash: e829e98d5207 | Status: ACTIVE
[2026-09-11T15:37:04.669Z] [ESEB-LOG] DISPATCH: Virtual Thread #4 | Hash: 1e5fb393cb46 | Status: ACTIVE
[2026-09-11T15:37:04.669Z] [ESEB-LOG] DISPATCH: Virtual Thread #5 | Hash: 44bea00169f8 | Status: ACTIVE
[2026-09-11T15:37:04.669Z] [ESEB-LOG] DISPATCH: Virtual Thread #6 | Hash: 8645743f45f7 | Status: ACTIVE
[2026-09-11T15:37:04.669Z] [ESEB-LOG] DISPATCH: Virtual Thread #7 | Hash: 880cbe83aa12 | Status: ACTIVE
[2026-09-11T15:37:04.669Z] [ESEB-LOG] DISPATCH: Virtual Thread #8 | Hash: c66133036eec | Status: ACTIVE
[2026-09-11T15:37:04.669Z] [ESEB-LOG] DISPATCH: Virtual Thread #9 | Hash: d947dc87948f | Status: ACTIVE
[2026-09-11T15:37:04.669Z] [ESEB-LOG] DISPATCH: Virtual Thread #10 | Hash: 1cb28f3fa2d1 | Status: ACTIVE
[2026-09-11T15:37:04.669Z] [ESEB-LOG] DISPATCH: Virtual Thread #11 | Hash: b2452c4c6ce5 | Status: ACTIVE
[2026-09-11T15:37:04.669Z] [ESEB-LOG] DISPATCH: Virtual Thread #12 | Hash: 71caf7edb986 | Status: ACTIVE
[2026-09-11T15:37:04.669Z] [ESEB-LOG] DISPATCH: Virtual Thread #13 | Hash: 43affdaa12d2 | Status: ACTIVE
[2026-09-11T15:37:04.669Z] [ESEB-LOG] DISPATCH: Virtual Thread #14 | Hash: 75b79c4b22e3 | Status: ACTIVE
[2026-09-11T15:37:04.669Z] [ESEB-LOG] DISPATCH: Virtual Thread #15 | Hash: deef4b0bf24b | Status: ACTIVE
[2026-09-11T15:37:04.669Z] [ESEB-LOG] DISPATCH: Virtual Thread #16 | Hash: 06e8b9b77f9a | Status: ACTIVE
[2026-09-11T15:37:04.669Z] [ESEB-LOG] DISPATCH: Virtual Thread #17 | Hash: 45bec85d2213 | Status: ACTIVE
[2026-09-11T15:37:04.669Z] [ESEB-LOG] DISPATCH: Virtual Thread #18 | Hash: 097db5cbd68e | Status: ACTIVE
[2026-09-11T15:37:04.669Z] [ESEB-LOG] DISPATCH: Virtual Thread #19 | Hash: 194a55884fe6 | Status: ACTIVE
[2026-09-11T15:37:04.669Z] [ESEB-LOG] DISPATCH: Virtual Thread #20 | Hash: 7c1a95fda1ff | Status: ACTIVE
[2026-09-11T15:37:04.669Z] [ESEB-LOG] DISPATCH: Virtual Thread #21 | Hash: 49d43839b8be | Status: ACTIVE
[2026-09-11T15:37:04.669Z] [ESEB-LOG] DISPATCH: Virtual Thread #22 | Hash: 7ade9c4a9096 | Status: ACTIVE
[2026-09-11T15:37:04.669Z] [ESEB-LOG] DISPATCH: Virtual Thread #23 | Hash: c519d3f9e915 | Status: ACTIVE
[2026-09-11T15:37:04.669Z] [ESEB-LOG] DISPATCH: Virtual Thread #24 | Hash: 51ff63e5bc6b | Status: ACTIVE
[2026-09-11T15:37:04.669Z] [ESEB-LOG] ESEB CLASSIC SUCCESS: Core Authenticated | V-STAMP-24 Verified.
[2026-09-11T15:37:04.669Z] [ESEB-LOG] END: Execution Completed. Sharded Virtual Threads Active: 24/24 | Entropy δ = 0.
[2026-09-11T18:53:44.270Z] [ESEB-LOG] START: Orchestration initialized for domain 8000kicks.donabico.com
[2026-09-11T18:53:44.270Z] [ESEB-LOG] ROUND-ROBIN SELECTOR: Active Node: BGE_EMBEDDING (RAG Knowledge Vectorization)
[2026-09-11T18:53:44.601Z] [ESEB-LOG] SOTA SUCCESS: NODE [BGE_EMBEDDING] HTTP Status: 200 OK (Credit Preserved)
[2026-09-11T18:53:44.602Z] [ESEB-LOG] HASH SHARDING: Initializing mathematical hash mapping into 24 virtual threads...
[2026-09-11T18:53:44.602Z] [ESEB-LOG] HASH SHARDING SUCCESS: All 24 virtual sharded threads mapped & verified. Entropy δ = 0.
[2026-09-11T18:53:44.602Z] [ESEB-LOG] DISPATCH: Virtual Thread #1 | Hash: 6a074013f24e | Status: ACTIVE
[2026-09-11T18:53:44.602Z] [ESEB-LOG] DISPATCH: Virtual Thread #2 | Hash: e983590688e6 | Status: ACTIVE
[2026-09-11T18:53:44.602Z] [ESEB-LOG] DISPATCH: Virtual Thread #3 | Hash: 58a9e49c80bd | Status: ACTIVE
[2026-09-11T18:53:44.602Z] [ESEB-LOG] DISPATCH: Virtual Thread #4 | Hash: 76d8c31dd3b3 | Status: ACTIVE
[2026-09-11T18:53:44.602Z] [ESEB-LOG] DISPATCH: Virtual Thread #5 | Hash: a79a70e8846d | Status: ACTIVE
[2026-09-11T18:53:44.602Z] [ESEB-LOG] DISPATCH: Virtual Thread #6 | Hash: baa8a490644d | Status: ACTIVE
[2026-09-11T18:53:44.602Z] [ESEB-LOG] DISPATCH: Virtual Thread #7 | Hash: 28c6b4185bf6 | Status: ACTIVE
[2026-09-11T18:53:44.602Z] [ESEB-LOG] DISPATCH: Virtual Thread #8 | Hash: 3cfdae1a022f | Status: ACTIVE
[2026-09-11T18:53:44.602Z] [ESEB-LOG] DISPATCH: Virtual Thread #9 | Hash: f0e61250ec0a | Status: ACTIVE
[2026-09-11T18:53:44.602Z] [ESEB-LOG] DISPATCH: Virtual Thread #10 | Hash: 9a9e1b72b880 | Status: ACTIVE
[2026-09-11T18:53:44.602Z] [ESEB-LOG] DISPATCH: Virtual Thread #11 | Hash: a7209552ea99 | Status: ACTIVE
[2026-09-11T18:53:44.603Z] [ESEB-LOG] DISPATCH: Virtual Thread #12 | Hash: bfbd47eb9343 | Status: ACTIVE
[2026-09-11T18:53:44.603Z] [ESEB-LOG] DISPATCH: Virtual Thread #13 | Hash: e771150594cc | Status: ACTIVE
[2026-09-11T18:53:44.603Z] [ESEB-LOG] DISPATCH: Virtual Thread #14 | Hash: 7ffa7599ad0f | Status: ACTIVE
[2026-09-11T18:53:44.603Z] [ESEB-LOG] DISPATCH: Virtual Thread #15 | Hash: aa571c17eb46 | Status: ACTIVE
[2026-09-11T18:53:44.603Z] [ESEB-LOG] DISPATCH: Virtual Thread #16 | Hash: 6c30d054982d | Status: ACTIVE
[2026-09-11T18:53:44.603Z] [ESEB-LOG] DISPATCH: Virtual Thread #17 | Hash: 8891b1cde826 | Status: ACTIVE
[2026-09-11T18:53:44.603Z] [ESEB-LOG] DISPATCH: Virtual Thread #18 | Hash: 931f95afb8fb | Status: ACTIVE
[2026-09-11T18:53:44.603Z] [ESEB-LOG] DISPATCH: Virtual Thread #19 | Hash: 1515a3aeef3c | Status: ACTIVE
[2026-09-11T18:53:44.603Z] [ESEB-LOG] DISPATCH: Virtual Thread #20 | Hash: 7529eb44226f | Status: ACTIVE
[2026-09-11T18:53:44.603Z] [ESEB-LOG] DISPATCH: Virtual Thread #21 | Hash: 9d6b1e771574 | Status: ACTIVE
[2026-09-11T18:53:44.603Z] [ESEB-LOG] DISPATCH: Virtual Thread #22 | Hash: 70012a035421 | Status: ACTIVE
[2026-09-11T18:53:44.603Z] [ESEB-LOG] DISPATCH: Virtual Thread #23 | Hash: 73d8f234153c | Status: ACTIVE
[2026-09-11T18:53:44.603Z] [ESEB-LOG] DISPATCH: Virtual Thread #24 | Hash: e5740d870a62 | Status: ACTIVE
[2026-09-11T18:53:44.603Z] [ESEB-LOG] ESEB CLASSIC SUCCESS: Core Authenticated | V-STAMP-24 Verified.
[2026-09-11T18:53:44.603Z] [ESEB-LOG] END: Execution Completed. Sharded Virtual Threads Active: 24/24 | Entropy δ = 0.
[2026-09-11T22:07:17.218Z] [ESEB-LOG] START: Orchestration initialized for domain 8000kicks.donabico.com
[2026-09-11T22:07:17.218Z] [ESEB-LOG] ROUND-ROBIN SELECTOR: Active Node: SDXL_IMAGE (Affiliate Intelligent Banners & Posters)
[2026-09-11T22:07:19.983Z] [ESEB-LOG] SOTA SUCCESS: NODE [SDXL_IMAGE] HTTP Status: 200 OK (Credit Preserved)
[2026-09-11T22:07:19.983Z] [ESEB-LOG] HASH SHARDING: Initializing mathematical hash mapping into 24 virtual threads...
[2026-09-11T22:07:19.984Z] [ESEB-LOG] HASH SHARDING SUCCESS: All 24 virtual sharded threads mapped & verified. Entropy δ = 0.
[2026-09-11T22:07:19.984Z] [ESEB-LOG] DISPATCH: Virtual Thread #1 | Hash: df9116435d40 | Status: ACTIVE
[2026-09-11T22:07:19.984Z] [ESEB-LOG] DISPATCH: Virtual Thread #2 | Hash: eec7925bd591 | Status: ACTIVE
[2026-09-11T22:07:19.984Z] [ESEB-LOG] DISPATCH: Virtual Thread #3 | Hash: ca3a37bde7a7 | Status: ACTIVE
[2026-09-11T22:07:19.984Z] [ESEB-LOG] DISPATCH: Virtual Thread #4 | Hash: e25ae695107c | Status: ACTIVE
[2026-09-11T22:07:19.984Z] [ESEB-LOG] DISPATCH: Virtual Thread #5 | Hash: 7e74c25bbfa1 | Status: ACTIVE
[2026-09-11T22:07:19.984Z] [ESEB-LOG] DISPATCH: Virtual Thread #6 | Hash: 9d7fbb37615c | Status: ACTIVE
[2026-09-11T22:07:19.984Z] [ESEB-LOG] DISPATCH: Virtual Thread #7 | Hash: 3a119b9a5ef6 | Status: ACTIVE
[2026-09-11T22:07:19.984Z] [ESEB-LOG] DISPATCH: Virtual Thread #8 | Hash: 0f756cf02972 | Status: ACTIVE
[2026-09-11T22:07:19.984Z] [ESEB-LOG] DISPATCH: Virtual Thread #9 | Hash: 17263c4481ad | Status: ACTIVE
[2026-09-11T22:07:19.984Z] [ESEB-LOG] DISPATCH: Virtual Thread #10 | Hash: 88146057451d | Status: ACTIVE
[2026-09-11T22:07:19.984Z] [ESEB-LOG] DISPATCH: Virtual Thread #11 | Hash: b499996916bb | Status: ACTIVE
[2026-09-11T22:07:19.984Z] [ESEB-LOG] DISPATCH: Virtual Thread #12 | Hash: 59e01d66974c | Status: ACTIVE
[2026-09-11T22:07:19.984Z] [ESEB-LOG] DISPATCH: Virtual Thread #13 | Hash: 809e74752e11 | Status: ACTIVE
[2026-09-11T22:07:19.984Z] [ESEB-LOG] DISPATCH: Virtual Thread #14 | Hash: a356c86daa26 | Status: ACTIVE
[2026-09-11T22:07:19.984Z] [ESEB-LOG] DISPATCH: Virtual Thread #15 | Hash: 65360af83af6 | Status: ACTIVE
[2026-09-11T22:07:19.984Z] [ESEB-LOG] DISPATCH: Virtual Thread #16 | Hash: c2792b58820b | Status: ACTIVE
[2026-09-11T22:07:19.984Z] [ESEB-LOG] DISPATCH: Virtual Thread #17 | Hash: 1cf9645cd2fc | Status: ACTIVE
[2026-09-11T22:07:19.985Z] [ESEB-LOG] DISPATCH: Virtual Thread #18 | Hash: 940b84d741b5 | Status: ACTIVE
[2026-09-11T22:07:19.985Z] [ESEB-LOG] DISPATCH: Virtual Thread #19 | Hash: deb12f56aa26 | Status: ACTIVE
[2026-09-11T22:07:19.985Z] [ESEB-LOG] DISPATCH: Virtual Thread #20 | Hash: 7b461454215f | Status: ACTIVE
[2026-09-11T22:07:19.985Z] [ESEB-LOG] DISPATCH: Virtual Thread #21 | Hash: 7824b95ef5a3 | Status: ACTIVE
[2026-09-11T22:07:19.985Z] [ESEB-LOG] DISPATCH: Virtual Thread #22 | Hash: 51cae2ce4dda | Status: ACTIVE
[2026-09-11T22:07:19.985Z] [ESEB-LOG] DISPATCH: Virtual Thread #23 | Hash: 2790da5e43e9 | Status: ACTIVE
[2026-09-11T22:07:19.985Z] [ESEB-LOG] DISPATCH: Virtual Thread #24 | Hash: dc0a05a287c7 | Status: ACTIVE
[2026-09-11T22:07:19.985Z] [ESEB-LOG] ESEB CLASSIC SUCCESS: Core Authenticated | V-STAMP-24 Verified.
[2026-09-11T22:07:19.985Z] [ESEB-LOG] END: Execution Completed. Sharded Virtual Threads Active: 24/24 | Entropy δ = 0.
[2026-09-12T02:24:10.415Z] [ESEB-LOG] START: Orchestration initialized for domain 8000kicks.donabico.com
[2026-09-12T02:24:10.415Z] [ESEB-LOG] ROUND-ROBIN SELECTOR: Active Node: LLAMA_70B (Super Smart Intelligent Reviews & Deep Synthesis)
[2026-09-12T02:24:15.963Z] [ESEB-LOG] SOTA SUCCESS: NODE [LLAMA_70B] HTTP Status: 200 OK (Credit Preserved)
[2026-09-12T02:24:15.963Z] [ESEB-LOG] HASH SHARDING: Initializing mathematical hash mapping into 24 virtual threads...
[2026-09-12T02:24:15.964Z] [ESEB-LOG] HASH SHARDING SUCCESS: All 24 virtual sharded threads mapped & verified. Entropy δ = 0.
[2026-09-12T02:24:15.964Z] [ESEB-LOG] DISPATCH: Virtual Thread #1 | Hash: 5526f6a530b3 | Status: ACTIVE
[2026-09-12T02:24:15.964Z] [ESEB-LOG] DISPATCH: Virtual Thread #2 | Hash: ac7e366c13d5 | Status: ACTIVE
[2026-09-12T02:24:15.964Z] [ESEB-LOG] DISPATCH: Virtual Thread #3 | Hash: fc670f6d05ee | Status: ACTIVE
[2026-09-12T02:24:15.964Z] [ESEB-LOG] DISPATCH: Virtual Thread #4 | Hash: 199aafe8e95f | Status: ACTIVE
[2026-09-12T02:24:15.964Z] [ESEB-LOG] DISPATCH: Virtual Thread #5 | Hash: 897167fc01a7 | Status: ACTIVE
[2026-09-12T02:24:15.964Z] [ESEB-LOG] DISPATCH: Virtual Thread #6 | Hash: 8254ad3af2bb | Status: ACTIVE
[2026-09-12T02:24:15.964Z] [ESEB-LOG] DISPATCH: Virtual Thread #7 | Hash: aa3871d16f5d | Status: ACTIVE
[2026-09-12T02:24:15.964Z] [ESEB-LOG] DISPATCH: Virtual Thread #8 | Hash: 689cdfdccab3 | Status: ACTIVE
[2026-09-12T02:24:15.964Z] [ESEB-LOG] DISPATCH: Virtual Thread #9 | Hash: 72ac5598520b | Status: ACTIVE
[2026-09-12T02:24:15.964Z] [ESEB-LOG] DISPATCH: Virtual Thread #10 | Hash: d91ecb8c964a | Status: ACTIVE
[2026-09-12T02:24:15.964Z] [ESEB-LOG] DISPATCH: Virtual Thread #11 | Hash: 422b8cfba95d | Status: ACTIVE
[2026-09-12T02:24:15.964Z] [ESEB-LOG] DISPATCH: Virtual Thread #12 | Hash: 98a1d8fc7dc7 | Status: ACTIVE
[2026-09-12T02:24:15.964Z] [ESEB-LOG] DISPATCH: Virtual Thread #13 | Hash: a04e62870138 | Status: ACTIVE
[2026-09-12T02:24:15.964Z] [ESEB-LOG] DISPATCH: Virtual Thread #14 | Hash: d7cd226cd7a1 | Status: ACTIVE
[2026-09-12T02:24:15.964Z] [ESEB-LOG] DISPATCH: Virtual Thread #15 | Hash: 08849296d7f5 | Status: ACTIVE
[2026-09-12T02:24:15.964Z] [ESEB-LOG] DISPATCH: Virtual Thread #16 | Hash: 37a59a270dab | Status: ACTIVE
[2026-09-12T02:24:15.964Z] [ESEB-LOG] DISPATCH: Virtual Thread #17 | Hash: 954148bd777e | Status: ACTIVE
[2026-09-12T02:24:15.964Z] [ESEB-LOG] DISPATCH: Virtual Thread #18 | Hash: 12a2dcb1aa5a | Status: ACTIVE
[2026-09-12T02:24:15.964Z] [ESEB-LOG] DISPATCH: Virtual Thread #19 | Hash: 4b1f160cc9bb | Status: ACTIVE
[2026-09-12T02:24:15.964Z] [ESEB-LOG] DISPATCH: Virtual Thread #20 | Hash: eaf8c086cc57 | Status: ACTIVE
[2026-09-12T02:24:15.964Z] [ESEB-LOG] DISPATCH: Virtual Thread #21 | Hash: 6d27b33b333b | Status: ACTIVE
[2026-09-12T02:24:15.964Z] [ESEB-LOG] DISPATCH: Virtual Thread #22 | Hash: 5b0c335993b9 | Status: ACTIVE
[2026-09-12T02:24:15.964Z] [ESEB-LOG] DISPATCH: Virtual Thread #23 | Hash: 8f4ed2e8e55b | Status: ACTIVE
[2026-09-12T02:24:15.964Z] [ESEB-LOG] DISPATCH: Virtual Thread #24 | Hash: 7dd59454a0ba | Status: ACTIVE
[2026-09-12T02:24:15.964Z] [ESEB-LOG] ESEB CLASSIC SUCCESS: Core Authenticated | V-STAMP-24 Verified.
[2026-09-12T02:24:15.964Z] [ESEB-LOG] END: Execution Completed. Sharded Virtual Threads Active: 24/24 | Entropy δ = 0.
[2026-09-12T08:15:15.829Z] [ESEB-LOG] START: Orchestration initialized for domain 8000kicks.donabico.com
[2026-09-12T08:15:15.830Z] [ESEB-LOG] ROUND-ROBIN SELECTOR: Active Node: DEEPSEEK (Advanced Reasoning & GEO-SEO Optimization)
[2026-09-12T08:15:24.457Z] [ESEB-LOG] SOTA SUCCESS: NODE [DEEPSEEK] HTTP Status: 200 OK (Credit Preserved)
[2026-09-12T08:15:24.458Z] [ESEB-LOG] HASH SHARDING: Initializing mathematical hash mapping into 24 virtual threads...
[2026-09-12T08:15:24.459Z] [ESEB-LOG] HASH SHARDING SUCCESS: All 24 virtual sharded threads mapped & verified. Entropy δ = 0.
[2026-09-12T08:15:24.459Z] [ESEB-LOG] DISPATCH: Virtual Thread #1 | Hash: cef6a57716e4 | Status: ACTIVE
[2026-09-12T08:15:24.459Z] [ESEB-LOG] DISPATCH: Virtual Thread #2 | Hash: 133d8081c981 | Status: ACTIVE
[2026-09-12T08:15:24.459Z] [ESEB-LOG] DISPATCH: Virtual Thread #3 | Hash: 47866aefc868 | Status: ACTIVE
[2026-09-12T08:15:24.459Z] [ESEB-LOG] DISPATCH: Virtual Thread #4 | Hash: 13b0e48a1a77 | Status: ACTIVE
[2026-09-12T08:15:24.459Z] [ESEB-LOG] DISPATCH: Virtual Thread #5 | Hash: 82f8b82ce1ab | Status: ACTIVE
[2026-09-12T08:15:24.459Z] [ESEB-LOG] DISPATCH: Virtual Thread #6 | Hash: ad23316ab23c | Status: ACTIVE
[2026-09-12T08:15:24.459Z] [ESEB-LOG] DISPATCH: Virtual Thread #7 | Hash: 1a5f93f9ef8a | Status: ACTIVE
[2026-09-12T08:15:24.459Z] [ESEB-LOG] DISPATCH: Virtual Thread #8 | Hash: 5139234b13d0 | Status: ACTIVE
[2026-09-12T08:15:24.459Z] [ESEB-LOG] DISPATCH: Virtual Thread #9 | Hash: 44b56ba875ba | Status: ACTIVE
[2026-09-12T08:15:24.459Z] [ESEB-LOG] DISPATCH: Virtual Thread #10 | Hash: 8c921b745f92 | Status: ACTIVE
[2026-09-12T08:15:24.459Z] [ESEB-LOG] DISPATCH: Virtual Thread #11 | Hash: 531607132a2f | Status: ACTIVE
[2026-09-12T08:15:24.459Z] [ESEB-LOG] DISPATCH: Virtual Thread #12 | Hash: b900cb2d4dcd | Status: ACTIVE
[2026-09-12T08:15:24.459Z] [ESEB-LOG] DISPATCH: Virtual Thread #13 | Hash: f597fe591d8a | Status: ACTIVE
[2026-09-12T08:15:24.459Z] [ESEB-LOG] DISPATCH: Virtual Thread #14 | Hash: c6092d5f526c | Status: ACTIVE
[2026-09-12T08:15:24.459Z] [ESEB-LOG] DISPATCH: Virtual Thread #15 | Hash: 616ee1d19903 | Status: ACTIVE
[2026-09-12T08:15:24.459Z] [ESEB-LOG] DISPATCH: Virtual Thread #16 | Hash: c86afd6ad6cf | Status: ACTIVE
[2026-09-12T08:15:24.459Z] [ESEB-LOG] DISPATCH: Virtual Thread #17 | Hash: d4608523648c | Status: ACTIVE
[2026-09-12T08:15:24.459Z] [ESEB-LOG] DISPATCH: Virtual Thread #18 | Hash: de102b382089 | Status: ACTIVE
[2026-09-12T08:15:24.459Z] [ESEB-LOG] DISPATCH: Virtual Thread #19 | Hash: 7cbe24010a18 | Status: ACTIVE
[2026-09-12T08:15:24.459Z] [ESEB-LOG] DISPATCH: Virtual Thread #20 | Hash: 95ccc4f04215 | Status: ACTIVE
[2026-09-12T08:15:24.459Z] [ESEB-LOG] DISPATCH: Virtual Thread #21 | Hash: f692ad09b2d0 | Status: ACTIVE
[2026-09-12T08:15:24.459Z] [ESEB-LOG] DISPATCH: Virtual Thread #22 | Hash: 35a6a5181387 | Status: ACTIVE
[2026-09-12T08:15:24.459Z] [ESEB-LOG] DISPATCH: Virtual Thread #23 | Hash: f085d3a708a5 | Status: ACTIVE
[2026-09-12T08:15:24.459Z] [ESEB-LOG] DISPATCH: Virtual Thread #24 | Hash: cb09798c2bca | Status: ACTIVE
[2026-09-12T08:15:24.459Z] [ESEB-LOG] ESEB CLASSIC SUCCESS: Core Authenticated | V-STAMP-24 Verified.
[2026-09-12T08:15:24.459Z] [ESEB-LOG] END: Execution Completed. Sharded Virtual Threads Active: 24/24 | Entropy δ = 0.
[2026-09-12T14:43:01.259Z] [ESEB-LOG] START: Orchestration initialized for domain 8000kicks.donabico.com
[2026-09-12T14:43:01.259Z] [ESEB-LOG] ROUND-ROBIN SELECTOR: Active Node: MISTRAL_7B (JSON-LD Schema & Structured Intelligence)
[2026-09-12T14:43:11.296Z] [ESEB-LOG] AUTO-HEALED: Request timeout. Self-healing fallback engaged.
[2026-09-12T14:43:11.297Z] [ESEB-LOG] HASH SHARDING: Initializing mathematical hash mapping into 24 virtual threads...
[2026-09-12T14:43:11.297Z] [ESEB-LOG] HASH SHARDING SUCCESS: All 24 virtual sharded threads mapped & verified. Entropy δ = 0.
[2026-09-12T14:43:11.297Z] [ESEB-LOG] DISPATCH: Virtual Thread #1 | Hash: 3f00db10f6cd | Status: ACTIVE
[2026-09-12T14:43:11.297Z] [ESEB-LOG] DISPATCH: Virtual Thread #2 | Hash: 0327a506cccc | Status: ACTIVE
[2026-09-12T14:43:11.297Z] [ESEB-LOG] DISPATCH: Virtual Thread #3 | Hash: 0fc2063e034d | Status: ACTIVE
[2026-09-12T14:43:11.297Z] [ESEB-LOG] DISPATCH: Virtual Thread #4 | Hash: a99b0b4afdbc | Status: ACTIVE
[2026-09-12T14:43:11.297Z] [ESEB-LOG] DISPATCH: Virtual Thread #5 | Hash: c300cc0da950 | Status: ACTIVE
[2026-09-12T14:43:11.297Z] [ESEB-LOG] DISPATCH: Virtual Thread #6 | Hash: 390eb3308e13 | Status: ACTIVE
[2026-09-12T14:43:11.297Z] [ESEB-LOG] DISPATCH: Virtual Thread #7 | Hash: 5aa71f89e95c | Status: ACTIVE
[2026-09-12T14:43:11.297Z] [ESEB-LOG] DISPATCH: Virtual Thread #8 | Hash: 48b5c65ff9a3 | Status: ACTIVE
[2026-09-12T14:43:11.297Z] [ESEB-LOG] DISPATCH: Virtual Thread #9 | Hash: e8934e032384 | Status: ACTIVE
[2026-09-12T14:43:11.297Z] [ESEB-LOG] DISPATCH: Virtual Thread #10 | Hash: 0a2fd2140b9c | Status: ACTIVE
[2026-09-12T14:43:11.297Z] [ESEB-LOG] DISPATCH: Virtual Thread #11 | Hash: b7a0faf6e438 | Status: ACTIVE
[2026-09-12T14:43:11.297Z] [ESEB-LOG] DISPATCH: Virtual Thread #12 | Hash: e93fe375e948 | Status: ACTIVE
[2026-09-12T14:43:11.297Z] [ESEB-LOG] DISPATCH: Virtual Thread #13 | Hash: 79cd3084aa50 | Status: ACTIVE
[2026-09-12T14:43:11.297Z] [ESEB-LOG] DISPATCH: Virtual Thread #14 | Hash: 6be9e3e3d6c4 | Status: ACTIVE
[2026-09-12T14:43:11.297Z] [ESEB-LOG] DISPATCH: Virtual Thread #15 | Hash: e7f610e8c023 | Status: ACTIVE
[2026-09-12T14:43:11.297Z] [ESEB-LOG] DISPATCH: Virtual Thread #16 | Hash: 534e6138d362 | Status: ACTIVE
[2026-09-12T14:43:11.297Z] [ESEB-LOG] DISPATCH: Virtual Thread #17 | Hash: fd807e3031bf | Status: ACTIVE
[2026-09-12T14:43:11.297Z] [ESEB-LOG] DISPATCH: Virtual Thread #18 | Hash: 63a14faddda4 | Status: ACTIVE
[2026-09-12T14:43:11.297Z] [ESEB-LOG] DISPATCH: Virtual Thread #19 | Hash: 792ceefd202d | Status: ACTIVE
[2026-09-12T14:43:11.297Z] [ESEB-LOG] DISPATCH: Virtual Thread #20 | Hash: a5331bb8eb15 | Status: ACTIVE
[2026-09-12T14:43:11.297Z] [ESEB-LOG] DISPATCH: Virtual Thread #21 | Hash: 24706657383e | Status: ACTIVE
[2026-09-12T14:43:11.297Z] [ESEB-LOG] DISPATCH: Virtual Thread #22 | Hash: 7c032b882a07 | Status: ACTIVE
[2026-09-12T14:43:11.297Z] [ESEB-LOG] DISPATCH: Virtual Thread #23 | Hash: f0543ce3ffdf | Status: ACTIVE
[2026-09-12T14:43:11.297Z] [ESEB-LOG] DISPATCH: Virtual Thread #24 | Hash: 5ca575745ec3 | Status: ACTIVE
[2026-09-12T14:43:11.297Z] [ESEB-LOG] ESEB CLASSIC SUCCESS: Core Authenticated | V-STAMP-24 Verified.
[2026-09-12T14:43:11.298Z] [ESEB-LOG] END: Execution Completed. Sharded Virtual Threads Active: 24/24 | Entropy δ = 0.
[2026-09-12T17:59:37.184Z] [ESEB-LOG] START: Orchestration initialized for domain 8000kicks.donabico.com
[2026-09-12T17:59:37.184Z] [ESEB-LOG] ROUND-ROBIN SELECTOR: Active Node: LLAMA_3B (Edge Ultra-Fast Localization)
[2026-09-12T17:59:38.402Z] [ESEB-LOG] SOTA SUCCESS: NODE [LLAMA_3B] HTTP Status: 200 OK (Credit Preserved)
[2026-09-12T17:59:38.403Z] [ESEB-LOG] HASH SHARDING: Initializing mathematical hash mapping into 24 virtual threads...
[2026-09-12T17:59:38.404Z] [ESEB-LOG] HASH SHARDING SUCCESS: All 24 virtual sharded threads mapped & verified. Entropy δ = 0.
[2026-09-12T17:59:38.404Z] [ESEB-LOG] DISPATCH: Virtual Thread #1 | Hash: c5d841ec32cd | Status: ACTIVE
[2026-09-12T17:59:38.404Z] [ESEB-LOG] DISPATCH: Virtual Thread #2 | Hash: 3bb5c477caeb | Status: ACTIVE
[2026-09-12T17:59:38.404Z] [ESEB-LOG] DISPATCH: Virtual Thread #3 | Hash: 46a6dc8b396c | Status: ACTIVE
[2026-09-12T17:59:38.404Z] [ESEB-LOG] DISPATCH: Virtual Thread #4 | Hash: ebba82ea406a | Status: ACTIVE
[2026-09-12T17:59:38.404Z] [ESEB-LOG] DISPATCH: Virtual Thread #5 | Hash: 79d31f6bc203 | Status: ACTIVE
[2026-09-12T17:59:38.404Z] [ESEB-LOG] DISPATCH: Virtual Thread #6 | Hash: 2821593419bf | Status: ACTIVE
[2026-09-12T17:59:38.404Z] [ESEB-LOG] DISPATCH: Virtual Thread #7 | Hash: 8e7e8aeda78f | Status: ACTIVE
[2026-09-12T17:59:38.404Z] [ESEB-LOG] DISPATCH: Virtual Thread #8 | Hash: 7c56ec886d9d | Status: ACTIVE
[2026-09-12T17:59:38.404Z] [ESEB-LOG] DISPATCH: Virtual Thread #9 | Hash: e28b51037455 | Status: ACTIVE
[2026-09-12T17:59:38.404Z] [ESEB-LOG] DISPATCH: Virtual Thread #10 | Hash: 91508539b3ec | Status: ACTIVE
[2026-09-12T17:59:38.404Z] [ESEB-LOG] DISPATCH: Virtual Thread #11 | Hash: 2c95f2ea9373 | Status: ACTIVE
[2026-09-12T17:59:38.404Z] [ESEB-LOG] DISPATCH: Virtual Thread #12 | Hash: fd130f3beee4 | Status: ACTIVE
[2026-09-12T17:59:38.404Z] [ESEB-LOG] DISPATCH: Virtual Thread #13 | Hash: 8024b6523745 | Status: ACTIVE
[2026-09-12T17:59:38.404Z] [ESEB-LOG] DISPATCH: Virtual Thread #14 | Hash: 76912e2723c3 | Status: ACTIVE
[2026-09-12T17:59:38.405Z] [ESEB-LOG] DISPATCH: Virtual Thread #15 | Hash: 991d55ffee07 | Status: ACTIVE
[2026-09-12T17:59:38.405Z] [ESEB-LOG] DISPATCH: Virtual Thread #16 | Hash: b923d7fda47b | Status: ACTIVE
[2026-09-12T17:59:38.405Z] [ESEB-LOG] DISPATCH: Virtual Thread #17 | Hash: ffe6000496ad | Status: ACTIVE
[2026-09-12T17:59:38.405Z] [ESEB-LOG] DISPATCH: Virtual Thread #18 | Hash: 467ec2e9a5de | Status: ACTIVE
[2026-09-12T17:59:38.405Z] [ESEB-LOG] DISPATCH: Virtual Thread #19 | Hash: b8c3b72e0726 | Status: ACTIVE
[2026-09-12T17:59:38.405Z] [ESEB-LOG] DISPATCH: Virtual Thread #20 | Hash: 4150217dc58c | Status: ACTIVE
[2026-09-12T17:59:38.405Z] [ESEB-LOG] DISPATCH: Virtual Thread #21 | Hash: 07c5ee068476 | Status: ACTIVE
[2026-09-12T17:59:38.405Z] [ESEB-LOG] DISPATCH: Virtual Thread #22 | Hash: caf4af7124fe | Status: ACTIVE
[2026-09-12T17:59:38.405Z] [ESEB-LOG] DISPATCH: Virtual Thread #23 | Hash: a4ba8421e5c1 | Status: ACTIVE
[2026-09-12T17:59:38.405Z] [ESEB-LOG] DISPATCH: Virtual Thread #24 | Hash: ae5ea0791212 | Status: ACTIVE
[2026-09-12T17:59:38.405Z] [ESEB-LOG] ESEB CLASSIC SUCCESS: Core Authenticated | V-STAMP-24 Verified.
[2026-09-12T17:59:38.405Z] [ESEB-LOG] END: Execution Completed. Sharded Virtual Threads Active: 24/24 | Entropy δ = 0.
[2026-09-12T21:51:43.423Z] [ESEB-LOG] START: Orchestration initialized for domain 8000kicks.donabico.com
[2026-09-12T21:51:43.424Z] [ESEB-LOG] ROUND-ROBIN SELECTOR: Active Node: GEMMA_7B (Context Enrichment & Smart Conversion)
[2026-09-12T21:51:53.517Z] [ESEB-LOG] AUTO-HEALED: Request timeout. Self-healing fallback engaged.
[2026-09-12T21:51:53.518Z] [ESEB-LOG] HASH SHARDING: Initializing mathematical hash mapping into 24 virtual threads...
[2026-09-12T21:51:53.518Z] [ESEB-LOG] HASH SHARDING SUCCESS: All 24 virtual sharded threads mapped & verified. Entropy δ = 0.
[2026-09-12T21:51:53.518Z] [ESEB-LOG] DISPATCH: Virtual Thread #1 | Hash: 1b22ef4ad110 | Status: ACTIVE
[2026-09-12T21:51:53.518Z] [ESEB-LOG] DISPATCH: Virtual Thread #2 | Hash: cf0ac0511308 | Status: ACTIVE
[2026-09-12T21:51:53.519Z] [ESEB-LOG] DISPATCH: Virtual Thread #3 | Hash: 54df47ff4400 | Status: ACTIVE
[2026-09-12T21:51:53.519Z] [ESEB-LOG] DISPATCH: Virtual Thread #4 | Hash: 577c1c581c6e | Status: ACTIVE
[2026-09-12T21:51:53.519Z] [ESEB-LOG] DISPATCH: Virtual Thread #5 | Hash: 01583df1610c | Status: ACTIVE
[2026-09-12T21:51:53.519Z] [ESEB-LOG] DISPATCH: Virtual Thread #6 | Hash: 02c6c39f4835 | Status: ACTIVE
[2026-09-12T21:51:53.519Z] [ESEB-LOG] DISPATCH: Virtual Thread #7 | Hash: 711c2be0c580 | Status: ACTIVE
[2026-09-12T21:51:53.519Z] [ESEB-LOG] DISPATCH: Virtual Thread #8 | Hash: f2f5ae1afc35 | Status: ACTIVE
[2026-09-12T21:51:53.519Z] [ESEB-LOG] DISPATCH: Virtual Thread #9 | Hash: 120335e9009c | Status: ACTIVE
[2026-09-12T21:51:53.519Z] [ESEB-LOG] DISPATCH: Virtual Thread #10 | Hash: 78b10ca08b58 | Status: ACTIVE
[2026-09-12T21:51:53.519Z] [ESEB-LOG] DISPATCH: Virtual Thread #11 | Hash: 5ab237eca17d | Status: ACTIVE
[2026-09-12T21:51:53.519Z] [ESEB-LOG] DISPATCH: Virtual Thread #12 | Hash: c612e62ab5d8 | Status: ACTIVE
[2026-09-12T21:51:53.519Z] [ESEB-LOG] DISPATCH: Virtual Thread #13 | Hash: 8ffd0cb58da1 | Status: ACTIVE
[2026-09-12T21:51:53.519Z] [ESEB-LOG] DISPATCH: Virtual Thread #14 | Hash: 1c3ccc6f786a | Status: ACTIVE
[2026-09-12T21:51:53.519Z] [ESEB-LOG] DISPATCH: Virtual Thread #15 | Hash: 724106ea5026 | Status: ACTIVE
[2026-09-12T21:51:53.519Z] [ESEB-LOG] DISPATCH: Virtual Thread #16 | Hash: c68bab3f6f7a | Status: ACTIVE
[2026-09-12T21:51:53.519Z] [ESEB-LOG] DISPATCH: Virtual Thread #17 | Hash: be0da580575e | Status: ACTIVE
[2026-09-12T21:51:53.519Z] [ESEB-LOG] DISPATCH: Virtual Thread #18 | Hash: acc0db067a6c | Status: ACTIVE
[2026-09-12T21:51:53.519Z] [ESEB-LOG] DISPATCH: Virtual Thread #19 | Hash: b8aa015c85af | Status: ACTIVE
[2026-09-12T21:51:53.519Z] [ESEB-LOG] DISPATCH: Virtual Thread #20 | Hash: acdb0b8cd655 | Status: ACTIVE
[2026-09-12T21:51:53.519Z] [ESEB-LOG] DISPATCH: Virtual Thread #21 | Hash: ebf75a67bbee | Status: ACTIVE
[2026-09-12T21:51:53.519Z] [ESEB-LOG] DISPATCH: Virtual Thread #22 | Hash: 73cc1e956ba6 | Status: ACTIVE
[2026-09-12T21:51:53.519Z] [ESEB-LOG] DISPATCH: Virtual Thread #23 | Hash: 7aa8982966a4 | Status: ACTIVE
[2026-09-12T21:51:53.519Z] [ESEB-LOG] DISPATCH: Virtual Thread #24 | Hash: f4e347fe7681 | Status: ACTIVE
[2026-09-12T21:51:53.519Z] [ESEB-LOG] ESEB CLASSIC SUCCESS: Core Authenticated | V-STAMP-24 Verified.
[2026-09-12T21:51:53.519Z] [ESEB-LOG] END: Execution Completed. Sharded Virtual Threads Active: 24/24 | Entropy δ = 0.
[2026-09-13T02:22:21.306Z] [ESEB-LOG] START: Orchestration initialized for domain 8000kicks.donabico.com
[2026-09-13T02:22:21.306Z] [ESEB-LOG] ROUND-ROBIN SELECTOR: Active Node: BGE_EMBEDDING (RAG Knowledge Vectorization)
[2026-09-13T02:22:21.556Z] [ESEB-LOG] SOTA SUCCESS: NODE [BGE_EMBEDDING] HTTP Status: 200 OK (Credit Preserved)
[2026-09-13T02:22:21.557Z] [ESEB-LOG] HASH SHARDING: Initializing mathematical hash mapping into 24 virtual threads...
[2026-09-13T02:22:21.558Z] [ESEB-LOG] HASH SHARDING SUCCESS: All 24 virtual sharded threads mapped & verified. Entropy δ = 0.
[2026-09-13T02:22:21.558Z] [ESEB-LOG] DISPATCH: Virtual Thread #1 | Hash: 4c1647093ba6 | Status: ACTIVE
[2026-09-13T02:22:21.558Z] [ESEB-LOG] DISPATCH: Virtual Thread #2 | Hash: c793b721cd04 | Status: ACTIVE
[2026-09-13T02:22:21.558Z] [ESEB-LOG] DISPATCH: Virtual Thread #3 | Hash: 0357d7aa74f2 | Status: ACTIVE
[2026-09-13T02:22:21.558Z] [ESEB-LOG] DISPATCH: Virtual Thread #4 | Hash: f3227b5b330a | Status: ACTIVE
[2026-09-13T02:22:21.558Z] [ESEB-LOG] DISPATCH: Virtual Thread #5 | Hash: 6189dc0414b3 | Status: ACTIVE
[2026-09-13T02:22:21.558Z] [ESEB-LOG] DISPATCH: Virtual Thread #6 | Hash: 38749e706ae0 | Status: ACTIVE
[2026-09-13T02:22:21.558Z] [ESEB-LOG] DISPATCH: Virtual Thread #7 | Hash: 16186d879394 | Status: ACTIVE
[2026-09-13T02:22:21.558Z] [ESEB-LOG] DISPATCH: Virtual Thread #8 | Hash: 22ccb5ceb1ea | Status: ACTIVE
[2026-09-13T02:22:21.558Z] [ESEB-LOG] DISPATCH: Virtual Thread #9 | Hash: 09b354258c30 | Status: ACTIVE
[2026-09-13T02:22:21.558Z] [ESEB-LOG] DISPATCH: Virtual Thread #10 | Hash: 4a3ef685a959 | Status: ACTIVE
[2026-09-13T02:22:21.558Z] [ESEB-LOG] DISPATCH: Virtual Thread #11 | Hash: 088fabf77202 | Status: ACTIVE
[2026-09-13T02:22:21.558Z] [ESEB-LOG] DISPATCH: Virtual Thread #12 | Hash: bf7e1b9f0ec5 | Status: ACTIVE
[2026-09-13T02:22:21.558Z] [ESEB-LOG] DISPATCH: Virtual Thread #13 | Hash: e4d192ef0461 | Status: ACTIVE
[2026-09-13T02:22:21.558Z] [ESEB-LOG] DISPATCH: Virtual Thread #14 | Hash: 657ea38e3670 | Status: ACTIVE
[2026-09-13T02:22:21.558Z] [ESEB-LOG] DISPATCH: Virtual Thread #15 | Hash: 4c0c5e71cee2 | Status: ACTIVE
[2026-09-13T02:22:21.558Z] [ESEB-LOG] DISPATCH: Virtual Thread #16 | Hash: 05e1ae1bff92 | Status: ACTIVE
[2026-09-13T02:22:21.558Z] [ESEB-LOG] DISPATCH: Virtual Thread #17 | Hash: d4b64c6578c0 | Status: ACTIVE
[2026-09-13T02:22:21.558Z] [ESEB-LOG] DISPATCH: Virtual Thread #18 | Hash: ee8a1a4dabbe | Status: ACTIVE
[2026-09-13T02:22:21.558Z] [ESEB-LOG] DISPATCH: Virtual Thread #19 | Hash: 47818779e05b | Status: ACTIVE
[2026-09-13T02:22:21.558Z] [ESEB-LOG] DISPATCH: Virtual Thread #20 | Hash: eca6e56ed04d | Status: ACTIVE
[2026-09-13T02:22:21.558Z] [ESEB-LOG] DISPATCH: Virtual Thread #21 | Hash: 49c7cc2982a6 | Status: ACTIVE
[2026-09-13T02:22:21.558Z] [ESEB-LOG] DISPATCH: Virtual Thread #22 | Hash: 2cf9fe2489b4 | Status: ACTIVE
[2026-09-13T02:22:21.558Z] [ESEB-LOG] DISPATCH: Virtual Thread #23 | Hash: 7cf25aa859ab | Status: ACTIVE
[2026-09-13T02:22:21.558Z] [ESEB-LOG] DISPATCH: Virtual Thread #24 | Hash: 559c86988b90 | Status: ACTIVE
[2026-09-13T02:22:21.558Z] [ESEB-LOG] ESEB CLASSIC SUCCESS: Core Authenticated | V-STAMP-24 Verified.
[2026-09-13T02:22:21.558Z] [ESEB-LOG] END: Execution Completed. Sharded Virtual Threads Active: 24/24 | Entropy δ = 0.
[2026-09-13T08:39:38.105Z] [ESEB-LOG] START: Orchestration initialized for domain 8000kicks.donabico.com
[2026-09-13T08:39:38.105Z] [ESEB-LOG] ROUND-ROBIN SELECTOR: Active Node: LLAMA_70B (Super Smart Intelligent Reviews & Deep Synthesis)
[2026-09-13T08:39:42.858Z] [ESEB-LOG] SOTA SUCCESS: NODE [LLAMA_70B] HTTP Status: 200 OK (Credit Preserved)
[2026-09-13T08:39:42.859Z] [ESEB-LOG] HASH SHARDING: Initializing mathematical hash mapping into 24 virtual threads...
[2026-09-13T08:39:42.860Z] [ESEB-LOG] HASH SHARDING SUCCESS: All 24 virtual sharded threads mapped & verified. Entropy δ = 0.
[2026-09-13T08:39:42.860Z] [ESEB-LOG] DISPATCH: Virtual Thread #1 | Hash: 367a5540de98 | Status: ACTIVE
[2026-09-13T08:39:42.860Z] [ESEB-LOG] DISPATCH: Virtual Thread #2 | Hash: b6d5680b86d1 | Status: ACTIVE
[2026-09-13T08:39:42.860Z] [ESEB-LOG] DISPATCH: Virtual Thread #3 | Hash: 77bbb9220ea7 | Status: ACTIVE
[2026-09-13T08:39:42.860Z] [ESEB-LOG] DISPATCH: Virtual Thread #4 | Hash: 1e326a6b2ea8 | Status: ACTIVE
[2026-09-13T08:39:42.860Z] [ESEB-LOG] DISPATCH: Virtual Thread #5 | Hash: 9279cd3027b5 | Status: ACTIVE
[2026-09-13T08:39:42.860Z] [ESEB-LOG] DISPATCH: Virtual Thread #6 | Hash: 3d6ddcc53205 | Status: ACTIVE
[2026-09-13T08:39:42.860Z] [ESEB-LOG] DISPATCH: Virtual Thread #7 | Hash: c0146b63ac6f | Status: ACTIVE
[2026-09-13T08:39:42.860Z] [ESEB-LOG] DISPATCH: Virtual Thread #8 | Hash: dca3d505318a | Status: ACTIVE
[2026-09-13T08:39:42.860Z] [ESEB-LOG] DISPATCH: Virtual Thread #9 | Hash: 4b4d9e014ada | Status: ACTIVE
[2026-09-13T08:39:42.860Z] [ESEB-LOG] DISPATCH: Virtual Thread #10 | Hash: 58d59d87c138 | Status: ACTIVE
[2026-09-13T08:39:42.860Z] [ESEB-LOG] DISPATCH: Virtual Thread #11 | Hash: f80141822b03 | Status: ACTIVE
[2026-09-13T08:39:42.860Z] [ESEB-LOG] DISPATCH: Virtual Thread #12 | Hash: 6a4bed8cb785 | Status: ACTIVE
[2026-09-13T08:39:42.860Z] [ESEB-LOG] DISPATCH: Virtual Thread #13 | Hash: a8874211ee31 | Status: ACTIVE
[2026-09-13T08:39:42.860Z] [ESEB-LOG] DISPATCH: Virtual Thread #14 | Hash: 6fc2d305f4e2 | Status: ACTIVE
[2026-09-13T08:39:42.860Z] [ESEB-LOG] DISPATCH: Virtual Thread #15 | Hash: 49b3dc05b9ed | Status: ACTIVE
[2026-09-13T08:39:42.860Z] [ESEB-LOG] DISPATCH: Virtual Thread #16 | Hash: cd9ff005e99c | Status: ACTIVE
[2026-09-13T08:39:42.860Z] [ESEB-LOG] DISPATCH: Virtual Thread #17 | Hash: 0fecfea90af5 | Status: ACTIVE
[2026-09-13T08:39:42.860Z] [ESEB-LOG] DISPATCH: Virtual Thread #18 | Hash: 56095eb75af7 | Status: ACTIVE
[2026-09-13T08:39:42.860Z] [ESEB-LOG] DISPATCH: Virtual Thread #19 | Hash: 4c9704b11973 | Status: ACTIVE
[2026-09-13T08:39:42.860Z] [ESEB-LOG] DISPATCH: Virtual Thread #20 | Hash: 0ad8b048492b | Status: ACTIVE
[2026-09-13T08:39:42.860Z] [ESEB-LOG] DISPATCH: Virtual Thread #21 | Hash: 53dd6b68e552 | Status: ACTIVE
[2026-09-13T08:39:42.860Z] [ESEB-LOG] DISPATCH: Virtual Thread #22 | Hash: 93faf49c8429 | Status: ACTIVE
[2026-09-13T08:39:42.860Z] [ESEB-LOG] DISPATCH: Virtual Thread #23 | Hash: 2bd88d255eb9 | Status: ACTIVE
[2026-09-13T08:39:42.860Z] [ESEB-LOG] DISPATCH: Virtual Thread #24 | Hash: 3bb7972271a0 | Status: ACTIVE
[2026-09-13T08:39:42.860Z] [ESEB-LOG] ESEB CLASSIC SUCCESS: Core Authenticated | V-STAMP-24 Verified.
[2026-09-13T08:39:42.860Z] [ESEB-LOG] END: Execution Completed. Sharded Virtual Threads Active: 24/24 | Entropy δ = 0.
[2026-09-13T15:22:53.190Z] [ESEB-LOG] START: Orchestration initialized for domain 8000kicks.donabico.com
[2026-09-13T15:22:53.191Z] [ESEB-LOG] ROUND-ROBIN SELECTOR: Active Node: LLAMA_8B (Rapid RAG Fallback & Smart Sourcing)
[2026-09-13T15:22:54.619Z] [ESEB-LOG] SOTA SUCCESS: NODE [LLAMA_8B] HTTP Status: 200 OK (Credit Preserved)
[2026-09-13T15:22:54.620Z] [ESEB-LOG] HASH SHARDING: Initializing mathematical hash mapping into 24 virtual threads...
[2026-09-13T15:22:54.621Z] [ESEB-LOG] HASH SHARDING SUCCESS: All 24 virtual sharded threads mapped & verified. Entropy δ = 0.
[2026-09-13T15:22:54.621Z] [ESEB-LOG] DISPATCH: Virtual Thread #1 | Hash: b4bb238e5d46 | Status: ACTIVE
[2026-09-13T15:22:54.621Z] [ESEB-LOG] DISPATCH: Virtual Thread #2 | Hash: 8c26dfa06f37 | Status: ACTIVE
[2026-09-13T15:22:54.621Z] [ESEB-LOG] DISPATCH: Virtual Thread #3 | Hash: 14a21b4e6d26 | Status: ACTIVE
[2026-09-13T15:22:54.621Z] [ESEB-LOG] DISPATCH: Virtual Thread #4 | Hash: 65c924935eda | Status: ACTIVE
[2026-09-13T15:22:54.621Z] [ESEB-LOG] DISPATCH: Virtual Thread #5 | Hash: acb773d34000 | Status: ACTIVE
[2026-09-13T15:22:54.621Z] [ESEB-LOG] DISPATCH: Virtual Thread #6 | Hash: 9de1eb87c7e0 | Status: ACTIVE
[2026-09-13T15:22:54.621Z] [ESEB-LOG] DISPATCH: Virtual Thread #7 | Hash: 006b053ecea5 | Status: ACTIVE
[2026-09-13T15:22:54.621Z] [ESEB-LOG] DISPATCH: Virtual Thread #8 | Hash: 695b92ebd100 | Status: ACTIVE
[2026-09-13T15:22:54.621Z] [ESEB-LOG] DISPATCH: Virtual Thread #9 | Hash: 71a948bf06d7 | Status: ACTIVE
[2026-09-13T15:22:54.621Z] [ESEB-LOG] DISPATCH: Virtual Thread #10 | Hash: bd9b61cb4e24 | Status: ACTIVE
[2026-09-13T15:22:54.621Z] [ESEB-LOG] DISPATCH: Virtual Thread #11 | Hash: b437866c90c8 | Status: ACTIVE
[2026-09-13T15:22:54.621Z] [ESEB-LOG] DISPATCH: Virtual Thread #12 | Hash: 0ed392c1e7a5 | Status: ACTIVE
[2026-09-13T15:22:54.621Z] [ESEB-LOG] DISPATCH: Virtual Thread #13 | Hash: f4b6429dfec3 | Status: ACTIVE
[2026-09-13T15:22:54.621Z] [ESEB-LOG] DISPATCH: Virtual Thread #14 | Hash: 91b977e8d5a3 | Status: ACTIVE
[2026-09-13T15:22:54.621Z] [ESEB-LOG] DISPATCH: Virtual Thread #15 | Hash: c896d6e8c5c1 | Status: ACTIVE
[2026-09-13T15:22:54.621Z] [ESEB-LOG] DISPATCH: Virtual Thread #16 | Hash: 1c5687fbebe9 | Status: ACTIVE
[2026-09-13T15:22:54.621Z] [ESEB-LOG] DISPATCH: Virtual Thread #17 | Hash: 75843175967a | Status: ACTIVE
[2026-09-13T15:22:54.621Z] [ESEB-LOG] DISPATCH: Virtual Thread #18 | Hash: dfacce1484da | Status: ACTIVE
[2026-09-13T15:22:54.621Z] [ESEB-LOG] DISPATCH: Virtual Thread #19 | Hash: 4f27c5fe7f48 | Status: ACTIVE
[2026-09-13T15:22:54.621Z] [ESEB-LOG] DISPATCH: Virtual Thread #20 | Hash: d56279f80c7f | Status: ACTIVE
[2026-09-13T15:22:54.621Z] [ESEB-LOG] DISPATCH: Virtual Thread #21 | Hash: 2946a78fbc0d | Status: ACTIVE
[2026-09-13T15:22:54.621Z] [ESEB-LOG] DISPATCH: Virtual Thread #22 | Hash: 061eaf3272d3 | Status: ACTIVE
[2026-09-13T15:22:54.621Z] [ESEB-LOG] DISPATCH: Virtual Thread #23 | Hash: 96b15089ead8 | Status: ACTIVE
[2026-09-13T15:22:54.621Z] [ESEB-LOG] DISPATCH: Virtual Thread #24 | Hash: b551114f1878 | Status: ACTIVE
[2026-09-13T15:22:54.621Z] [ESEB-LOG] ESEB CLASSIC SUCCESS: Core Authenticated | V-STAMP-24 Verified.
[2026-09-13T15:22:54.621Z] [ESEB-LOG] END: Execution Completed. Sharded Virtual Threads Active: 24/24 | Entropy δ = 0.
[2026-09-13T18:26:45.426Z] [ESEB-LOG] START: Orchestration initialized for domain 8000kicks.donabico.com
[2026-09-13T18:26:45.426Z] [ESEB-LOG] ROUND-ROBIN SELECTOR: Active Node: DEEPSEEK (Advanced Reasoning & GEO-SEO Optimization)
[2026-09-13T18:26:55.479Z] [ESEB-LOG] AUTO-HEALED: Request timeout. Self-healing fallback engaged.
[2026-09-13T18:26:55.480Z] [ESEB-LOG] HASH SHARDING: Initializing mathematical hash mapping into 24 virtual threads...
[2026-09-13T18:26:55.480Z] [ESEB-LOG] HASH SHARDING SUCCESS: All 24 virtual sharded threads mapped & verified. Entropy δ = 0.
[2026-09-13T18:26:55.480Z] [ESEB-LOG] DISPATCH: Virtual Thread #1 | Hash: 857e9548c97c | Status: ACTIVE
[2026-09-13T18:26:55.480Z] [ESEB-LOG] DISPATCH: Virtual Thread #2 | Hash: 42bbeb3b1fa8 | Status: ACTIVE
[2026-09-13T18:26:55.480Z] [ESEB-LOG] DISPATCH: Virtual Thread #3 | Hash: 4562212abad3 | Status: ACTIVE
[2026-09-13T18:26:55.480Z] [ESEB-LOG] DISPATCH: Virtual Thread #4 | Hash: c7e1bfb8dd26 | Status: ACTIVE
[2026-09-13T18:26:55.480Z] [ESEB-LOG] DISPATCH: Virtual Thread #5 | Hash: ac5c44cbcd35 | Status: ACTIVE
[2026-09-13T18:26:55.480Z] [ESEB-LOG] DISPATCH: Virtual Thread #6 | Hash: 021a7aef36c1 | Status: ACTIVE
[2026-09-13T18:26:55.480Z] [ESEB-LOG] DISPATCH: Virtual Thread #7 | Hash: 9f4c0d67e310 | Status: ACTIVE
[2026-09-13T18:26:55.480Z] [ESEB-LOG] DISPATCH: Virtual Thread #8 | Hash: 99e7eee890d8 | Status: ACTIVE
[2026-09-13T18:26:55.480Z] [ESEB-LOG] DISPATCH: Virtual Thread #9 | Hash: bc00dac7f147 | Status: ACTIVE
[2026-09-13T18:26:55.480Z] [ESEB-LOG] DISPATCH: Virtual Thread #10 | Hash: 5fe8dee1aaec | Status: ACTIVE
[2026-09-13T18:26:55.480Z] [ESEB-LOG] DISPATCH: Virtual Thread #11 | Hash: d6fe9cf3ae90 | Status: ACTIVE
[2026-09-13T18:26:55.480Z] [ESEB-LOG] DISPATCH: Virtual Thread #12 | Hash: b548c6dedfd0 | Status: ACTIVE
[2026-09-13T18:26:55.481Z] [ESEB-LOG] DISPATCH: Virtual Thread #13 | Hash: dddb3e2f5a61 | Status: ACTIVE
[2026-09-13T18:26:55.481Z] [ESEB-LOG] DISPATCH: Virtual Thread #14 | Hash: 375d4b5513f2 | Status: ACTIVE
[2026-09-13T18:26:55.481Z] [ESEB-LOG] DISPATCH: Virtual Thread #15 | Hash: 775eb1749458 | Status: ACTIVE
[2026-09-13T18:26:55.481Z] [ESEB-LOG] DISPATCH: Virtual Thread #16 | Hash: 675eb1d07b27 | Status: ACTIVE
[2026-09-13T18:26:55.481Z] [ESEB-LOG] DISPATCH: Virtual Thread #17 | Hash: 06d0674b533e | Status: ACTIVE
[2026-09-13T18:26:55.481Z] [ESEB-LOG] DISPATCH: Virtual Thread #18 | Hash: 8ee659b8d15a | Status: ACTIVE
[2026-09-13T18:26:55.481Z] [ESEB-LOG] DISPATCH: Virtual Thread #19 | Hash: 18aa77505eb9 | Status: ACTIVE
[2026-09-13T18:26:55.481Z] [ESEB-LOG] DISPATCH: Virtual Thread #20 | Hash: 4c29344d8dbc | Status: ACTIVE
[2026-09-13T18:26:55.481Z] [ESEB-LOG] DISPATCH: Virtual Thread #21 | Hash: c17c4acfb499 | Status: ACTIVE
[2026-09-13T18:26:55.481Z] [ESEB-LOG] DISPATCH: Virtual Thread #22 | Hash: 75edc60762a8 | Status: ACTIVE
[2026-09-13T18:26:55.481Z] [ESEB-LOG] DISPATCH: Virtual Thread #23 | Hash: 2123fc72332b | Status: ACTIVE
[2026-09-13T18:26:55.481Z] [ESEB-LOG] DISPATCH: Virtual Thread #24 | Hash: 0b441d2ac66d | Status: ACTIVE
[2026-09-13T18:26:55.481Z] [ESEB-LOG] ESEB CLASSIC SUCCESS: Core Authenticated | V-STAMP-24 Verified.
[2026-09-13T18:26:55.481Z] [ESEB-LOG] END: Execution Completed. Sharded Virtual Threads Active: 24/24 | Entropy δ = 0.
[2026-09-13T21:58:33.764Z] [ESEB-LOG] START: Orchestration initialized for domain 8000kicks.donabico.com
[2026-09-13T21:58:33.764Z] [ESEB-LOG] ROUND-ROBIN SELECTOR: Active Node: MISTRAL_7B (JSON-LD Schema & Structured Intelligence)
[2026-09-13T21:58:43.815Z] [ESEB-LOG] AUTO-HEALED: Request timeout. Self-healing fallback engaged.
[2026-09-13T21:58:43.815Z] [ESEB-LOG] HASH SHARDING: Initializing mathematical hash mapping into 24 virtual threads...
[2026-09-13T21:58:43.816Z] [ESEB-LOG] HASH SHARDING SUCCESS: All 24 virtual sharded threads mapped & verified. Entropy δ = 0.
[2026-09-13T21:58:43.816Z] [ESEB-LOG] DISPATCH: Virtual Thread #1 | Hash: b10e5b7b1857 | Status: ACTIVE
[2026-09-13T21:58:43.816Z] [ESEB-LOG] DISPATCH: Virtual Thread #2 | Hash: b63fe629df0d | Status: ACTIVE
[2026-09-13T21:58:43.816Z] [ESEB-LOG] DISPATCH: Virtual Thread #3 | Hash: 727df728ef42 | Status: ACTIVE
[2026-09-13T21:58:43.816Z] [ESEB-LOG] DISPATCH: Virtual Thread #4 | Hash: b6ef32a07fc3 | Status: ACTIVE
[2026-09-13T21:58:43.816Z] [ESEB-LOG] DISPATCH: Virtual Thread #5 | Hash: 927a1e3e8238 | Status: ACTIVE
[2026-09-13T21:58:43.816Z] [ESEB-LOG] DISPATCH: Virtual Thread #6 | Hash: 060095d8e407 | Status: ACTIVE
[2026-09-13T21:58:43.816Z] [ESEB-LOG] DISPATCH: Virtual Thread #7 | Hash: 14e7ffd00cd1 | Status: ACTIVE
[2026-09-13T21:58:43.816Z] [ESEB-LOG] DISPATCH: Virtual Thread #8 | Hash: 7f0181c2933e | Status: ACTIVE
[2026-09-13T21:58:43.816Z] [ESEB-LOG] DISPATCH: Virtual Thread #9 | Hash: 568e453739b7 | Status: ACTIVE
[2026-09-13T21:58:43.816Z] [ESEB-LOG] DISPATCH: Virtual Thread #10 | Hash: 80798607a090 | Status: ACTIVE
[2026-09-13T21:58:43.816Z] [ESEB-LOG] DISPATCH: Virtual Thread #11 | Hash: 08e813759b69 | Status: ACTIVE
[2026-09-13T21:58:43.816Z] [ESEB-LOG] DISPATCH: Virtual Thread #12 | Hash: 77d1ab7de8cb | Status: ACTIVE
[2026-09-13T21:58:43.816Z] [ESEB-LOG] DISPATCH: Virtual Thread #13 | Hash: 82000755dc68 | Status: ACTIVE
[2026-09-13T21:58:43.816Z] [ESEB-LOG] DISPATCH: Virtual Thread #14 | Hash: 9d3311993331 | Status: ACTIVE
[2026-09-13T21:58:43.816Z] [ESEB-LOG] DISPATCH: Virtual Thread #15 | Hash: f7d334763c9c | Status: ACTIVE
[2026-09-13T21:58:43.816Z] [ESEB-LOG] DISPATCH: Virtual Thread #16 | Hash: 05ce5634278d | Status: ACTIVE
[2026-09-13T21:58:43.816Z] [ESEB-LOG] DISPATCH: Virtual Thread #17 | Hash: 8c49d0a6db52 | Status: ACTIVE
[2026-09-13T21:58:43.816Z] [ESEB-LOG] DISPATCH: Virtual Thread #18 | Hash: f3e7304d8318 | Status: ACTIVE
[2026-09-13T21:58:43.816Z] [ESEB-LOG] DISPATCH: Virtual Thread #19 | Hash: c6479607d7fe | Status: ACTIVE
[2026-09-13T21:58:43.816Z] [ESEB-LOG] DISPATCH: Virtual Thread #20 | Hash: 23c3f07807ad | Status: ACTIVE
[2026-09-13T21:58:43.816Z] [ESEB-LOG] DISPATCH: Virtual Thread #21 | Hash: 92f5781e163d | Status: ACTIVE
[2026-09-13T21:58:43.816Z] [ESEB-LOG] DISPATCH: Virtual Thread #22 | Hash: 61c324db87a1 | Status: ACTIVE
[2026-09-13T21:58:43.816Z] [ESEB-LOG] DISPATCH: Virtual Thread #23 | Hash: 05c045093a79 | Status: ACTIVE
[2026-09-13T21:58:43.816Z] [ESEB-LOG] DISPATCH: Virtual Thread #24 | Hash: 271c835c89c2 | Status: ACTIVE
[2026-09-13T21:58:43.816Z] [ESEB-LOG] ESEB CLASSIC SUCCESS: Core Authenticated | V-STAMP-24 Verified.
[2026-09-13T21:58:43.817Z] [ESEB-LOG] END: Execution Completed. Sharded Virtual Threads Active: 24/24 | Entropy δ = 0.
[2026-09-14T02:39:22.328Z] [ESEB-LOG] START: Orchestration initialized for domain 8000kicks.donabico.com
[2026-09-14T02:39:22.328Z] [ESEB-LOG] ROUND-ROBIN SELECTOR: Active Node: LLAMA_3B (Edge Ultra-Fast Localization)
[2026-09-14T02:39:23.470Z] [ESEB-LOG] SOTA SUCCESS: NODE [LLAMA_3B] HTTP Status: 200 OK (Credit Preserved)
[2026-09-14T02:39:23.471Z] [ESEB-LOG] HASH SHARDING: Initializing mathematical hash mapping into 24 virtual threads...
[2026-09-14T02:39:23.472Z] [ESEB-LOG] HASH SHARDING SUCCESS: All 24 virtual sharded threads mapped & verified. Entropy δ = 0.
[2026-09-14T02:39:23.472Z] [ESEB-LOG] DISPATCH: Virtual Thread #1 | Hash: f5cdc9a7a95c | Status: ACTIVE
[2026-09-14T02:39:23.472Z] [ESEB-LOG] DISPATCH: Virtual Thread #2 | Hash: 40546b9a66c0 | Status: ACTIVE
[2026-09-14T02:39:23.472Z] [ESEB-LOG] DISPATCH: Virtual Thread #3 | Hash: e26144518789 | Status: ACTIVE
[2026-09-14T02:39:23.472Z] [ESEB-LOG] DISPATCH: Virtual Thread #4 | Hash: cfc05e816c5f | Status: ACTIVE
[2026-09-14T02:39:23.472Z] [ESEB-LOG] DISPATCH: Virtual Thread #5 | Hash: 4775895bcb33 | Status: ACTIVE
[2026-09-14T02:39:23.472Z] [ESEB-LOG] DISPATCH: Virtual Thread #6 | Hash: 2029774b40a7 | Status: ACTIVE
[2026-09-14T02:39:23.472Z] [ESEB-LOG] DISPATCH: Virtual Thread #7 | Hash: d2466ab0dff3 | Status: ACTIVE
[2026-09-14T02:39:23.472Z] [ESEB-LOG] DISPATCH: Virtual Thread #8 | Hash: b84c5094bb42 | Status: ACTIVE
[2026-09-14T02:39:23.472Z] [ESEB-LOG] DISPATCH: Virtual Thread #9 | Hash: 20445d655e8f | Status: ACTIVE
[2026-09-14T02:39:23.472Z] [ESEB-LOG] DISPATCH: Virtual Thread #10 | Hash: 3f9f84d58003 | Status: ACTIVE
[2026-09-14T02:39:23.472Z] [ESEB-LOG] DISPATCH: Virtual Thread #11 | Hash: 506bbd09108a | Status: ACTIVE
[2026-09-14T02:39:23.472Z] [ESEB-LOG] DISPATCH: Virtual Thread #12 | Hash: 83a2f2af2f1c | Status: ACTIVE
[2026-09-14T02:39:23.472Z] [ESEB-LOG] DISPATCH: Virtual Thread #13 | Hash: 3722c9af412e | Status: ACTIVE
[2026-09-14T02:39:23.472Z] [ESEB-LOG] DISPATCH: Virtual Thread #14 | Hash: d3d20752a78f | Status: ACTIVE
[2026-09-14T02:39:23.472Z] [ESEB-LOG] DISPATCH: Virtual Thread #15 | Hash: f7212425653e | Status: ACTIVE
[2026-09-14T02:39:23.472Z] [ESEB-LOG] DISPATCH: Virtual Thread #16 | Hash: b221717a2cfc | Status: ACTIVE
[2026-09-14T02:39:23.472Z] [ESEB-LOG] DISPATCH: Virtual Thread #17 | Hash: 0e126d96e1f3 | Status: ACTIVE
[2026-09-14T02:39:23.472Z] [ESEB-LOG] DISPATCH: Virtual Thread #18 | Hash: 6a0685a85d79 | Status: ACTIVE
[2026-09-14T02:39:23.472Z] [ESEB-LOG] DISPATCH: Virtual Thread #19 | Hash: 02f404b3d5cb | Status: ACTIVE
[2026-09-14T02:39:23.472Z] [ESEB-LOG] DISPATCH: Virtual Thread #20 | Hash: d3254b2f3ee3 | Status: ACTIVE
[2026-09-14T02:39:23.472Z] [ESEB-LOG] DISPATCH: Virtual Thread #21 | Hash: c9d96bf5c9d8 | Status: ACTIVE
[2026-09-14T02:39:23.472Z] [ESEB-LOG] DISPATCH: Virtual Thread #22 | Hash: b28f49a1428f | Status: ACTIVE
[2026-09-14T02:39:23.472Z] [ESEB-LOG] DISPATCH: Virtual Thread #23 | Hash: f8ec48bdf03e | Status: ACTIVE
[2026-09-14T02:39:23.472Z] [ESEB-LOG] DISPATCH: Virtual Thread #24 | Hash: f7490daab8fd | Status: ACTIVE
[2026-09-14T02:39:23.472Z] [ESEB-LOG] ESEB CLASSIC SUCCESS: Core Authenticated | V-STAMP-24 Verified.
[2026-09-14T02:39:23.473Z] [ESEB-LOG] END: Execution Completed. Sharded Virtual Threads Active: 24/24 | Entropy δ = 0.
[2026-09-14T09:25:12.444Z] [ESEB-LOG] START: Orchestration initialized for domain 8000kicks.donabico.com
[2026-09-14T09:25:12.444Z] [ESEB-LOG] ROUND-ROBIN SELECTOR: Active Node: BGE_EMBEDDING (RAG Knowledge Vectorization)
[2026-09-14T09:25:12.720Z] [ESEB-LOG] SOTA SUCCESS: NODE [BGE_EMBEDDING] HTTP Status: 200 OK (Credit Preserved)
[2026-09-14T09:25:12.721Z] [ESEB-LOG] HASH SHARDING: Initializing mathematical hash mapping into 24 virtual threads...
[2026-09-14T09:25:12.721Z] [ESEB-LOG] HASH SHARDING SUCCESS: All 24 virtual sharded threads mapped & verified. Entropy δ = 0.
[2026-09-14T09:25:12.721Z] [ESEB-LOG] DISPATCH: Virtual Thread #1 | Hash: e16615f62c07 | Status: ACTIVE
[2026-09-14T09:25:12.721Z] [ESEB-LOG] DISPATCH: Virtual Thread #2 | Hash: 0b4a87762668 | Status: ACTIVE
[2026-09-14T09:25:12.721Z] [ESEB-LOG] DISPATCH: Virtual Thread #3 | Hash: 20f650eb67a1 | Status: ACTIVE
[2026-09-14T09:25:12.722Z] [ESEB-LOG] DISPATCH: Virtual Thread #4 | Hash: 53327c63d213 | Status: ACTIVE
[2026-09-14T09:25:12.722Z] [ESEB-LOG] DISPATCH: Virtual Thread #5 | Hash: 133bb785e231 | Status: ACTIVE
[2026-09-14T09:25:12.722Z] [ESEB-LOG] DISPATCH: Virtual Thread #6 | Hash: 6ba38324ccff | Status: ACTIVE
[2026-09-14T09:25:12.722Z] [ESEB-LOG] DISPATCH: Virtual Thread #7 | Hash: fd2389046cfd | Status: ACTIVE
[2026-09-14T09:25:12.722Z] [ESEB-LOG] DISPATCH: Virtual Thread #8 | Hash: b05d301ceda5 | Status: ACTIVE
[2026-09-14T09:25:12.722Z] [ESEB-LOG] DISPATCH: Virtual Thread #9 | Hash: 3578c82ff192 | Status: ACTIVE
[2026-09-14T09:25:12.722Z] [ESEB-LOG] DISPATCH: Virtual Thread #10 | Hash: 3472582a3f02 | Status: ACTIVE
[2026-09-14T09:25:12.722Z] [ESEB-LOG] DISPATCH: Virtual Thread #11 | Hash: 292e2ad15f0b | Status: ACTIVE
[2026-09-14T09:25:12.722Z] [ESEB-LOG] DISPATCH: Virtual Thread #12 | Hash: f3802cdf2d7e | Status: ACTIVE
[2026-09-14T09:25:12.722Z] [ESEB-LOG] DISPATCH: Virtual Thread #13 | Hash: 3c42380a2a0b | Status: ACTIVE
[2026-09-14T09:25:12.722Z] [ESEB-LOG] DISPATCH: Virtual Thread #14 | Hash: 7e17ee4133b5 | Status: ACTIVE
[2026-09-14T09:25:12.722Z] [ESEB-LOG] DISPATCH: Virtual Thread #15 | Hash: 0f8550b467f9 | Status: ACTIVE
[2026-09-14T09:25:12.722Z] [ESEB-LOG] DISPATCH: Virtual Thread #16 | Hash: c19abe782f81 | Status: ACTIVE
[2026-09-14T09:25:12.722Z] [ESEB-LOG] DISPATCH: Virtual Thread #17 | Hash: 65a1f647513e | Status: ACTIVE
[2026-09-14T09:25:12.722Z] [ESEB-LOG] DISPATCH: Virtual Thread #18 | Hash: 0eed18402e90 | Status: ACTIVE
[2026-09-14T09:25:12.722Z] [ESEB-LOG] DISPATCH: Virtual Thread #19 | Hash: bae67c9bf92a | Status: ACTIVE
[2026-09-14T09:25:12.722Z] [ESEB-LOG] DISPATCH: Virtual Thread #20 | Hash: 30ea4518d563 | Status: ACTIVE
[2026-09-14T09:25:12.722Z] [ESEB-LOG] DISPATCH: Virtual Thread #21 | Hash: d1e7e18ceaba | Status: ACTIVE
[2026-09-14T09:25:12.722Z] [ESEB-LOG] DISPATCH: Virtual Thread #22 | Hash: 5daf759a8c5d | Status: ACTIVE
[2026-09-14T09:25:12.722Z] [ESEB-LOG] DISPATCH: Virtual Thread #23 | Hash: 05b2b59f00b0 | Status: ACTIVE
[2026-09-14T09:25:12.722Z] [ESEB-LOG] DISPATCH: Virtual Thread #24 | Hash: 378662c7661a | Status: ACTIVE
[2026-09-14T09:25:12.722Z] [ESEB-LOG] ESEB CLASSIC SUCCESS: Core Authenticated | V-STAMP-24 Verified.
[2026-09-14T09:25:12.722Z] [ESEB-LOG] END: Execution Completed. Sharded Virtual Threads Active: 24/24 | Entropy δ = 0.
[2026-09-14T17:19:30.493Z] [ESEB-LOG] START: Orchestration initialized for domain 8000kicks.donabico.com
[2026-09-14T17:19:30.493Z] [ESEB-LOG] ROUND-ROBIN SELECTOR: Active Node: LLAMA_70B (Super Smart Intelligent Reviews & Deep Synthesis)
[2026-09-14T17:19:36.688Z] [ESEB-LOG] SOTA SUCCESS: NODE [LLAMA_70B] HTTP Status: 200 OK (Credit Preserved)
[2026-09-14T17:19:36.689Z] [ESEB-LOG] HASH SHARDING: Initializing mathematical hash mapping into 24 virtual threads...
[2026-09-14T17:19:36.689Z] [ESEB-LOG] HASH SHARDING SUCCESS: All 24 virtual sharded threads mapped & verified. Entropy δ = 0.
[2026-09-14T17:19:36.689Z] [ESEB-LOG] DISPATCH: Virtual Thread #1 | Hash: 8bdd9383ff10 | Status: ACTIVE
[2026-09-14T17:19:36.689Z] [ESEB-LOG] DISPATCH: Virtual Thread #2 | Hash: bfdabc66346e | Status: ACTIVE
[2026-09-14T17:19:36.689Z] [ESEB-LOG] DISPATCH: Virtual Thread #3 | Hash: 0949f0eb948a | Status: ACTIVE
[2026-09-14T17:19:36.689Z] [ESEB-LOG] DISPATCH: Virtual Thread #4 | Hash: 764f7fdb9d49 | Status: ACTIVE
[2026-09-14T17:19:36.689Z] [ESEB-LOG] DISPATCH: Virtual Thread #5 | Hash: 96363b5aca65 | Status: ACTIVE
[2026-09-14T17:19:36.689Z] [ESEB-LOG] DISPATCH: Virtual Thread #6 | Hash: 30354b8908ba | Status: ACTIVE
[2026-09-14T17:19:36.689Z] [ESEB-LOG] DISPATCH: Virtual Thread #7 | Hash: 13c97dec230a | Status: ACTIVE
[2026-09-14T17:19:36.689Z] [ESEB-LOG] DISPATCH: Virtual Thread #8 | Hash: b8209f1b9758 | Status: ACTIVE
[2026-09-14T17:19:36.689Z] [ESEB-LOG] DISPATCH: Virtual Thread #9 | Hash: 90aed1e30bf9 | Status: ACTIVE
[2026-09-14T17:19:36.689Z] [ESEB-LOG] DISPATCH: Virtual Thread #10 | Hash: 20e273421c6f | Status: ACTIVE
[2026-09-14T17:19:36.689Z] [ESEB-LOG] DISPATCH: Virtual Thread #11 | Hash: 415af71378d5 | Status: ACTIVE
[2026-09-14T17:19:36.689Z] [ESEB-LOG] DISPATCH: Virtual Thread #12 | Hash: 8866dd75603d | Status: ACTIVE
[2026-09-14T17:19:36.690Z] [ESEB-LOG] DISPATCH: Virtual Thread #13 | Hash: ad1cb74fcae9 | Status: ACTIVE
[2026-09-14T17:19:36.690Z] [ESEB-LOG] DISPATCH: Virtual Thread #14 | Hash: 9f39c1054378 | Status: ACTIVE
[2026-09-14T17:19:36.690Z] [ESEB-LOG] DISPATCH: Virtual Thread #15 | Hash: 75eb4e99ae14 | Status: ACTIVE
[2026-09-14T17:19:36.690Z] [ESEB-LOG] DISPATCH: Virtual Thread #16 | Hash: 9ba4c15c5d16 | Status: ACTIVE
[2026-09-14T17:19:36.690Z] [ESEB-LOG] DISPATCH: Virtual Thread #17 | Hash: 937f0905a790 | Status: ACTIVE
[2026-09-14T17:19:36.690Z] [ESEB-LOG] DISPATCH: Virtual Thread #18 | Hash: 5709667051a5 | Status: ACTIVE
[2026-09-14T17:19:36.690Z] [ESEB-LOG] DISPATCH: Virtual Thread #19 | Hash: 721019f54dd3 | Status: ACTIVE
[2026-09-14T17:19:36.690Z] [ESEB-LOG] DISPATCH: Virtual Thread #20 | Hash: 19daa7351c94 | Status: ACTIVE
[2026-09-14T17:19:36.690Z] [ESEB-LOG] DISPATCH: Virtual Thread #21 | Hash: 5731b1fb3c05 | Status: ACTIVE
[2026-09-14T17:19:36.690Z] [ESEB-LOG] DISPATCH: Virtual Thread #22 | Hash: 069834782a73 | Status: ACTIVE
[2026-09-14T17:19:36.690Z] [ESEB-LOG] DISPATCH: Virtual Thread #23 | Hash: f32923eae81b | Status: ACTIVE
[2026-09-14T17:19:36.690Z] [ESEB-LOG] DISPATCH: Virtual Thread #24 | Hash: e1ea1d6bf8c3 | Status: ACTIVE
[2026-09-14T17:19:36.690Z] [ESEB-LOG] ESEB CLASSIC SUCCESS: Core Authenticated | V-STAMP-24 Verified.
[2026-09-14T17:19:36.690Z] [ESEB-LOG] END: Execution Completed. Sharded Virtual Threads Active: 24/24 | Entropy δ = 0.
[2026-09-14T22:53:11.266Z] [ESEB-LOG] START: Orchestration initialized for domain 8000kicks.donabico.com
[2026-09-14T22:53:11.266Z] [ESEB-LOG] ROUND-ROBIN SELECTOR: Active Node: LLAMA_8B (Rapid RAG Fallback & Smart Sourcing)
[2026-09-14T22:53:12.600Z] [ESEB-LOG] SOTA SUCCESS: NODE [LLAMA_8B] HTTP Status: 200 OK (Credit Preserved)
[2026-09-14T22:53:12.601Z] [ESEB-LOG] HASH SHARDING: Initializing mathematical hash mapping into 24 virtual threads...
[2026-09-14T22:53:12.602Z] [ESEB-LOG] HASH SHARDING SUCCESS: All 24 virtual sharded threads mapped & verified. Entropy δ = 0.
[2026-09-14T22:53:12.602Z] [ESEB-LOG] DISPATCH: Virtual Thread #1 | Hash: e919dc69762a | Status: ACTIVE
[2026-09-14T22:53:12.602Z] [ESEB-LOG] DISPATCH: Virtual Thread #2 | Hash: 1a8be7f7a843 | Status: ACTIVE
[2026-09-14T22:53:12.602Z] [ESEB-LOG] DISPATCH: Virtual Thread #3 | Hash: dc1f454540cb | Status: ACTIVE
[2026-09-14T22:53:12.602Z] [ESEB-LOG] DISPATCH: Virtual Thread #4 | Hash: 5649b3f4e477 | Status: ACTIVE
[2026-09-14T22:53:12.602Z] [ESEB-LOG] DISPATCH: Virtual Thread #5 | Hash: 4087b62d20a5 | Status: ACTIVE
[2026-09-14T22:53:12.602Z] [ESEB-LOG] DISPATCH: Virtual Thread #6 | Hash: f0729bef21e4 | Status: ACTIVE
[2026-09-14T22:53:12.602Z] [ESEB-LOG] DISPATCH: Virtual Thread #7 | Hash: 55639c4b3311 | Status: ACTIVE
[2026-09-14T22:53:12.602Z] [ESEB-LOG] DISPATCH: Virtual Thread #8 | Hash: 5b6c41ac4c91 | Status: ACTIVE
[2026-09-14T22:53:12.602Z] [ESEB-LOG] DISPATCH: Virtual Thread #9 | Hash: 094e0cbafe6e | Status: ACTIVE
[2026-09-14T22:53:12.602Z] [ESEB-LOG] DISPATCH: Virtual Thread #10 | Hash: 48b6110771e9 | Status: ACTIVE
[2026-09-14T22:53:12.602Z] [ESEB-LOG] DISPATCH: Virtual Thread #11 | Hash: 75a1e5e605f3 | Status: ACTIVE
[2026-09-14T22:53:12.602Z] [ESEB-LOG] DISPATCH: Virtual Thread #12 | Hash: 22dad9dc237a | Status: ACTIVE
[2026-09-14T22:53:12.602Z] [ESEB-LOG] DISPATCH: Virtual Thread #13 | Hash: 52193d5e3f81 | Status: ACTIVE
[2026-09-14T22:53:12.602Z] [ESEB-LOG] DISPATCH: Virtual Thread #14 | Hash: 9387e1be1583 | Status: ACTIVE
[2026-09-14T22:53:12.602Z] [ESEB-LOG] DISPATCH: Virtual Thread #15 | Hash: a5404472086d | Status: ACTIVE
[2026-09-14T22:53:12.602Z] [ESEB-LOG] DISPATCH: Virtual Thread #16 | Hash: 2b9b0d1a9f1b | Status: ACTIVE
[2026-09-14T22:53:12.602Z] [ESEB-LOG] DISPATCH: Virtual Thread #17 | Hash: 3962ec727e47 | Status: ACTIVE
[2026-09-14T22:53:12.602Z] [ESEB-LOG] DISPATCH: Virtual Thread #18 | Hash: 37f19a96f82a | Status: ACTIVE
[2026-09-14T22:53:12.602Z] [ESEB-LOG] DISPATCH: Virtual Thread #19 | Hash: fa5f6897fcb8 | Status: ACTIVE
[2026-09-14T22:53:12.602Z] [ESEB-LOG] DISPATCH: Virtual Thread #20 | Hash: dd0f9c68c425 | Status: ACTIVE
[2026-09-14T22:53:12.602Z] [ESEB-LOG] DISPATCH: Virtual Thread #21 | Hash: 11a883322b0d | Status: ACTIVE
[2026-09-14T22:53:12.602Z] [ESEB-LOG] DISPATCH: Virtual Thread #22 | Hash: 35de5160b779 | Status: ACTIVE
[2026-09-14T22:53:12.602Z] [ESEB-LOG] DISPATCH: Virtual Thread #23 | Hash: 21900b00a713 | Status: ACTIVE
[2026-09-14T22:53:12.602Z] [ESEB-LOG] DISPATCH: Virtual Thread #24 | Hash: b2f52b1af61c | Status: ACTIVE
[2026-09-14T22:53:12.602Z] [ESEB-LOG] ESEB CLASSIC SUCCESS: Core Authenticated | V-STAMP-24 Verified.
[2026-09-14T22:53:12.602Z] [ESEB-LOG] END: Execution Completed. Sharded Virtual Threads Active: 24/24 | Entropy δ = 0.
[2026-09-15T02:42:38.075Z] [ESEB-LOG] START: Orchestration initialized for domain 8000kicks.donabico.com
[2026-09-15T02:42:38.075Z] [ESEB-LOG] ROUND-ROBIN SELECTOR: Active Node: DEEPSEEK (Advanced Reasoning & GEO-SEO Optimization)
[2026-09-15T02:42:48.136Z] [ESEB-LOG] AUTO-HEALED: Request timeout. Self-healing fallback engaged.
[2026-09-15T02:42:48.136Z] [ESEB-LOG] HASH SHARDING: Initializing mathematical hash mapping into 24 virtual threads...
[2026-09-15T02:42:48.136Z] [ESEB-LOG] HASH SHARDING SUCCESS: All 24 virtual sharded threads mapped & verified. Entropy δ = 0.
[2026-09-15T02:42:48.136Z] [ESEB-LOG] DISPATCH: Virtual Thread #1 | Hash: 7a77f606d74c | Status: ACTIVE
[2026-09-15T02:42:48.136Z] [ESEB-LOG] DISPATCH: Virtual Thread #2 | Hash: 4b1757f51e54 | Status: ACTIVE
[2026-09-15T02:42:48.136Z] [ESEB-LOG] DISPATCH: Virtual Thread #3 | Hash: 293f3ca2c424 | Status: ACTIVE
[2026-09-15T02:42:48.136Z] [ESEB-LOG] DISPATCH: Virtual Thread #4 | Hash: c1b5e1fa3641 | Status: ACTIVE
[2026-09-15T02:42:48.136Z] [ESEB-LOG] DISPATCH: Virtual Thread #5 | Hash: 92d147df8370 | Status: ACTIVE
[2026-09-15T02:42:48.137Z] [ESEB-LOG] DISPATCH: Virtual Thread #6 | Hash: 3329afba94c9 | Status: ACTIVE
[2026-09-15T02:42:48.137Z] [ESEB-LOG] DISPATCH: Virtual Thread #7 | Hash: 0a283eaed696 | Status: ACTIVE
[2026-09-15T02:42:48.137Z] [ESEB-LOG] DISPATCH: Virtual Thread #8 | Hash: b2258be1438c | Status: ACTIVE
[2026-09-15T02:42:48.137Z] [ESEB-LOG] DISPATCH: Virtual Thread #9 | Hash: 56180a2cf0b4 | Status: ACTIVE
[2026-09-15T02:42:48.137Z] [ESEB-LOG] DISPATCH: Virtual Thread #10 | Hash: e00172ad821e | Status: ACTIVE
[2026-09-15T02:42:48.137Z] [ESEB-LOG] DISPATCH: Virtual Thread #11 | Hash: b3de0536d56a | Status: ACTIVE
[2026-09-15T02:42:48.137Z] [ESEB-LOG] DISPATCH: Virtual Thread #12 | Hash: 5fac614db091 | Status: ACTIVE
[2026-09-15T02:42:48.137Z] [ESEB-LOG] DISPATCH: Virtual Thread #13 | Hash: 5c1ca8b3873d | Status: ACTIVE
[2026-09-15T02:42:48.137Z] [ESEB-LOG] DISPATCH: Virtual Thread #14 | Hash: 9bf8e6f24b3f | Status: ACTIVE
[2026-09-15T02:42:48.137Z] [ESEB-LOG] DISPATCH: Virtual Thread #15 | Hash: 7f09ab4f77b7 | Status: ACTIVE
[2026-09-15T02:42:48.137Z] [ESEB-LOG] DISPATCH: Virtual Thread #16 | Hash: fd1fc8ae325f | Status: ACTIVE
[2026-09-15T02:42:48.137Z] [ESEB-LOG] DISPATCH: Virtual Thread #17 | Hash: 20398dff8426 | Status: ACTIVE
[2026-09-15T02:42:48.137Z] [ESEB-LOG] DISPATCH: Virtual Thread #18 | Hash: e20848791c1c | Status: ACTIVE
[2026-09-15T02:42:48.137Z] [ESEB-LOG] DISPATCH: Virtual Thread #19 | Hash: 1389464677aa | Status: ACTIVE
[2026-09-15T02:42:48.137Z] [ESEB-LOG] DISPATCH: Virtual Thread #20 | Hash: 582e61da7bb3 | Status: ACTIVE
[2026-09-15T02:42:48.137Z] [ESEB-LOG] DISPATCH: Virtual Thread #21 | Hash: b68922803d27 | Status: ACTIVE
[2026-09-15T02:42:48.137Z] [ESEB-LOG] DISPATCH: Virtual Thread #22 | Hash: f68ad8f2377c | Status: ACTIVE
[2026-09-15T02:42:48.137Z] [ESEB-LOG] DISPATCH: Virtual Thread #23 | Hash: 5b7a74387df2 | Status: ACTIVE
[2026-09-15T02:42:48.137Z] [ESEB-LOG] DISPATCH: Virtual Thread #24 | Hash: 103da399e085 | Status: ACTIVE
[2026-09-15T02:42:48.137Z] [ESEB-LOG] ESEB CLASSIC SUCCESS: Core Authenticated | V-STAMP-24 Verified.
[2026-09-15T02:42:48.137Z] [ESEB-LOG] END: Execution Completed. Sharded Virtual Threads Active: 24/24 | Entropy δ = 0.
[2026-09-15T09:05:25.988Z] [ESEB-LOG] START: Orchestration initialized for domain 8000kicks.donabico.com
[2026-09-15T09:05:25.988Z] [ESEB-LOG] ROUND-ROBIN SELECTOR: Active Node: LLAMA_3B (Edge Ultra-Fast Localization)
[2026-09-15T09:05:27.402Z] [ESEB-LOG] SOTA SUCCESS: NODE [LLAMA_3B] HTTP Status: 200 OK (Credit Preserved)
[2026-09-15T09:05:27.403Z] [ESEB-LOG] HASH SHARDING: Initializing mathematical hash mapping into 24 virtual threads...
[2026-09-15T09:05:27.403Z] [ESEB-LOG] HASH SHARDING SUCCESS: All 24 virtual sharded threads mapped & verified. Entropy δ = 0.
[2026-09-15T09:05:27.403Z] [ESEB-LOG] DISPATCH: Virtual Thread #1 | Hash: 83cabc5bdb0c | Status: ACTIVE
[2026-09-15T09:05:27.404Z] [ESEB-LOG] DISPATCH: Virtual Thread #2 | Hash: ebf4fcfee72a | Status: ACTIVE
[2026-09-15T09:05:27.404Z] [ESEB-LOG] DISPATCH: Virtual Thread #3 | Hash: 7c3a8ec0e6c3 | Status: ACTIVE
[2026-09-15T09:05:27.404Z] [ESEB-LOG] DISPATCH: Virtual Thread #4 | Hash: eed985a39877 | Status: ACTIVE
[2026-09-15T09:05:27.404Z] [ESEB-LOG] DISPATCH: Virtual Thread #5 | Hash: 00d627df9863 | Status: ACTIVE
[2026-09-15T09:05:27.404Z] [ESEB-LOG] DISPATCH: Virtual Thread #6 | Hash: 372016db88c4 | Status: ACTIVE
[2026-09-15T09:05:27.404Z] [ESEB-LOG] DISPATCH: Virtual Thread #7 | Hash: 3d449daad27e | Status: ACTIVE
[2026-09-15T09:05:27.404Z] [ESEB-LOG] DISPATCH: Virtual Thread #8 | Hash: 57be8a263189 | Status: ACTIVE
[2026-09-15T09:05:27.404Z] [ESEB-LOG] DISPATCH: Virtual Thread #9 | Hash: 247ee379fa61 | Status: ACTIVE
[2026-09-15T09:05:27.404Z] [ESEB-LOG] DISPATCH: Virtual Thread #10 | Hash: 969a365da79b | Status: ACTIVE
[2026-09-15T09:05:27.404Z] [ESEB-LOG] DISPATCH: Virtual Thread #11 | Hash: 079c9f732652 | Status: ACTIVE
[2026-09-15T09:05:27.404Z] [ESEB-LOG] DISPATCH: Virtual Thread #12 | Hash: 2f144c51d207 | Status: ACTIVE
[2026-09-15T09:05:27.404Z] [ESEB-LOG] DISPATCH: Virtual Thread #13 | Hash: 821b3f9327a6 | Status: ACTIVE
[2026-09-15T09:05:27.404Z] [ESEB-LOG] DISPATCH: Virtual Thread #14 | Hash: db2b57dac50f | Status: ACTIVE
[2026-09-15T09:05:27.404Z] [ESEB-LOG] DISPATCH: Virtual Thread #15 | Hash: 2270e5453815 | Status: ACTIVE
[2026-09-15T09:05:27.404Z] [ESEB-LOG] DISPATCH: Virtual Thread #16 | Hash: 8eeacd08517e | Status: ACTIVE
[2026-09-15T09:05:27.404Z] [ESEB-LOG] DISPATCH: Virtual Thread #17 | Hash: 3a095aba3782 | Status: ACTIVE
[2026-09-15T09:05:27.404Z] [ESEB-LOG] DISPATCH: Virtual Thread #18 | Hash: 481ebbd07336 | Status: ACTIVE
[2026-09-15T09:05:27.404Z] [ESEB-LOG] DISPATCH: Virtual Thread #19 | Hash: a1cbf2a88177 | Status: ACTIVE
[2026-09-15T09:05:27.404Z] [ESEB-LOG] DISPATCH: Virtual Thread #20 | Hash: 152a610765f5 | Status: ACTIVE
[2026-09-15T09:05:27.404Z] [ESEB-LOG] DISPATCH: Virtual Thread #21 | Hash: c65a42948c31 | Status: ACTIVE
[2026-09-15T09:05:27.404Z] [ESEB-LOG] DISPATCH: Virtual Thread #22 | Hash: 2c341323fffb | Status: ACTIVE
[2026-09-15T09:05:27.404Z] [ESEB-LOG] DISPATCH: Virtual Thread #23 | Hash: e36b2e42c9dd | Status: ACTIVE
[2026-09-15T09:05:27.404Z] [ESEB-LOG] DISPATCH: Virtual Thread #24 | Hash: bc8e3297085f | Status: ACTIVE
[2026-09-15T09:05:27.404Z] [ESEB-LOG] ESEB CLASSIC SUCCESS: Core Authenticated | V-STAMP-24 Verified.
[2026-09-15T09:05:27.404Z] [ESEB-LOG] END: Execution Completed. Sharded Virtual Threads Active: 24/24 | Entropy δ = 0.
[2026-09-15T15:58:21.091Z] [ESEB-LOG] START: Orchestration initialized for domain 8000kicks.donabico.com
[2026-09-15T15:58:21.091Z] [ESEB-LOG] ROUND-ROBIN SELECTOR: Active Node: GEMMA_7B (Context Enrichment & Smart Conversion)
[2026-09-15T15:58:31.168Z] [ESEB-LOG] AUTO-HEALED: Request timeout. Self-healing fallback engaged.
[2026-09-15T15:58:31.168Z] [ESEB-LOG] HASH SHARDING: Initializing mathematical hash mapping into 24 virtual threads...
[2026-09-15T15:58:31.169Z] [ESEB-LOG] HASH SHARDING SUCCESS: All 24 virtual sharded threads mapped & verified. Entropy δ = 0.
[2026-09-15T15:58:31.169Z] [ESEB-LOG] DISPATCH: Virtual Thread #1 | Hash: b994bd95fd74 | Status: ACTIVE
[2026-09-15T15:58:31.169Z] [ESEB-LOG] DISPATCH: Virtual Thread #2 | Hash: 728b92407a0b | Status: ACTIVE
[2026-09-15T15:58:31.169Z] [ESEB-LOG] DISPATCH: Virtual Thread #3 | Hash: b082d262c09c | Status: ACTIVE
[2026-09-15T15:58:31.169Z] [ESEB-LOG] DISPATCH: Virtual Thread #4 | Hash: 40365d06aec1 | Status: ACTIVE
[2026-09-15T15:58:31.169Z] [ESEB-LOG] DISPATCH: Virtual Thread #5 | Hash: 400ccd3c1a35 | Status: ACTIVE
[2026-09-15T15:58:31.169Z] [ESEB-LOG] DISPATCH: Virtual Thread #6 | Hash: dcc1b863cd28 | Status: ACTIVE
[2026-09-15T15:58:31.169Z] [ESEB-LOG] DISPATCH: Virtual Thread #7 | Hash: 12df8f1788fb | Status: ACTIVE
[2026-09-15T15:58:31.169Z] [ESEB-LOG] DISPATCH: Virtual Thread #8 | Hash: 2b49b948a303 | Status: ACTIVE
[2026-09-15T15:58:31.169Z] [ESEB-LOG] DISPATCH: Virtual Thread #9 | Hash: 9d931f8c7a01 | Status: ACTIVE
[2026-09-15T15:58:31.169Z] [ESEB-LOG] DISPATCH: Virtual Thread #10 | Hash: 8180859fe7d9 | Status: ACTIVE
[2026-09-15T15:58:31.169Z] [ESEB-LOG] DISPATCH: Virtual Thread #11 | Hash: e4e19f4e9648 | Status: ACTIVE
[2026-09-15T15:58:31.169Z] [ESEB-LOG] DISPATCH: Virtual Thread #12 | Hash: 663c7bac3101 | Status: ACTIVE
[2026-09-15T15:58:31.169Z] [ESEB-LOG] DISPATCH: Virtual Thread #13 | Hash: 72cca71ae17c | Status: ACTIVE
[2026-09-15T15:58:31.169Z] [ESEB-LOG] DISPATCH: Virtual Thread #14 | Hash: 1ec216079c82 | Status: ACTIVE
[2026-09-15T15:58:31.169Z] [ESEB-LOG] DISPATCH: Virtual Thread #15 | Hash: 11865943f787 | Status: ACTIVE
[2026-09-15T15:58:31.169Z] [ESEB-LOG] DISPATCH: Virtual Thread #16 | Hash: ec6b8f1840ac | Status: ACTIVE
[2026-09-15T15:58:31.169Z] [ESEB-LOG] DISPATCH: Virtual Thread #17 | Hash: 37868757c925 | Status: ACTIVE
[2026-09-15T15:58:31.169Z] [ESEB-LOG] DISPATCH: Virtual Thread #18 | Hash: 739b8c154cc3 | Status: ACTIVE
[2026-09-15T15:58:31.169Z] [ESEB-LOG] DISPATCH: Virtual Thread #19 | Hash: ce5ca1d082a8 | Status: ACTIVE
[2026-09-15T15:58:31.169Z] [ESEB-LOG] DISPATCH: Virtual Thread #20 | Hash: 6715c547dae8 | Status: ACTIVE
[2026-09-15T15:58:31.169Z] [ESEB-LOG] DISPATCH: Virtual Thread #21 | Hash: d9b88d5fdd9d | Status: ACTIVE
[2026-09-15T15:58:31.169Z] [ESEB-LOG] DISPATCH: Virtual Thread #22 | Hash: 89d6fe9ee311 | Status: ACTIVE
[2026-09-15T15:58:31.169Z] [ESEB-LOG] DISPATCH: Virtual Thread #23 | Hash: de6f4d959005 | Status: ACTIVE
[2026-09-15T15:58:31.169Z] [ESEB-LOG] DISPATCH: Virtual Thread #24 | Hash: 5ee901028910 | Status: ACTIVE
[2026-09-15T15:58:31.169Z] [ESEB-LOG] ESEB CLASSIC SUCCESS: Core Authenticated | V-STAMP-24 Verified.
[2026-09-15T15:58:31.169Z] [ESEB-LOG] END: Execution Completed. Sharded Virtual Threads Active: 24/24 | Entropy δ = 0.
[2026-09-15T19:32:50.820Z] [ESEB-LOG] START: Orchestration initialized for domain 8000kicks.donabico.com
[2026-09-15T19:32:50.820Z] [ESEB-LOG] ROUND-ROBIN SELECTOR: Active Node: BGE_EMBEDDING (RAG Knowledge Vectorization)
[2026-09-15T19:32:51.039Z] [ESEB-LOG] SOTA SUCCESS: NODE [BGE_EMBEDDING] HTTP Status: 200 OK (Credit Preserved)
[2026-09-15T19:32:51.040Z] [ESEB-LOG] HASH SHARDING: Initializing mathematical hash mapping into 24 virtual threads...
[2026-09-15T19:32:51.040Z] [ESEB-LOG] HASH SHARDING SUCCESS: All 24 virtual sharded threads mapped & verified. Entropy δ = 0.
[2026-09-15T19:32:51.041Z] [ESEB-LOG] DISPATCH: Virtual Thread #1 | Hash: 83abadd200a8 | Status: ACTIVE
[2026-09-15T19:32:51.041Z] [ESEB-LOG] DISPATCH: Virtual Thread #2 | Hash: 1664dccea157 | Status: ACTIVE
[2026-09-15T19:32:51.041Z] [ESEB-LOG] DISPATCH: Virtual Thread #3 | Hash: fcc65f9f85a5 | Status: ACTIVE
[2026-09-15T19:32:51.041Z] [ESEB-LOG] DISPATCH: Virtual Thread #4 | Hash: 0f557142ad85 | Status: ACTIVE
[2026-09-15T19:32:51.041Z] [ESEB-LOG] DISPATCH: Virtual Thread #5 | Hash: 14180de3dd21 | Status: ACTIVE
[2026-09-15T19:32:51.041Z] [ESEB-LOG] DISPATCH: Virtual Thread #6 | Hash: 64c451ecc2a1 | Status: ACTIVE
[2026-09-15T19:32:51.041Z] [ESEB-LOG] DISPATCH: Virtual Thread #7 | Hash: fba3e94f3593 | Status: ACTIVE
[2026-09-15T19:32:51.041Z] [ESEB-LOG] DISPATCH: Virtual Thread #8 | Hash: 7931e551b931 | Status: ACTIVE
[2026-09-15T19:32:51.041Z] [ESEB-LOG] DISPATCH: Virtual Thread #9 | Hash: f87dd442fe5f | Status: ACTIVE
[2026-09-15T19:32:51.041Z] [ESEB-LOG] DISPATCH: Virtual Thread #10 | Hash: 6785c24f9d80 | Status: ACTIVE
[2026-09-15T19:32:51.041Z] [ESEB-LOG] DISPATCH: Virtual Thread #11 | Hash: 9b44e49a68da | Status: ACTIVE
[2026-09-15T19:32:51.041Z] [ESEB-LOG] DISPATCH: Virtual Thread #12 | Hash: 73e4aa2a5fb7 | Status: ACTIVE
[2026-09-15T19:32:51.041Z] [ESEB-LOG] DISPATCH: Virtual Thread #13 | Hash: b5b16ce2b0c5 | Status: ACTIVE
[2026-09-15T19:32:51.041Z] [ESEB-LOG] DISPATCH: Virtual Thread #14 | Hash: d6cfeb03a1e9 | Status: ACTIVE
[2026-09-15T19:32:51.041Z] [ESEB-LOG] DISPATCH: Virtual Thread #15 | Hash: 5116a8959875 | Status: ACTIVE
[2026-09-15T19:32:51.041Z] [ESEB-LOG] DISPATCH: Virtual Thread #16 | Hash: e565cb32d222 | Status: ACTIVE
[2026-09-15T19:32:51.041Z] [ESEB-LOG] DISPATCH: Virtual Thread #17 | Hash: 416a61679a8a | Status: ACTIVE
[2026-09-15T19:32:51.041Z] [ESEB-LOG] DISPATCH: Virtual Thread #18 | Hash: 6def0d6d399b | Status: ACTIVE
[2026-09-15T19:32:51.041Z] [ESEB-LOG] DISPATCH: Virtual Thread #19 | Hash: e6afd6c45fb0 | Status: ACTIVE
[2026-09-15T19:32:51.041Z] [ESEB-LOG] DISPATCH: Virtual Thread #20 | Hash: d6b8e9a1f341 | Status: ACTIVE
[2026-09-15T19:32:51.041Z] [ESEB-LOG] DISPATCH: Virtual Thread #21 | Hash: 00f542e5c6fb | Status: ACTIVE
[2026-09-15T19:32:51.041Z] [ESEB-LOG] DISPATCH: Virtual Thread #22 | Hash: 8dda0afebbf2 | Status: ACTIVE
[2026-09-15T19:32:51.041Z] [ESEB-LOG] DISPATCH: Virtual Thread #23 | Hash: 8567dc64b96f | Status: ACTIVE
[2026-09-15T19:32:51.041Z] [ESEB-LOG] DISPATCH: Virtual Thread #24 | Hash: 4ba104df1816 | Status: ACTIVE
[2026-09-15T19:32:51.041Z] [ESEB-LOG] ESEB CLASSIC SUCCESS: Core Authenticated | V-STAMP-24 Verified.
[2026-09-15T19:32:51.041Z] [ESEB-LOG] END: Execution Completed. Sharded Virtual Threads Active: 24/24 | Entropy δ = 0.
[2026-09-15T22:34:47.863Z] [ESEB-LOG] START: Orchestration initialized for domain 8000kicks.donabico.com
[2026-09-15T22:34:47.863Z] [ESEB-LOG] ROUND-ROBIN SELECTOR: Active Node: SDXL_IMAGE (Affiliate Intelligent Banners & Posters)
[2026-09-15T22:34:50.947Z] [ESEB-LOG] SOTA SUCCESS: NODE [SDXL_IMAGE] HTTP Status: 200 OK (Credit Preserved)
[2026-09-15T22:34:50.948Z] [ESEB-LOG] HASH SHARDING: Initializing mathematical hash mapping into 24 virtual threads...
[2026-09-15T22:34:50.949Z] [ESEB-LOG] HASH SHARDING SUCCESS: All 24 virtual sharded threads mapped & verified. Entropy δ = 0.
[2026-09-15T22:34:50.949Z] [ESEB-LOG] DISPATCH: Virtual Thread #1 | Hash: 795147328944 | Status: ACTIVE
[2026-09-15T22:34:50.949Z] [ESEB-LOG] DISPATCH: Virtual Thread #2 | Hash: 5787cc39a6ae | Status: ACTIVE
[2026-09-15T22:34:50.949Z] [ESEB-LOG] DISPATCH: Virtual Thread #3 | Hash: 44cbc069464b | Status: ACTIVE
[2026-09-15T22:34:50.949Z] [ESEB-LOG] DISPATCH: Virtual Thread #4 | Hash: bc09963e2b67 | Status: ACTIVE
[2026-09-15T22:34:50.949Z] [ESEB-LOG] DISPATCH: Virtual Thread #5 | Hash: b593f32b165b | Status: ACTIVE
[2026-09-15T22:34:50.949Z] [ESEB-LOG] DISPATCH: Virtual Thread #6 | Hash: 74accebd475b | Status: ACTIVE
[2026-09-15T22:34:50.949Z] [ESEB-LOG] DISPATCH: Virtual Thread #7 | Hash: 9d197881ae89 | Status: ACTIVE
[2026-09-15T22:34:50.949Z] [ESEB-LOG] DISPATCH: Virtual Thread #8 | Hash: 17183b27fd72 | Status: ACTIVE
[2026-09-15T22:34:50.949Z] [ESEB-LOG] DISPATCH: Virtual Thread #9 | Hash: 39625058144d | Status: ACTIVE
[2026-09-15T22:34:50.949Z] [ESEB-LOG] DISPATCH: Virtual Thread #10 | Hash: dfe0370592ad | Status: ACTIVE
[2026-09-15T22:34:50.949Z] [ESEB-LOG] DISPATCH: Virtual Thread #11 | Hash: 5d81028b7f77 | Status: ACTIVE
[2026-09-15T22:34:50.949Z] [ESEB-LOG] DISPATCH: Virtual Thread #12 | Hash: b402104f523e | Status: ACTIVE
[2026-09-15T22:34:50.949Z] [ESEB-LOG] DISPATCH: Virtual Thread #13 | Hash: 8233e1e4c15d | Status: ACTIVE
[2026-09-15T22:34:50.949Z] [ESEB-LOG] DISPATCH: Virtual Thread #14 | Hash: 8b54618e9348 | Status: ACTIVE
[2026-09-15T22:34:50.949Z] [ESEB-LOG] DISPATCH: Virtual Thread #15 | Hash: 5a333d09cf56 | Status: ACTIVE
[2026-09-15T22:34:50.949Z] [ESEB-LOG] DISPATCH: Virtual Thread #16 | Hash: 9e086416f1c7 | Status: ACTIVE
[2026-09-15T22:34:50.949Z] [ESEB-LOG] DISPATCH: Virtual Thread #17 | Hash: e0b532393a9b | Status: ACTIVE
[2026-09-15T22:34:50.949Z] [ESEB-LOG] DISPATCH: Virtual Thread #18 | Hash: f98d4bfcc684 | Status: ACTIVE
[2026-09-15T22:34:50.949Z] [ESEB-LOG] DISPATCH: Virtual Thread #19 | Hash: 5acab8477d8f | Status: ACTIVE
[2026-09-15T22:34:50.949Z] [ESEB-LOG] DISPATCH: Virtual Thread #20 | Hash: 64bf2de6c64c | Status: ACTIVE
[2026-09-15T22:34:50.949Z] [ESEB-LOG] DISPATCH: Virtual Thread #21 | Hash: 8cbf5ad00277 | Status: ACTIVE
[2026-09-15T22:34:50.949Z] [ESEB-LOG] DISPATCH: Virtual Thread #22 | Hash: 43910569fedb | Status: ACTIVE
[2026-09-15T22:34:50.949Z] [ESEB-LOG] DISPATCH: Virtual Thread #23 | Hash: 6bcab33fc9fd | Status: ACTIVE
[2026-09-15T22:34:50.949Z] [ESEB-LOG] DISPATCH: Virtual Thread #24 | Hash: 6779c4c75527 | Status: ACTIVE
[2026-09-15T22:34:50.950Z] [ESEB-LOG] ESEB CLASSIC SUCCESS: Core Authenticated | V-STAMP-24 Verified.
[2026-09-15T22:34:50.950Z] [ESEB-LOG] END: Execution Completed. Sharded Virtual Threads Active: 24/24 | Entropy δ = 0.
[2026-09-16T02:37:24.748Z] [ESEB-LOG] START: Orchestration initialized for domain 8000kicks.donabico.com
[2026-09-16T02:37:24.748Z] [ESEB-LOG] ROUND-ROBIN SELECTOR: Active Node: LLAMA_70B (Super Smart Intelligent Reviews & Deep Synthesis)
[2026-09-16T02:37:29.497Z] [ESEB-LOG] SOTA SUCCESS: NODE [LLAMA_70B] HTTP Status: 200 OK (Credit Preserved)
[2026-09-16T02:37:29.498Z] [ESEB-LOG] HASH SHARDING: Initializing mathematical hash mapping into 24 virtual threads...
[2026-09-16T02:37:29.499Z] [ESEB-LOG] HASH SHARDING SUCCESS: All 24 virtual sharded threads mapped & verified. Entropy δ = 0.
[2026-09-16T02:37:29.499Z] [ESEB-LOG] DISPATCH: Virtual Thread #1 | Hash: e97f119dc2ae | Status: ACTIVE
[2026-09-16T02:37:29.499Z] [ESEB-LOG] DISPATCH: Virtual Thread #2 | Hash: ef24b51ab041 | Status: ACTIVE
[2026-09-16T02:37:29.499Z] [ESEB-LOG] DISPATCH: Virtual Thread #3 | Hash: 875ba707c4c4 | Status: ACTIVE
[2026-09-16T02:37:29.499Z] [ESEB-LOG] DISPATCH: Virtual Thread #4 | Hash: 69ec10ba2b65 | Status: ACTIVE
[2026-09-16T02:37:29.499Z] [ESEB-LOG] DISPATCH: Virtual Thread #5 | Hash: aa2940bb9566 | Status: ACTIVE
[2026-09-16T02:37:29.499Z] [ESEB-LOG] DISPATCH: Virtual Thread #6 | Hash: b174857ed934 | Status: ACTIVE
[2026-09-16T02:37:29.499Z] [ESEB-LOG] DISPATCH: Virtual Thread #7 | Hash: e24d49ee3eeb | Status: ACTIVE
[2026-09-16T02:37:29.499Z] [ESEB-LOG] DISPATCH: Virtual Thread #8 | Hash: 65fdde94078c | Status: ACTIVE
[2026-09-16T02:37:29.499Z] [ESEB-LOG] DISPATCH: Virtual Thread #9 | Hash: 94a94df65750 | Status: ACTIVE
[2026-09-16T02:37:29.499Z] [ESEB-LOG] DISPATCH: Virtual Thread #10 | Hash: 0646eff1a6d3 | Status: ACTIVE
[2026-09-16T02:37:29.499Z] [ESEB-LOG] DISPATCH: Virtual Thread #11 | Hash: 5101b2d0309e | Status: ACTIVE
[2026-09-16T02:37:29.499Z] [ESEB-LOG] DISPATCH: Virtual Thread #12 | Hash: bd8750f4f17c | Status: ACTIVE
[2026-09-16T02:37:29.499Z] [ESEB-LOG] DISPATCH: Virtual Thread #13 | Hash: 6a2bae4b3b01 | Status: ACTIVE
[2026-09-16T02:37:29.499Z] [ESEB-LOG] DISPATCH: Virtual Thread #14 | Hash: 239d08106689 | Status: ACTIVE
[2026-09-16T02:37:29.499Z] [ESEB-LOG] DISPATCH: Virtual Thread #15 | Hash: cafff1f73be0 | Status: ACTIVE
[2026-09-16T02:37:29.499Z] [ESEB-LOG] DISPATCH: Virtual Thread #16 | Hash: 4f477a02095b | Status: ACTIVE
[2026-09-16T02:37:29.499Z] [ESEB-LOG] DISPATCH: Virtual Thread #17 | Hash: eb16d805200f | Status: ACTIVE
[2026-09-16T02:37:29.499Z] [ESEB-LOG] DISPATCH: Virtual Thread #18 | Hash: 7328b0b1da42 | Status: ACTIVE
[2026-09-16T02:37:29.499Z] [ESEB-LOG] DISPATCH: Virtual Thread #19 | Hash: da4b827e8c72 | Status: ACTIVE
[2026-09-16T02:37:29.500Z] [ESEB-LOG] DISPATCH: Virtual Thread #20 | Hash: e2d5ae92cf72 | Status: ACTIVE
[2026-09-16T02:37:29.500Z] [ESEB-LOG] DISPATCH: Virtual Thread #21 | Hash: 7b3f2f7ad3ae | Status: ACTIVE
[2026-09-16T02:37:29.500Z] [ESEB-LOG] DISPATCH: Virtual Thread #22 | Hash: d3d4dc3606de | Status: ACTIVE
[2026-09-16T02:37:29.500Z] [ESEB-LOG] DISPATCH: Virtual Thread #23 | Hash: 1db622089411 | Status: ACTIVE
[2026-09-16T02:37:29.500Z] [ESEB-LOG] DISPATCH: Virtual Thread #24 | Hash: 97117ddbc57c | Status: ACTIVE
[2026-09-16T02:37:29.500Z] [ESEB-LOG] ESEB CLASSIC SUCCESS: Core Authenticated | V-STAMP-24 Verified.
[2026-09-16T02:37:29.500Z] [ESEB-LOG] END: Execution Completed. Sharded Virtual Threads Active: 24/24 | Entropy δ = 0.
[2026-09-16T08:57:49.280Z] [ESEB-LOG] START: Orchestration initialized for domain 8000kicks.donabico.com
[2026-09-16T08:57:49.281Z] [ESEB-LOG] ROUND-ROBIN SELECTOR: Active Node: DEEPSEEK (Advanced Reasoning & GEO-SEO Optimization)
[2026-09-16T08:57:57.533Z] [ESEB-LOG] SOTA SUCCESS: NODE [DEEPSEEK] HTTP Status: 200 OK (Credit Preserved)
[2026-09-16T08:57:57.534Z] [ESEB-LOG] HASH SHARDING: Initializing mathematical hash mapping into 24 virtual threads...
[2026-09-16T08:57:57.535Z] [ESEB-LOG] HASH SHARDING SUCCESS: All 24 virtual sharded threads mapped & verified. Entropy δ = 0.
[2026-09-16T08:57:57.535Z] [ESEB-LOG] DISPATCH: Virtual Thread #1 | Hash: 9f04d1fe7627 | Status: ACTIVE
[2026-09-16T08:57:57.535Z] [ESEB-LOG] DISPATCH: Virtual Thread #2 | Hash: 2646d618c792 | Status: ACTIVE
[2026-09-16T08:57:57.535Z] [ESEB-LOG] DISPATCH: Virtual Thread #3 | Hash: 80d6a75750df | Status: ACTIVE
[2026-09-16T08:57:57.535Z] [ESEB-LOG] DISPATCH: Virtual Thread #4 | Hash: 8853cdf1af0a | Status: ACTIVE
[2026-09-16T08:57:57.535Z] [ESEB-LOG] DISPATCH: Virtual Thread #5 | Hash: 78c46ea1070b | Status: ACTIVE
[2026-09-16T08:57:57.535Z] [ESEB-LOG] DISPATCH: Virtual Thread #6 | Hash: 5dd16b89c5aa | Status: ACTIVE
[2026-09-16T08:57:57.535Z] [ESEB-LOG] DISPATCH: Virtual Thread #7 | Hash: 3298e933942a | Status: ACTIVE
[2026-09-16T08:57:57.535Z] [ESEB-LOG] DISPATCH: Virtual Thread #8 | Hash: 982862392740 | Status: ACTIVE
[2026-09-16T08:57:57.535Z] [ESEB-LOG] DISPATCH: Virtual Thread #9 | Hash: 460992b102cb | Status: ACTIVE
[2026-09-16T08:57:57.535Z] [ESEB-LOG] DISPATCH: Virtual Thread #10 | Hash: 2b5063cbcb0a | Status: ACTIVE
[2026-09-16T08:57:57.535Z] [ESEB-LOG] DISPATCH: Virtual Thread #11 | Hash: 56c576f39786 | Status: ACTIVE
[2026-09-16T08:57:57.535Z] [ESEB-LOG] DISPATCH: Virtual Thread #12 | Hash: a058130efa09 | Status: ACTIVE
[2026-09-16T08:57:57.535Z] [ESEB-LOG] DISPATCH: Virtual Thread #13 | Hash: 7a718aa01351 | Status: ACTIVE
[2026-09-16T08:57:57.535Z] [ESEB-LOG] DISPATCH: Virtual Thread #14 | Hash: ddb001264b7b | Status: ACTIVE
[2026-09-16T08:57:57.535Z] [ESEB-LOG] DISPATCH: Virtual Thread #15 | Hash: aa6d5ac0870e | Status: ACTIVE
[2026-09-16T08:57:57.535Z] [ESEB-LOG] DISPATCH: Virtual Thread #16 | Hash: 2376a39c6880 | Status: ACTIVE
[2026-09-16T08:57:57.536Z] [ESEB-LOG] DISPATCH: Virtual Thread #17 | Hash: 25f57bd08f8f | Status: ACTIVE
[2026-09-16T08:57:57.536Z] [ESEB-LOG] DISPATCH: Virtual Thread #18 | Hash: b85cb201e428 | Status: ACTIVE
[2026-09-16T08:57:57.536Z] [ESEB-LOG] DISPATCH: Virtual Thread #19 | Hash: 591b4c0d7adf | Status: ACTIVE
[2026-09-16T08:57:57.536Z] [ESEB-LOG] DISPATCH: Virtual Thread #20 | Hash: f633d7fcc8db | Status: ACTIVE
[2026-09-16T08:57:57.536Z] [ESEB-LOG] DISPATCH: Virtual Thread #21 | Hash: e9c41a254cdd | Status: ACTIVE
[2026-09-16T08:57:57.536Z] [ESEB-LOG] DISPATCH: Virtual Thread #22 | Hash: abdd057c8f5e | Status: ACTIVE
[2026-09-16T08:57:57.536Z] [ESEB-LOG] DISPATCH: Virtual Thread #23 | Hash: 64e3de5ea065 | Status: ACTIVE
[2026-09-16T08:57:57.536Z] [ESEB-LOG] DISPATCH: Virtual Thread #24 | Hash: e32200a277c7 | Status: ACTIVE
[2026-09-16T08:57:57.536Z] [ESEB-LOG] ESEB CLASSIC SUCCESS: Core Authenticated | V-STAMP-24 Verified.
[2026-09-16T08:57:57.536Z] [ESEB-LOG] END: Execution Completed. Sharded Virtual Threads Active: 24/24 | Entropy δ = 0.
[2026-09-16T15:51:15.852Z] [ESEB-LOG] START: Orchestration initialized for domain 8000kicks.donabico.com
[2026-09-16T15:51:15.852Z] [ESEB-LOG] ROUND-ROBIN SELECTOR: Active Node: MISTRAL_7B (JSON-LD Schema & Structured Intelligence)
[2026-09-16T15:51:25.910Z] [ESEB-LOG] AUTO-HEALED: Request timeout. Self-healing fallback engaged.
[2026-09-16T15:51:25.910Z] [ESEB-LOG] HASH SHARDING: Initializing mathematical hash mapping into 24 virtual threads...
[2026-09-16T15:51:25.911Z] [ESEB-LOG] HASH SHARDING SUCCESS: All 24 virtual sharded threads mapped & verified. Entropy δ = 0.
[2026-09-16T15:51:25.911Z] [ESEB-LOG] DISPATCH: Virtual Thread #1 | Hash: ddce38bcd466 | Status: ACTIVE
[2026-09-16T15:51:25.911Z] [ESEB-LOG] DISPATCH: Virtual Thread #2 | Hash: 1eebdc41d4e0 | Status: ACTIVE
[2026-09-16T15:51:25.911Z] [ESEB-LOG] DISPATCH: Virtual Thread #3 | Hash: 28d898235e4d | Status: ACTIVE
[2026-09-16T15:51:25.911Z] [ESEB-LOG] DISPATCH: Virtual Thread #4 | Hash: 77f3332643de | Status: ACTIVE
[2026-09-16T15:51:25.911Z] [ESEB-LOG] DISPATCH: Virtual Thread #5 | Hash: 6e54c005c14f | Status: ACTIVE
[2026-09-16T15:51:25.911Z] [ESEB-LOG] DISPATCH: Virtual Thread #6 | Hash: f3532a30c302 | Status: ACTIVE
[2026-09-16T15:51:25.911Z] [ESEB-LOG] DISPATCH: Virtual Thread #7 | Hash: 23c5cc13b9b1 | Status: ACTIVE
[2026-09-16T15:51:25.911Z] [ESEB-LOG] DISPATCH: Virtual Thread #8 | Hash: 5448463719b6 | Status: ACTIVE
[2026-09-16T15:51:25.911Z] [ESEB-LOG] DISPATCH: Virtual Thread #9 | Hash: c2fe0de786d4 | Status: ACTIVE
[2026-09-16T15:51:25.911Z] [ESEB-LOG] DISPATCH: Virtual Thread #10 | Hash: 30fabe4ca663 | Status: ACTIVE
[2026-09-16T15:51:25.911Z] [ESEB-LOG] DISPATCH: Virtual Thread #11 | Hash: 1383f67867a5 | Status: ACTIVE
[2026-09-16T15:51:25.911Z] [ESEB-LOG] DISPATCH: Virtual Thread #12 | Hash: cfde33c0f246 | Status: ACTIVE
[2026-09-16T15:51:25.911Z] [ESEB-LOG] DISPATCH: Virtual Thread #13 | Hash: 7cc277b7af6b | Status: ACTIVE
[2026-09-16T15:51:25.911Z] [ESEB-LOG] DISPATCH: Virtual Thread #14 | Hash: fe88652c31ea | Status: ACTIVE
[2026-09-16T15:51:25.911Z] [ESEB-LOG] DISPATCH: Virtual Thread #15 | Hash: 735edbba4019 | Status: ACTIVE
[2026-09-16T15:51:25.911Z] [ESEB-LOG] DISPATCH: Virtual Thread #16 | Hash: d4f53d2135f8 | Status: ACTIVE
[2026-09-16T15:51:25.911Z] [ESEB-LOG] DISPATCH: Virtual Thread #17 | Hash: a37221f4f872 | Status: ACTIVE
[2026-09-16T15:51:25.911Z] [ESEB-LOG] DISPATCH: Virtual Thread #18 | Hash: 67b72599ccbe | Status: ACTIVE
[2026-09-16T15:51:25.911Z] [ESEB-LOG] DISPATCH: Virtual Thread #19 | Hash: 88da1b34a361 | Status: ACTIVE
[2026-09-16T15:51:25.911Z] [ESEB-LOG] DISPATCH: Virtual Thread #20 | Hash: fee0d71af353 | Status: ACTIVE
[2026-09-16T15:51:25.911Z] [ESEB-LOG] DISPATCH: Virtual Thread #21 | Hash: 71d74700f177 | Status: ACTIVE
[2026-09-16T15:51:25.911Z] [ESEB-LOG] DISPATCH: Virtual Thread #22 | Hash: 9700a1e7c1e7 | Status: ACTIVE
[2026-09-16T15:51:25.911Z] [ESEB-LOG] DISPATCH: Virtual Thread #23 | Hash: c7856f606767 | Status: ACTIVE
[2026-09-16T15:51:25.911Z] [ESEB-LOG] DISPATCH: Virtual Thread #24 | Hash: 21a436d70571 | Status: ACTIVE
[2026-09-16T15:51:25.912Z] [ESEB-LOG] ESEB CLASSIC SUCCESS: Core Authenticated | V-STAMP-24 Verified.
[2026-09-16T15:51:25.912Z] [ESEB-LOG] END: Execution Completed. Sharded Virtual Threads Active: 24/24 | Entropy δ = 0.
[2026-09-16T19:14:24.573Z] [ESEB-LOG] START: Orchestration initialized for domain 8000kicks.donabico.com
[2026-09-16T19:14:24.574Z] [ESEB-LOG] ROUND-ROBIN SELECTOR: Active Node: LLAMA_3B (Edge Ultra-Fast Localization)
[2026-09-16T19:14:26.710Z] [ESEB-LOG] SOTA SUCCESS: NODE [LLAMA_3B] HTTP Status: 200 OK (Credit Preserved)
[2026-09-16T19:14:26.711Z] [ESEB-LOG] HASH SHARDING: Initializing mathematical hash mapping into 24 virtual threads...
[2026-09-16T19:14:26.712Z] [ESEB-LOG] HASH SHARDING SUCCESS: All 24 virtual sharded threads mapped & verified. Entropy δ = 0.
[2026-09-16T19:14:26.712Z] [ESEB-LOG] DISPATCH: Virtual Thread #1 | Hash: 03a9f5a3a994 | Status: ACTIVE
[2026-09-16T19:14:26.712Z] [ESEB-LOG] DISPATCH: Virtual Thread #2 | Hash: 76f474fb8485 | Status: ACTIVE
[2026-09-16T19:14:26.712Z] [ESEB-LOG] DISPATCH: Virtual Thread #3 | Hash: 00f41252fdef | Status: ACTIVE
[2026-09-16T19:14:26.712Z] [ESEB-LOG] DISPATCH: Virtual Thread #4 | Hash: 0b265a0549ff | Status: ACTIVE
[2026-09-16T19:14:26.712Z] [ESEB-LOG] DISPATCH: Virtual Thread #5 | Hash: 80dfd17717a0 | Status: ACTIVE
[2026-09-16T19:14:26.712Z] [ESEB-LOG] DISPATCH: Virtual Thread #6 | Hash: 290117187e11 | Status: ACTIVE
[2026-09-16T19:14:26.712Z] [ESEB-LOG] DISPATCH: Virtual Thread #7 | Hash: 04f05893987a | Status: ACTIVE
[2026-09-16T19:14:26.712Z] [ESEB-LOG] DISPATCH: Virtual Thread #8 | Hash: 70a50820a9b8 | Status: ACTIVE
[2026-09-16T19:14:26.712Z] [ESEB-LOG] DISPATCH: Virtual Thread #9 | Hash: 20113176743e | Status: ACTIVE
[2026-09-16T19:14:26.712Z] [ESEB-LOG] DISPATCH: Virtual Thread #10 | Hash: 0a49cc2f352a | Status: ACTIVE
[2026-09-16T19:14:26.712Z] [ESEB-LOG] DISPATCH: Virtual Thread #11 | Hash: 0681f948b67e | Status: ACTIVE
[2026-09-16T19:14:26.712Z] [ESEB-LOG] DISPATCH: Virtual Thread #12 | Hash: 6610b6407e01 | Status: ACTIVE
[2026-09-16T19:14:26.712Z] [ESEB-LOG] DISPATCH: Virtual Thread #13 | Hash: 6ee52c6faac3 | Status: ACTIVE
[2026-09-16T19:14:26.712Z] [ESEB-LOG] DISPATCH: Virtual Thread #14 | Hash: 36ddc4239f18 | Status: ACTIVE
[2026-09-16T19:14:26.712Z] [ESEB-LOG] DISPATCH: Virtual Thread #15 | Hash: 0abbe568e1f6 | Status: ACTIVE
[2026-09-16T19:14:26.712Z] [ESEB-LOG] DISPATCH: Virtual Thread #16 | Hash: aaa95495d9ae | Status: ACTIVE
[2026-09-16T19:14:26.712Z] [ESEB-LOG] DISPATCH: Virtual Thread #17 | Hash: a47afc782d3f | Status: ACTIVE
[2026-09-16T19:14:26.712Z] [ESEB-LOG] DISPATCH: Virtual Thread #18 | Hash: 0939fa665590 | Status: ACTIVE
[2026-09-16T19:14:26.712Z] [ESEB-LOG] DISPATCH: Virtual Thread #19 | Hash: a869bda4f9f7 | Status: ACTIVE
[2026-09-16T19:14:26.712Z] [ESEB-LOG] DISPATCH: Virtual Thread #20 | Hash: 19606f5732b8 | Status: ACTIVE
[2026-09-16T19:14:26.712Z] [ESEB-LOG] DISPATCH: Virtual Thread #21 | Hash: 9b52407889a1 | Status: ACTIVE
[2026-09-16T19:14:26.712Z] [ESEB-LOG] DISPATCH: Virtual Thread #22 | Hash: 21d448ce41a1 | Status: ACTIVE
[2026-09-16T19:14:26.712Z] [ESEB-LOG] DISPATCH: Virtual Thread #23 | Hash: 37ece5f1affe | Status: ACTIVE
[2026-09-16T19:14:26.712Z] [ESEB-LOG] DISPATCH: Virtual Thread #24 | Hash: ed6a4b20db7d | Status: ACTIVE
[2026-09-16T19:14:26.712Z] [ESEB-LOG] ESEB CLASSIC SUCCESS: Core Authenticated | V-STAMP-24 Verified.
[2026-09-16T19:14:26.712Z] [ESEB-LOG] END: Execution Completed. Sharded Virtual Threads Active: 24/24 | Entropy δ = 0.
[2026-09-16T22:30:41.779Z] [ESEB-LOG] START: Orchestration initialized for domain 8000kicks.donabico.com
[2026-09-16T22:30:41.780Z] [ESEB-LOG] ROUND-ROBIN SELECTOR: Active Node: GEMMA_7B (Context Enrichment & Smart Conversion)
[2026-09-16T22:30:51.838Z] [ESEB-LOG] AUTO-HEALED: Request timeout. Self-healing fallback engaged.
[2026-09-16T22:30:51.838Z] [ESEB-LOG] HASH SHARDING: Initializing mathematical hash mapping into 24 virtual threads...
[2026-09-16T22:30:51.839Z] [ESEB-LOG] HASH SHARDING SUCCESS: All 24 virtual sharded threads mapped & verified. Entropy δ = 0.
[2026-09-16T22:30:51.839Z] [ESEB-LOG] DISPATCH: Virtual Thread #1 | Hash: 59e3229780c1 | Status: ACTIVE
[2026-09-16T22:30:51.839Z] [ESEB-LOG] DISPATCH: Virtual Thread #2 | Hash: 7f3f40af1c8c | Status: ACTIVE
[2026-09-16T22:30:51.839Z] [ESEB-LOG] DISPATCH: Virtual Thread #3 | Hash: 72c76edce3fd | Status: ACTIVE
[2026-09-16T22:30:51.839Z] [ESEB-LOG] DISPATCH: Virtual Thread #4 | Hash: 7900cd2c43a3 | Status: ACTIVE
[2026-09-16T22:30:51.839Z] [ESEB-LOG] DISPATCH: Virtual Thread #5 | Hash: d8211c4dc030 | Status: ACTIVE
[2026-09-16T22:30:51.839Z] [ESEB-LOG] DISPATCH: Virtual Thread #6 | Hash: afd053a46f79 | Status: ACTIVE
[2026-09-16T22:30:51.839Z] [ESEB-LOG] DISPATCH: Virtual Thread #7 | Hash: c4a3ab7d7c69 | Status: ACTIVE
[2026-09-16T22:30:51.839Z] [ESEB-LOG] DISPATCH: Virtual Thread #8 | Hash: 702648178539 | Status: ACTIVE
[2026-09-16T22:30:51.839Z] [ESEB-LOG] DISPATCH: Virtual Thread #9 | Hash: 10b0433e45dc | Status: ACTIVE
[2026-09-16T22:30:51.839Z] [ESEB-LOG] DISPATCH: Virtual Thread #10 | Hash: 9fa07a829806 | Status: ACTIVE
[2026-09-16T22:30:51.839Z] [ESEB-LOG] DISPATCH: Virtual Thread #11 | Hash: 4a373f43c6d4 | Status: ACTIVE
[2026-09-16T22:30:51.839Z] [ESEB-LOG] DISPATCH: Virtual Thread #12 | Hash: 1c3bf34577b9 | Status: ACTIVE
[2026-09-16T22:30:51.839Z] [ESEB-LOG] DISPATCH: Virtual Thread #13 | Hash: 17b0efd6b9dc | Status: ACTIVE
[2026-09-16T22:30:51.839Z] [ESEB-LOG] DISPATCH: Virtual Thread #14 | Hash: 30208a945db1 | Status: ACTIVE
[2026-09-16T22:30:51.839Z] [ESEB-LOG] DISPATCH: Virtual Thread #15 | Hash: 28b61fc9ac97 | Status: ACTIVE
[2026-09-16T22:30:51.839Z] [ESEB-LOG] DISPATCH: Virtual Thread #16 | Hash: a454da84d474 | Status: ACTIVE
[2026-09-16T22:30:51.839Z] [ESEB-LOG] DISPATCH: Virtual Thread #17 | Hash: e1596a582510 | Status: ACTIVE
[2026-09-16T22:30:51.839Z] [ESEB-LOG] DISPATCH: Virtual Thread #18 | Hash: 401d42ec081b | Status: ACTIVE
[2026-09-16T22:30:51.840Z] [ESEB-LOG] DISPATCH: Virtual Thread #19 | Hash: 9fe86849154d | Status: ACTIVE
[2026-09-16T22:30:51.840Z] [ESEB-LOG] DISPATCH: Virtual Thread #20 | Hash: 6776d6f36196 | Status: ACTIVE
[2026-09-16T22:30:51.840Z] [ESEB-LOG] DISPATCH: Virtual Thread #21 | Hash: 5eb5f0f4a48d | Status: ACTIVE
[2026-09-16T22:30:51.840Z] [ESEB-LOG] DISPATCH: Virtual Thread #22 | Hash: e3661f70680d | Status: ACTIVE
[2026-09-16T22:30:51.840Z] [ESEB-LOG] DISPATCH: Virtual Thread #23 | Hash: 6f6ee84a1164 | Status: ACTIVE
[2026-09-16T22:30:51.840Z] [ESEB-LOG] DISPATCH: Virtual Thread #24 | Hash: 87171389ef64 | Status: ACTIVE
[2026-09-16T22:30:51.840Z] [ESEB-LOG] ESEB CLASSIC SUCCESS: Core Authenticated | V-STAMP-24 Verified.
[2026-09-16T22:30:51.840Z] [ESEB-LOG] END: Execution Completed. Sharded Virtual Threads Active: 24/24 | Entropy δ = 0.
[2026-09-17T02:41:38.383Z] [ESEB-LOG] START: Orchestration initialized for domain 8000kicks.donabico.com
[2026-09-17T02:41:38.383Z] [ESEB-LOG] ROUND-ROBIN SELECTOR: Active Node: BGE_EMBEDDING (RAG Knowledge Vectorization)
[2026-09-17T02:41:38.842Z] [ESEB-LOG] SOTA SUCCESS: NODE [BGE_EMBEDDING] HTTP Status: 200 OK (Credit Preserved)
[2026-09-17T02:41:38.843Z] [ESEB-LOG] HASH SHARDING: Initializing mathematical hash mapping into 24 virtual threads...
[2026-09-17T02:41:38.844Z] [ESEB-LOG] HASH SHARDING SUCCESS: All 24 virtual sharded threads mapped & verified. Entropy δ = 0.
[2026-09-17T02:41:38.844Z] [ESEB-LOG] DISPATCH: Virtual Thread #1 | Hash: b098c069f340 | Status: ACTIVE
[2026-09-17T02:41:38.844Z] [ESEB-LOG] DISPATCH: Virtual Thread #2 | Hash: d406d01a7bc0 | Status: ACTIVE
[2026-09-17T02:41:38.844Z] [ESEB-LOG] DISPATCH: Virtual Thread #3 | Hash: bd730e04cb17 | Status: ACTIVE
[2026-09-17T02:41:38.844Z] [ESEB-LOG] DISPATCH: Virtual Thread #4 | Hash: 9127408d9e2f | Status: ACTIVE
[2026-09-17T02:41:38.844Z] [ESEB-LOG] DISPATCH: Virtual Thread #5 | Hash: 472bf8de1aa2 | Status: ACTIVE
[2026-09-17T02:41:38.844Z] [ESEB-LOG] DISPATCH: Virtual Thread #6 | Hash: 572dc1fc7cde | Status: ACTIVE
[2026-09-17T02:41:38.844Z] [ESEB-LOG] DISPATCH: Virtual Thread #7 | Hash: aef2fa3c448c | Status: ACTIVE
[2026-09-17T02:41:38.844Z] [ESEB-LOG] DISPATCH: Virtual Thread #8 | Hash: f93af8d7783d | Status: ACTIVE
[2026-09-17T02:41:38.844Z] [ESEB-LOG] DISPATCH: Virtual Thread #9 | Hash: 3273b78a5f89 | Status: ACTIVE
[2026-09-17T02:41:38.844Z] [ESEB-LOG] DISPATCH: Virtual Thread #10 | Hash: 815fc5cd5362 | Status: ACTIVE
[2026-09-17T02:41:38.844Z] [ESEB-LOG] DISPATCH: Virtual Thread #11 | Hash: 30978400e684 | Status: ACTIVE
[2026-09-17T02:41:38.844Z] [ESEB-LOG] DISPATCH: Virtual Thread #12 | Hash: 98c47dab39b4 | Status: ACTIVE
[2026-09-17T02:41:38.844Z] [ESEB-LOG] DISPATCH: Virtual Thread #13 | Hash: 7791100aaa93 | Status: ACTIVE
[2026-09-17T02:41:38.844Z] [ESEB-LOG] DISPATCH: Virtual Thread #14 | Hash: 1133364df464 | Status: ACTIVE
[2026-09-17T02:41:38.844Z] [ESEB-LOG] DISPATCH: Virtual Thread #15 | Hash: 8117a4fc595e | Status: ACTIVE
[2026-09-17T02:41:38.844Z] [ESEB-LOG] DISPATCH: Virtual Thread #16 | Hash: 8d5c8f872773 | Status: ACTIVE
[2026-09-17T02:41:38.844Z] [ESEB-LOG] DISPATCH: Virtual Thread #17 | Hash: f0303ec8415a | Status: ACTIVE
[2026-09-17T02:41:38.845Z] [ESEB-LOG] DISPATCH: Virtual Thread #18 | Hash: ec8d040279cd | Status: ACTIVE
[2026-09-17T02:41:38.845Z] [ESEB-LOG] DISPATCH: Virtual Thread #19 | Hash: 377d87b97cb5 | Status: ACTIVE
[2026-09-17T02:41:38.845Z] [ESEB-LOG] DISPATCH: Virtual Thread #20 | Hash: 35aafea2740f | Status: ACTIVE
[2026-09-17T02:41:38.845Z] [ESEB-LOG] DISPATCH: Virtual Thread #21 | Hash: 124ebde666cb | Status: ACTIVE
[2026-09-17T02:41:38.845Z] [ESEB-LOG] DISPATCH: Virtual Thread #22 | Hash: 1cb124506375 | Status: ACTIVE
[2026-09-17T02:41:38.845Z] [ESEB-LOG] DISPATCH: Virtual Thread #23 | Hash: 4692f6bc440c | Status: ACTIVE
[2026-09-17T02:41:38.845Z] [ESEB-LOG] DISPATCH: Virtual Thread #24 | Hash: 3f5498a2d081 | Status: ACTIVE
[2026-09-17T02:41:38.845Z] [ESEB-LOG] ESEB CLASSIC SUCCESS: Core Authenticated | V-STAMP-24 Verified.
[2026-09-17T02:41:38.845Z] [ESEB-LOG] END: Execution Completed. Sharded Virtual Threads Active: 24/24 | Entropy δ = 0.
[2026-09-17T09:03:23.864Z] [ESEB-LOG] START: Orchestration initialized for domain 8000kicks.donabico.com
[2026-09-17T09:03:23.865Z] [ESEB-LOG] ROUND-ROBIN SELECTOR: Active Node: LLAMA_70B (Super Smart Intelligent Reviews & Deep Synthesis)
[2026-09-17T09:03:32.181Z] [ESEB-LOG] SOTA SUCCESS: NODE [LLAMA_70B] HTTP Status: 200 OK (Credit Preserved)
[2026-09-17T09:03:32.182Z] [ESEB-LOG] HASH SHARDING: Initializing mathematical hash mapping into 24 virtual threads...
[2026-09-17T09:03:32.183Z] [ESEB-LOG] HASH SHARDING SUCCESS: All 24 virtual sharded threads mapped & verified. Entropy δ = 0.
[2026-09-17T09:03:32.183Z] [ESEB-LOG] DISPATCH: Virtual Thread #1 | Hash: 8c6e98e6e846 | Status: ACTIVE
[2026-09-17T09:03:32.183Z] [ESEB-LOG] DISPATCH: Virtual Thread #2 | Hash: aa13f108f97d | Status: ACTIVE
[2026-09-17T09:03:32.183Z] [ESEB-LOG] DISPATCH: Virtual Thread #3 | Hash: d3102eb7525b | Status: ACTIVE
[2026-09-17T09:03:32.183Z] [ESEB-LOG] DISPATCH: Virtual Thread #4 | Hash: dccc17da1b63 | Status: ACTIVE
[2026-09-17T09:03:32.183Z] [ESEB-LOG] DISPATCH: Virtual Thread #5 | Hash: 5e36470d42e1 | Status: ACTIVE
[2026-09-17T09:03:32.183Z] [ESEB-LOG] DISPATCH: Virtual Thread #6 | Hash: fb4f8c5bee3d | Status: ACTIVE
[2026-09-17T09:03:32.183Z] [ESEB-LOG] DISPATCH: Virtual Thread #7 | Hash: 995be85ad294 | Status: ACTIVE
[2026-09-17T09:03:32.183Z] [ESEB-LOG] DISPATCH: Virtual Thread #8 | Hash: 43e69949ba06 | Status: ACTIVE
[2026-09-17T09:03:32.183Z] [ESEB-LOG] DISPATCH: Virtual Thread #9 | Hash: 96f4770f8c0c | Status: ACTIVE
[2026-09-17T09:03:32.183Z] [ESEB-LOG] DISPATCH: Virtual Thread #10 | Hash: 1441f4f4072c | Status: ACTIVE
[2026-09-17T09:03:32.183Z] [ESEB-LOG] DISPATCH: Virtual Thread #11 | Hash: 10ccf2a13ff5 | Status: ACTIVE
[2026-09-17T09:03:32.183Z] [ESEB-LOG] DISPATCH: Virtual Thread #12 | Hash: 056fa762bb66 | Status: ACTIVE
[2026-09-17T09:03:32.183Z] [ESEB-LOG] DISPATCH: Virtual Thread #13 | Hash: 376cb1f648ae | Status: ACTIVE
[2026-09-17T09:03:32.183Z] [ESEB-LOG] DISPATCH: Virtual Thread #14 | Hash: ecbe69038874 | Status: ACTIVE
[2026-09-17T09:03:32.183Z] [ESEB-LOG] DISPATCH: Virtual Thread #15 | Hash: 289f141301b4 | Status: ACTIVE
[2026-09-17T09:03:32.183Z] [ESEB-LOG] DISPATCH: Virtual Thread #16 | Hash: af0d29c02436 | Status: ACTIVE
[2026-09-17T09:03:32.183Z] [ESEB-LOG] DISPATCH: Virtual Thread #17 | Hash: cda39a66f0de | Status: ACTIVE
[2026-09-17T09:03:32.183Z] [ESEB-LOG] DISPATCH: Virtual Thread #18 | Hash: c0fa2c3dce1f | Status: ACTIVE
[2026-09-17T09:03:32.183Z] [ESEB-LOG] DISPATCH: Virtual Thread #19 | Hash: 8e056b87916a | Status: ACTIVE
[2026-09-17T09:03:32.183Z] [ESEB-LOG] DISPATCH: Virtual Thread #20 | Hash: c4fa27d8e238 | Status: ACTIVE
[2026-09-17T09:03:32.183Z] [ESEB-LOG] DISPATCH: Virtual Thread #21 | Hash: 9e16773f0a37 | Status: ACTIVE
[2026-09-17T09:03:32.183Z] [ESEB-LOG] DISPATCH: Virtual Thread #22 | Hash: e25268d96e59 | Status: ACTIVE
[2026-09-17T09:03:32.183Z] [ESEB-LOG] DISPATCH: Virtual Thread #23 | Hash: f5abba31d61c | Status: ACTIVE
[2026-09-17T09:03:32.183Z] [ESEB-LOG] DISPATCH: Virtual Thread #24 | Hash: b581588adfe9 | Status: ACTIVE
[2026-09-17T09:03:32.183Z] [ESEB-LOG] ESEB CLASSIC SUCCESS: Core Authenticated | V-STAMP-24 Verified.
[2026-09-17T09:03:32.184Z] [ESEB-LOG] END: Execution Completed. Sharded Virtual Threads Active: 24/24 | Entropy δ = 0.
[2026-09-17T15:57:24.904Z] [ESEB-LOG] START: Orchestration initialized for domain 8000kicks.donabico.com
[2026-09-17T15:57:24.904Z] [ESEB-LOG] ROUND-ROBIN SELECTOR: Active Node: LLAMA_8B (Rapid RAG Fallback & Smart Sourcing)
[2026-09-17T15:57:28.010Z] [ESEB-LOG] SOTA SUCCESS: NODE [LLAMA_8B] HTTP Status: 200 OK (Credit Preserved)
[2026-09-17T15:57:28.011Z] [ESEB-LOG] HASH SHARDING: Initializing mathematical hash mapping into 24 virtual threads...
[2026-09-17T15:57:28.011Z] [ESEB-LOG] HASH SHARDING SUCCESS: All 24 virtual sharded threads mapped & verified. Entropy δ = 0.
[2026-09-17T15:57:28.011Z] [ESEB-LOG] DISPATCH: Virtual Thread #1 | Hash: 687cc10d52d7 | Status: ACTIVE
[2026-09-17T15:57:28.012Z] [ESEB-LOG] DISPATCH: Virtual Thread #2 | Hash: 6cdcedfc3089 | Status: ACTIVE
[2026-09-17T15:57:28.012Z] [ESEB-LOG] DISPATCH: Virtual Thread #3 | Hash: 357648b0e4fd | Status: ACTIVE
[2026-09-17T15:57:28.012Z] [ESEB-LOG] DISPATCH: Virtual Thread #4 | Hash: 89d22eff55c3 | Status: ACTIVE
[2026-09-17T15:57:28.012Z] [ESEB-LOG] DISPATCH: Virtual Thread #5 | Hash: 26bf1e9f5aaf | Status: ACTIVE
[2026-09-17T15:57:28.012Z] [ESEB-LOG] DISPATCH: Virtual Thread #6 | Hash: c8ddb439c28e | Status: ACTIVE
[2026-09-17T15:57:28.012Z] [ESEB-LOG] DISPATCH: Virtual Thread #7 | Hash: 0b2356cf1b34 | Status: ACTIVE
[2026-09-17T15:57:28.012Z] [ESEB-LOG] DISPATCH: Virtual Thread #8 | Hash: bfcb7001e469 | Status: ACTIVE
[2026-09-17T15:57:28.012Z] [ESEB-LOG] DISPATCH: Virtual Thread #9 | Hash: 185bf98bb4a2 | Status: ACTIVE
[2026-09-17T15:57:28.012Z] [ESEB-LOG] DISPATCH: Virtual Thread #10 | Hash: 0c75d4b5ceef | Status: ACTIVE
[2026-09-17T15:57:28.012Z] [ESEB-LOG] DISPATCH: Virtual Thread #11 | Hash: 5282fe776c03 | Status: ACTIVE
[2026-09-17T15:57:28.012Z] [ESEB-LOG] DISPATCH: Virtual Thread #12 | Hash: 7b13f0f5a30c | Status: ACTIVE
[2026-09-17T15:57:28.012Z] [ESEB-LOG] DISPATCH: Virtual Thread #13 | Hash: fe9661dd8e2c | Status: ACTIVE
[2026-09-17T15:57:28.012Z] [ESEB-LOG] DISPATCH: Virtual Thread #14 | Hash: 21736edf2b6f | Status: ACTIVE
[2026-09-17T15:57:28.012Z] [ESEB-LOG] DISPATCH: Virtual Thread #15 | Hash: 627fa74e6c53 | Status: ACTIVE
[2026-09-17T15:57:28.012Z] [ESEB-LOG] DISPATCH: Virtual Thread #16 | Hash: 7f03241de304 | Status: ACTIVE
[2026-09-17T15:57:28.012Z] [ESEB-LOG] DISPATCH: Virtual Thread #17 | Hash: 709a3f05b40e | Status: ACTIVE
[2026-09-17T15:57:28.012Z] [ESEB-LOG] DISPATCH: Virtual Thread #18 | Hash: 65c64497c04b | Status: ACTIVE
[2026-09-17T15:57:28.012Z] [ESEB-LOG] DISPATCH: Virtual Thread #19 | Hash: 61d3d8887f02 | Status: ACTIVE
[2026-09-17T15:57:28.012Z] [ESEB-LOG] DISPATCH: Virtual Thread #20 | Hash: 27eacd88a4b8 | Status: ACTIVE
[2026-09-17T15:57:28.012Z] [ESEB-LOG] DISPATCH: Virtual Thread #21 | Hash: fbcd1d4f0172 | Status: ACTIVE
[2026-09-17T15:57:28.012Z] [ESEB-LOG] DISPATCH: Virtual Thread #22 | Hash: b05c9e574ef4 | Status: ACTIVE
[2026-09-17T15:57:28.012Z] [ESEB-LOG] DISPATCH: Virtual Thread #23 | Hash: d55205d28311 | Status: ACTIVE
[2026-09-17T15:57:28.012Z] [ESEB-LOG] DISPATCH: Virtual Thread #24 | Hash: 7c23bbdacf44 | Status: ACTIVE
[2026-09-17T15:57:28.012Z] [ESEB-LOG] ESEB CLASSIC SUCCESS: Core Authenticated | V-STAMP-24 Verified.
[2026-09-17T15:57:28.012Z] [ESEB-LOG] END: Execution Completed. Sharded Virtual Threads Active: 24/24 | Entropy δ = 0.
[2026-09-17T19:32:32.490Z] [ESEB-LOG] START: Orchestration initialized for domain 8000kicks.donabico.com
[2026-09-17T19:32:32.490Z] [ESEB-LOG] ROUND-ROBIN SELECTOR: Active Node: DEEPSEEK (Advanced Reasoning & GEO-SEO Optimization)
[2026-09-17T19:32:41.398Z] [ESEB-LOG] SOTA SUCCESS: NODE [DEEPSEEK] HTTP Status: 200 OK (Credit Preserved)
[2026-09-17T19:32:41.399Z] [ESEB-LOG] HASH SHARDING: Initializing mathematical hash mapping into 24 virtual threads...
[2026-09-17T19:32:41.399Z] [ESEB-LOG] HASH SHARDING SUCCESS: All 24 virtual sharded threads mapped & verified. Entropy δ = 0.
[2026-09-17T19:32:41.399Z] [ESEB-LOG] DISPATCH: Virtual Thread #1 | Hash: e994213a55e5 | Status: ACTIVE
[2026-09-17T19:32:41.399Z] [ESEB-LOG] DISPATCH: Virtual Thread #2 | Hash: 54960611c80e | Status: ACTIVE
[2026-09-17T19:32:41.399Z] [ESEB-LOG] DISPATCH: Virtual Thread #3 | Hash: b7908f5bb36b | Status: ACTIVE
[2026-09-17T19:32:41.399Z] [ESEB-LOG] DISPATCH: Virtual Thread #4 | Hash: e82e29a8c591 | Status: ACTIVE
[2026-09-17T19:32:41.399Z] [ESEB-LOG] DISPATCH: Virtual Thread #5 | Hash: 7155166b8a21 | Status: ACTIVE
[2026-09-17T19:32:41.399Z] [ESEB-LOG] DISPATCH: Virtual Thread #6 | Hash: 60e8a121e4a0 | Status: ACTIVE
[2026-09-17T19:32:41.399Z] [ESEB-LOG] DISPATCH: Virtual Thread #7 | Hash: 10905115127b | Status: ACTIVE
[2026-09-17T19:32:41.399Z] [ESEB-LOG] DISPATCH: Virtual Thread #8 | Hash: d0009492f754 | Status: ACTIVE
[2026-09-17T19:32:41.399Z] [ESEB-LOG] DISPATCH: Virtual Thread #9 | Hash: 4021412d5637 | Status: ACTIVE
[2026-09-17T19:32:41.399Z] [ESEB-LOG] DISPATCH: Virtual Thread #10 | Hash: 9a381534ef5b | Status: ACTIVE
[2026-09-17T19:32:41.399Z] [ESEB-LOG] DISPATCH: Virtual Thread #11 | Hash: def223624306 | Status: ACTIVE
[2026-09-17T19:32:41.399Z] [ESEB-LOG] DISPATCH: Virtual Thread #12 | Hash: dda27751a67f | Status: ACTIVE
[2026-09-17T19:32:41.400Z] [ESEB-LOG] DISPATCH: Virtual Thread #13 | Hash: 7a5264e368d4 | Status: ACTIVE
[2026-09-17T19:32:41.400Z] [ESEB-LOG] DISPATCH: Virtual Thread #14 | Hash: 9b54a6a646be | Status: ACTIVE
[2026-09-17T19:32:41.400Z] [ESEB-LOG] DISPATCH: Virtual Thread #15 | Hash: 3f0a1bfef8d8 | Status: ACTIVE
[2026-09-17T19:32:41.400Z] [ESEB-LOG] DISPATCH: Virtual Thread #16 | Hash: 66c9e67bbb23 | Status: ACTIVE
[2026-09-17T19:32:41.400Z] [ESEB-LOG] DISPATCH: Virtual Thread #17 | Hash: 75be0141f75e | Status: ACTIVE
[2026-09-17T19:32:41.400Z] [ESEB-LOG] DISPATCH: Virtual Thread #18 | Hash: 030e7e7de8bf | Status: ACTIVE
[2026-09-17T19:32:41.400Z] [ESEB-LOG] DISPATCH: Virtual Thread #19 | Hash: bb13bbae2bb4 | Status: ACTIVE
[2026-09-17T19:32:41.400Z] [ESEB-LOG] DISPATCH: Virtual Thread #20 | Hash: 155f685b42a3 | Status: ACTIVE
[2026-09-17T19:32:41.400Z] [ESEB-LOG] DISPATCH: Virtual Thread #21 | Hash: 7d76d45101ea | Status: ACTIVE
[2026-09-17T19:32:41.400Z] [ESEB-LOG] DISPATCH: Virtual Thread #22 | Hash: 8788d17bba61 | Status: ACTIVE
[2026-09-17T19:32:41.400Z] [ESEB-LOG] DISPATCH: Virtual Thread #23 | Hash: 2971b0084f3f | Status: ACTIVE
[2026-09-17T19:32:41.400Z] [ESEB-LOG] DISPATCH: Virtual Thread #24 | Hash: 71d2e5719e4e | Status: ACTIVE
[2026-09-17T19:32:41.400Z] [ESEB-LOG] ESEB CLASSIC SUCCESS: Core Authenticated | V-STAMP-24 Verified.
[2026-09-17T19:32:41.400Z] [ESEB-LOG] END: Execution Completed. Sharded Virtual Threads Active: 24/24 | Entropy δ = 0.
[2026-09-17T22:33:21.375Z] [ESEB-LOG] START: Orchestration initialized for domain 8000kicks.donabico.com
[2026-09-17T22:33:21.376Z] [ESEB-LOG] ROUND-ROBIN SELECTOR: Active Node: MISTRAL_7B (JSON-LD Schema & Structured Intelligence)
[2026-09-17T22:33:31.474Z] [ESEB-LOG] AUTO-HEALED: Request timeout. Self-healing fallback engaged.
[2026-09-17T22:33:31.475Z] [ESEB-LOG] HASH SHARDING: Initializing mathematical hash mapping into 24 virtual threads...
[2026-09-17T22:33:31.475Z] [ESEB-LOG] HASH SHARDING SUCCESS: All 24 virtual sharded threads mapped & verified. Entropy δ = 0.
[2026-09-17T22:33:31.475Z] [ESEB-LOG] DISPATCH: Virtual Thread #1 | Hash: 26eb101d5881 | Status: ACTIVE
[2026-09-17T22:33:31.475Z] [ESEB-LOG] DISPATCH: Virtual Thread #2 | Hash: 00e1f8c9d811 | Status: ACTIVE
[2026-09-17T22:33:31.475Z] [ESEB-LOG] DISPATCH: Virtual Thread #3 | Hash: b5937f00e68a | Status: ACTIVE
[2026-09-17T22:33:31.476Z] [ESEB-LOG] DISPATCH: Virtual Thread #4 | Hash: f5461eb57216 | Status: ACTIVE
[2026-09-17T22:33:31.476Z] [ESEB-LOG] DISPATCH: Virtual Thread #5 | Hash: 01591b6a4c76 | Status: ACTIVE
[2026-09-17T22:33:31.476Z] [ESEB-LOG] DISPATCH: Virtual Thread #6 | Hash: c5f058b7d33c | Status: ACTIVE
[2026-09-17T22:33:31.476Z] [ESEB-LOG] DISPATCH: Virtual Thread #7 | Hash: 50fca604e815 | Status: ACTIVE
[2026-09-17T22:33:31.476Z] [ESEB-LOG] DISPATCH: Virtual Thread #8 | Hash: 4bc149bc35c5 | Status: ACTIVE
[2026-09-17T22:33:31.476Z] [ESEB-LOG] DISPATCH: Virtual Thread #9 | Hash: 6589a571beaa | Status: ACTIVE
[2026-09-17T22:33:31.476Z] [ESEB-LOG] DISPATCH: Virtual Thread #10 | Hash: 6cfbaf8c3f07 | Status: ACTIVE
[2026-09-17T22:33:31.476Z] [ESEB-LOG] DISPATCH: Virtual Thread #11 | Hash: a093c0acd28a | Status: ACTIVE
[2026-09-17T22:33:31.476Z] [ESEB-LOG] DISPATCH: Virtual Thread #12 | Hash: b2b2619e76c2 | Status: ACTIVE
[2026-09-17T22:33:31.476Z] [ESEB-LOG] DISPATCH: Virtual Thread #13 | Hash: d500475371ba | Status: ACTIVE
[2026-09-17T22:33:31.476Z] [ESEB-LOG] DISPATCH: Virtual Thread #14 | Hash: cdff8df30ceb | Status: ACTIVE
[2026-09-17T22:33:31.476Z] [ESEB-LOG] DISPATCH: Virtual Thread #15 | Hash: 14bdc35060d3 | Status: ACTIVE
[2026-09-17T22:33:31.476Z] [ESEB-LOG] DISPATCH: Virtual Thread #16 | Hash: 612a5d628758 | Status: ACTIVE
[2026-09-17T22:33:31.476Z] [ESEB-LOG] DISPATCH: Virtual Thread #17 | Hash: 4bb6da22dc44 | Status: ACTIVE
[2026-09-17T22:33:31.476Z] [ESEB-LOG] DISPATCH: Virtual Thread #18 | Hash: b0fa694b5dab | Status: ACTIVE
[2026-09-17T22:33:31.476Z] [ESEB-LOG] DISPATCH: Virtual Thread #19 | Hash: aba6901eac43 | Status: ACTIVE
[2026-09-17T22:33:31.476Z] [ESEB-LOG] DISPATCH: Virtual Thread #20 | Hash: 62adbddd71e6 | Status: ACTIVE
[2026-09-17T22:33:31.476Z] [ESEB-LOG] DISPATCH: Virtual Thread #21 | Hash: 7a2f5cf22989 | Status: ACTIVE
[2026-09-17T22:33:31.476Z] [ESEB-LOG] DISPATCH: Virtual Thread #22 | Hash: 763e7e74ff4f | Status: ACTIVE
[2026-09-17T22:33:31.476Z] [ESEB-LOG] DISPATCH: Virtual Thread #23 | Hash: 276ffaeb9b62 | Status: ACTIVE
[2026-09-17T22:33:31.476Z] [ESEB-LOG] DISPATCH: Virtual Thread #24 | Hash: a503d7de56ea | Status: ACTIVE
[2026-09-17T22:33:31.476Z] [ESEB-LOG] ESEB CLASSIC SUCCESS: Core Authenticated | V-STAMP-24 Verified.
[2026-09-17T22:33:31.476Z] [ESEB-LOG] END: Execution Completed. Sharded Virtual Threads Active: 24/24 | Entropy δ = 0.
[2026-09-18T02:28:48.798Z] [ESEB-LOG] START: Orchestration initialized for domain 8000kicks.donabico.com
[2026-09-18T02:28:48.798Z] [ESEB-LOG] ROUND-ROBIN SELECTOR: Active Node: LLAMA_3B (Edge Ultra-Fast Localization)
[2026-09-18T02:28:50.062Z] [ESEB-LOG] SOTA SUCCESS: NODE [LLAMA_3B] HTTP Status: 200 OK (Credit Preserved)
[2026-09-18T02:28:50.063Z] [ESEB-LOG] HASH SHARDING: Initializing mathematical hash mapping into 24 virtual threads...
[2026-09-18T02:28:50.064Z] [ESEB-LOG] HASH SHARDING SUCCESS: All 24 virtual sharded threads mapped & verified. Entropy δ = 0.
[2026-09-18T02:28:50.064Z] [ESEB-LOG] DISPATCH: Virtual Thread #1 | Hash: 9e69fb10ba87 | Status: ACTIVE
[2026-09-18T02:28:50.064Z] [ESEB-LOG] DISPATCH: Virtual Thread #2 | Hash: 1fa620ce967c | Status: ACTIVE
[2026-09-18T02:28:50.064Z] [ESEB-LOG] DISPATCH: Virtual Thread #3 | Hash: cd499f2ba444 | Status: ACTIVE
[2026-09-18T02:28:50.064Z] [ESEB-LOG] DISPATCH: Virtual Thread #4 | Hash: 7cca11aeacf4 | Status: ACTIVE
[2026-09-18T02:28:50.064Z] [ESEB-LOG] DISPATCH: Virtual Thread #5 | Hash: 83f8d8fd325b | Status: ACTIVE
[2026-09-18T02:28:50.064Z] [ESEB-LOG] DISPATCH: Virtual Thread #6 | Hash: d37efe70723a | Status: ACTIVE
[2026-09-18T02:28:50.064Z] [ESEB-LOG] DISPATCH: Virtual Thread #7 | Hash: f68a9df4bc3f | Status: ACTIVE
[2026-09-18T02:28:50.064Z] [ESEB-LOG] DISPATCH: Virtual Thread #8 | Hash: 7894090ae7f9 | Status: ACTIVE
[2026-09-18T02:28:50.064Z] [ESEB-LOG] DISPATCH: Virtual Thread #9 | Hash: 9a38fc67a7a7 | Status: ACTIVE
[2026-09-18T02:28:50.064Z] [ESEB-LOG] DISPATCH: Virtual Thread #10 | Hash: 49a36e495a30 | Status: ACTIVE
[2026-09-18T02:28:50.064Z] [ESEB-LOG] DISPATCH: Virtual Thread #11 | Hash: d309ecd7c2bc | Status: ACTIVE
[2026-09-18T02:28:50.064Z] [ESEB-LOG] DISPATCH: Virtual Thread #12 | Hash: 5c3f1e4217c0 | Status: ACTIVE
[2026-09-18T02:28:50.064Z] [ESEB-LOG] DISPATCH: Virtual Thread #13 | Hash: 0a9800988971 | Status: ACTIVE
[2026-09-18T02:28:50.064Z] [ESEB-LOG] DISPATCH: Virtual Thread #14 | Hash: 27043b781a31 | Status: ACTIVE
[2026-09-18T02:28:50.064Z] [ESEB-LOG] DISPATCH: Virtual Thread #15 | Hash: 1ce9b13dafce | Status: ACTIVE
[2026-09-18T02:28:50.064Z] [ESEB-LOG] DISPATCH: Virtual Thread #16 | Hash: 959376c2f618 | Status: ACTIVE
[2026-09-18T02:28:50.064Z] [ESEB-LOG] DISPATCH: Virtual Thread #17 | Hash: 5d1f0ca0b75e | Status: ACTIVE
[2026-09-18T02:28:50.064Z] [ESEB-LOG] DISPATCH: Virtual Thread #18 | Hash: 427b2a67f8f9 | Status: ACTIVE
[2026-09-18T02:28:50.064Z] [ESEB-LOG] DISPATCH: Virtual Thread #19 | Hash: afca80b5640d | Status: ACTIVE
[2026-09-18T02:28:50.064Z] [ESEB-LOG] DISPATCH: Virtual Thread #20 | Hash: 6e0daf76e355 | Status: ACTIVE
[2026-09-18T02:28:50.064Z] [ESEB-LOG] DISPATCH: Virtual Thread #21 | Hash: c88ea1668e13 | Status: ACTIVE
[2026-09-18T02:28:50.064Z] [ESEB-LOG] DISPATCH: Virtual Thread #22 | Hash: 05a693e60524 | Status: ACTIVE
[2026-09-18T02:28:50.064Z] [ESEB-LOG] DISPATCH: Virtual Thread #23 | Hash: e83446eb731f | Status: ACTIVE
[2026-09-18T02:28:50.064Z] [ESEB-LOG] DISPATCH: Virtual Thread #24 | Hash: c52ccaa6d73d | Status: ACTIVE
[2026-09-18T02:28:50.064Z] [ESEB-LOG] ESEB CLASSIC SUCCESS: Core Authenticated | V-STAMP-24 Verified.
[2026-09-18T02:28:50.064Z] [ESEB-LOG] END: Execution Completed. Sharded Virtual Threads Active: 24/24 | Entropy δ = 0.
[2026-09-18T08:37:48.336Z] [ESEB-LOG] START: Orchestration initialized for domain 8000kicks.donabico.com
[2026-09-18T08:37:48.336Z] [ESEB-LOG] ROUND-ROBIN SELECTOR: Active Node: BGE_EMBEDDING (RAG Knowledge Vectorization)
[2026-09-18T08:37:48.971Z] [ESEB-LOG] SOTA SUCCESS: NODE [BGE_EMBEDDING] HTTP Status: 200 OK (Credit Preserved)
[2026-09-18T08:37:48.971Z] [ESEB-LOG] HASH SHARDING: Initializing mathematical hash mapping into 24 virtual threads...
[2026-09-18T08:37:48.972Z] [ESEB-LOG] HASH SHARDING SUCCESS: All 24 virtual sharded threads mapped & verified. Entropy δ = 0.
[2026-09-18T08:37:48.972Z] [ESEB-LOG] DISPATCH: Virtual Thread #1 | Hash: f9d74040d67d | Status: ACTIVE
[2026-09-18T08:37:48.972Z] [ESEB-LOG] DISPATCH: Virtual Thread #2 | Hash: 53ebda03392d | Status: ACTIVE
[2026-09-18T08:37:48.972Z] [ESEB-LOG] DISPATCH: Virtual Thread #3 | Hash: 282a51564793 | Status: ACTIVE
[2026-09-18T08:37:48.972Z] [ESEB-LOG] DISPATCH: Virtual Thread #4 | Hash: 950757c3a693 | Status: ACTIVE
[2026-09-18T08:37:48.972Z] [ESEB-LOG] DISPATCH: Virtual Thread #5 | Hash: 1211187c3022 | Status: ACTIVE
[2026-09-18T08:37:48.972Z] [ESEB-LOG] DISPATCH: Virtual Thread #6 | Hash: 9e9f6da5a65b | Status: ACTIVE
[2026-09-18T08:37:48.972Z] [ESEB-LOG] DISPATCH: Virtual Thread #7 | Hash: 7934e0e6f76e | Status: ACTIVE
[2026-09-18T08:37:48.972Z] [ESEB-LOG] DISPATCH: Virtual Thread #8 | Hash: 28e88ad48cc3 | Status: ACTIVE
[2026-09-18T08:37:48.972Z] [ESEB-LOG] DISPATCH: Virtual Thread #9 | Hash: 5ec234073d44 | Status: ACTIVE
[2026-09-18T08:37:48.972Z] [ESEB-LOG] DISPATCH: Virtual Thread #10 | Hash: b8c537775e31 | Status: ACTIVE
[2026-09-18T08:37:48.972Z] [ESEB-LOG] DISPATCH: Virtual Thread #11 | Hash: b4a1c5f6b164 | Status: ACTIVE
[2026-09-18T08:37:48.972Z] [ESEB-LOG] DISPATCH: Virtual Thread #12 | Hash: aa77ddd87a60 | Status: ACTIVE
[2026-09-18T08:37:48.972Z] [ESEB-LOG] DISPATCH: Virtual Thread #13 | Hash: 2c77ad7c3d1b | Status: ACTIVE
[2026-09-18T08:37:48.972Z] [ESEB-LOG] DISPATCH: Virtual Thread #14 | Hash: 7f0d75d40a65 | Status: ACTIVE
[2026-09-18T08:37:48.972Z] [ESEB-LOG] DISPATCH: Virtual Thread #15 | Hash: 595bf30265bc | Status: ACTIVE
[2026-09-18T08:37:48.972Z] [ESEB-LOG] DISPATCH: Virtual Thread #16 | Hash: 0a2240fd4c77 | Status: ACTIVE
[2026-09-18T08:37:48.972Z] [ESEB-LOG] DISPATCH: Virtual Thread #17 | Hash: 90354fa6dbea | Status: ACTIVE
[2026-09-18T08:37:48.972Z] [ESEB-LOG] DISPATCH: Virtual Thread #18 | Hash: ad3faa015896 | Status: ACTIVE
[2026-09-18T08:37:48.972Z] [ESEB-LOG] DISPATCH: Virtual Thread #19 | Hash: 687469cc2b1b | Status: ACTIVE
[2026-09-18T08:37:48.972Z] [ESEB-LOG] DISPATCH: Virtual Thread #20 | Hash: b18a629a4767 | Status: ACTIVE
[2026-09-18T08:37:48.972Z] [ESEB-LOG] DISPATCH: Virtual Thread #21 | Hash: f9686865b475 | Status: ACTIVE
[2026-09-18T08:37:48.972Z] [ESEB-LOG] DISPATCH: Virtual Thread #22 | Hash: 862b04efd9df | Status: ACTIVE
[2026-09-18T08:37:48.972Z] [ESEB-LOG] DISPATCH: Virtual Thread #23 | Hash: b2f4916c1648 | Status: ACTIVE
[2026-09-18T08:37:48.972Z] [ESEB-LOG] DISPATCH: Virtual Thread #24 | Hash: a0186d17b90b | Status: ACTIVE
[2026-09-18T08:37:48.972Z] [ESEB-LOG] ESEB CLASSIC SUCCESS: Core Authenticated | V-STAMP-24 Verified.
[2026-09-18T08:37:48.972Z] [ESEB-LOG] END: Execution Completed. Sharded Virtual Threads Active: 24/24 | Entropy δ = 0.
[2026-09-18T15:32:06.349Z] [ESEB-LOG] START: Orchestration initialized for domain 8000kicks.donabico.com
[2026-09-18T15:32:06.350Z] [ESEB-LOG] ROUND-ROBIN SELECTOR: Active Node: SDXL_IMAGE (Affiliate Intelligent Banners & Posters)
[2026-09-18T15:32:09.084Z] [ESEB-LOG] SOTA SUCCESS: NODE [SDXL_IMAGE] HTTP Status: 200 OK (Credit Preserved)
[2026-09-18T15:32:09.085Z] [ESEB-LOG] HASH SHARDING: Initializing mathematical hash mapping into 24 virtual threads...
[2026-09-18T15:32:09.085Z] [ESEB-LOG] HASH SHARDING SUCCESS: All 24 virtual sharded threads mapped & verified. Entropy δ = 0.
[2026-09-18T15:32:09.085Z] [ESEB-LOG] DISPATCH: Virtual Thread #1 | Hash: 60b135af44f7 | Status: ACTIVE
[2026-09-18T15:32:09.085Z] [ESEB-LOG] DISPATCH: Virtual Thread #2 | Hash: 302f2213441d | Status: ACTIVE
[2026-09-18T15:32:09.085Z] [ESEB-LOG] DISPATCH: Virtual Thread #3 | Hash: 85c354502de0 | Status: ACTIVE
[2026-09-18T15:32:09.085Z] [ESEB-LOG] DISPATCH: Virtual Thread #4 | Hash: 8db5f5644fc5 | Status: ACTIVE
[2026-09-18T15:32:09.085Z] [ESEB-LOG] DISPATCH: Virtual Thread #5 | Hash: 9f232051dbc8 | Status: ACTIVE
[2026-09-18T15:32:09.085Z] [ESEB-LOG] DISPATCH: Virtual Thread #6 | Hash: 543b467de065 | Status: ACTIVE
[2026-09-18T15:32:09.085Z] [ESEB-LOG] DISPATCH: Virtual Thread #7 | Hash: 2e5401354460 | Status: ACTIVE
[2026-09-18T15:32:09.085Z] [ESEB-LOG] DISPATCH: Virtual Thread #8 | Hash: cb7632e82444 | Status: ACTIVE
[2026-09-18T15:32:09.085Z] [ESEB-LOG] DISPATCH: Virtual Thread #9 | Hash: 974d528ba2c6 | Status: ACTIVE
[2026-09-18T15:32:09.085Z] [ESEB-LOG] DISPATCH: Virtual Thread #10 | Hash: eae4b13c4800 | Status: ACTIVE
[2026-09-18T15:32:09.085Z] [ESEB-LOG] DISPATCH: Virtual Thread #11 | Hash: dd0d9fb945d3 | Status: ACTIVE
[2026-09-18T15:32:09.085Z] [ESEB-LOG] DISPATCH: Virtual Thread #12 | Hash: 3bfbe6f7af36 | Status: ACTIVE
[2026-09-18T15:32:09.086Z] [ESEB-LOG] DISPATCH: Virtual Thread #13 | Hash: 17bdb18990a5 | Status: ACTIVE
[2026-09-18T15:32:09.086Z] [ESEB-LOG] DISPATCH: Virtual Thread #14 | Hash: 973b853a6687 | Status: ACTIVE
[2026-09-18T15:32:09.086Z] [ESEB-LOG] DISPATCH: Virtual Thread #15 | Hash: 54654af2079f | Status: ACTIVE
[2026-09-18T15:32:09.086Z] [ESEB-LOG] DISPATCH: Virtual Thread #16 | Hash: cd59ef74dabd | Status: ACTIVE
[2026-09-18T15:32:09.086Z] [ESEB-LOG] DISPATCH: Virtual Thread #17 | Hash: 4e3d3275353a | Status: ACTIVE
[2026-09-18T15:32:09.086Z] [ESEB-LOG] DISPATCH: Virtual Thread #18 | Hash: 8a5b17b5a042 | Status: ACTIVE
[2026-09-18T15:32:09.086Z] [ESEB-LOG] DISPATCH: Virtual Thread #19 | Hash: eff12b60b7a2 | Status: ACTIVE
[2026-09-18T15:32:09.086Z] [ESEB-LOG] DISPATCH: Virtual Thread #20 | Hash: b9a91ad58add | Status: ACTIVE
[2026-09-18T15:32:09.086Z] [ESEB-LOG] DISPATCH: Virtual Thread #21 | Hash: 19e53a2e8866 | Status: ACTIVE
[2026-09-18T15:32:09.086Z] [ESEB-LOG] DISPATCH: Virtual Thread #22 | Hash: 16506d5550e2 | Status: ACTIVE
[2026-09-18T15:32:09.086Z] [ESEB-LOG] DISPATCH: Virtual Thread #23 | Hash: 8be90bb52de4 | Status: ACTIVE
[2026-09-18T15:32:09.086Z] [ESEB-LOG] DISPATCH: Virtual Thread #24 | Hash: 9d2d0b4c9927 | Status: ACTIVE
[2026-09-18T15:32:09.086Z] [ESEB-LOG] ESEB CLASSIC SUCCESS: Core Authenticated | V-STAMP-24 Verified.
[2026-09-18T15:32:09.086Z] [ESEB-LOG] END: Execution Completed. Sharded Virtual Threads Active: 24/24 | Entropy δ = 0.
[2026-09-18T18:45:43.422Z] [ESEB-LOG] START: Orchestration initialized for domain 8000kicks.donabico.com
[2026-09-18T18:45:43.422Z] [ESEB-LOG] ROUND-ROBIN SELECTOR: Active Node: LLAMA_70B (Super Smart Intelligent Reviews & Deep Synthesis)
[2026-09-18T18:45:53.473Z] [ESEB-LOG] AUTO-HEALED: Request timeout. Self-healing fallback engaged.
[2026-09-18T18:45:53.473Z] [ESEB-LOG] HASH SHARDING: Initializing mathematical hash mapping into 24 virtual threads...
[2026-09-18T18:45:53.474Z] [ESEB-LOG] HASH SHARDING SUCCESS: All 24 virtual sharded threads mapped & verified. Entropy δ = 0.
[2026-09-18T18:45:53.474Z] [ESEB-LOG] DISPATCH: Virtual Thread #1 | Hash: 35fc6a10ffd0 | Status: ACTIVE
[2026-09-18T18:45:53.474Z] [ESEB-LOG] DISPATCH: Virtual Thread #2 | Hash: 1c262ad30f2c | Status: ACTIVE
[2026-09-18T18:45:53.474Z] [ESEB-LOG] DISPATCH: Virtual Thread #3 | Hash: 60f2928a1120 | Status: ACTIVE
[2026-09-18T18:45:53.474Z] [ESEB-LOG] DISPATCH: Virtual Thread #4 | Hash: bf11430f0851 | Status: ACTIVE
[2026-09-18T18:45:53.474Z] [ESEB-LOG] DISPATCH: Virtual Thread #5 | Hash: f7428ac28852 | Status: ACTIVE
[2026-09-18T18:45:53.474Z] [ESEB-LOG] DISPATCH: Virtual Thread #6 | Hash: 1006c0e01dab | Status: ACTIVE
[2026-09-18T18:45:53.474Z] [ESEB-LOG] DISPATCH: Virtual Thread #7 | Hash: f9c38cb0e4f1 | Status: ACTIVE
[2026-09-18T18:45:53.474Z] [ESEB-LOG] DISPATCH: Virtual Thread #8 | Hash: 1b14e06fd252 | Status: ACTIVE
[2026-09-18T18:45:53.474Z] [ESEB-LOG] DISPATCH: Virtual Thread #9 | Hash: f2d3ab4ceb17 | Status: ACTIVE
[2026-09-18T18:45:53.474Z] [ESEB-LOG] DISPATCH: Virtual Thread #10 | Hash: 1a4464df8f45 | Status: ACTIVE
[2026-09-18T18:45:53.474Z] [ESEB-LOG] DISPATCH: Virtual Thread #11 | Hash: 7b2da1c00558 | Status: ACTIVE
[2026-09-18T18:45:53.474Z] [ESEB-LOG] DISPATCH: Virtual Thread #12 | Hash: abcb364568fe | Status: ACTIVE
[2026-09-18T18:45:53.474Z] [ESEB-LOG] DISPATCH: Virtual Thread #13 | Hash: a0a18a62d893 | Status: ACTIVE
[2026-09-18T18:45:53.474Z] [ESEB-LOG] DISPATCH: Virtual Thread #14 | Hash: bfc6144f81f1 | Status: ACTIVE
[2026-09-18T18:45:53.474Z] [ESEB-LOG] DISPATCH: Virtual Thread #15 | Hash: fb83c410ed1f | Status: ACTIVE
[2026-09-18T18:45:53.474Z] [ESEB-LOG] DISPATCH: Virtual Thread #16 | Hash: 9062ea792521 | Status: ACTIVE
[2026-09-18T18:45:53.474Z] [ESEB-LOG] DISPATCH: Virtual Thread #17 | Hash: d5bb09d31533 | Status: ACTIVE
[2026-09-18T18:45:53.474Z] [ESEB-LOG] DISPATCH: Virtual Thread #18 | Hash: ad933be164a7 | Status: ACTIVE
[2026-09-18T18:45:53.474Z] [ESEB-LOG] DISPATCH: Virtual Thread #19 | Hash: 0db6d1df38fd | Status: ACTIVE
[2026-09-18T18:45:53.474Z] [ESEB-LOG] DISPATCH: Virtual Thread #20 | Hash: 591c86953270 | Status: ACTIVE
[2026-09-18T18:45:53.474Z] [ESEB-LOG] DISPATCH: Virtual Thread #21 | Hash: ab9ebb39446d | Status: ACTIVE
[2026-09-18T18:45:53.474Z] [ESEB-LOG] DISPATCH: Virtual Thread #22 | Hash: af04ea428c4e | Status: ACTIVE
[2026-09-18T18:45:53.474Z] [ESEB-LOG] DISPATCH: Virtual Thread #23 | Hash: 2f1ebbef6b3c | Status: ACTIVE
[2026-09-18T18:45:53.474Z] [ESEB-LOG] DISPATCH: Virtual Thread #24 | Hash: 5f5af715467f | Status: ACTIVE
[2026-09-18T18:45:53.474Z] [ESEB-LOG] ESEB CLASSIC SUCCESS: Core Authenticated | V-STAMP-24 Verified.
[2026-09-18T18:45:53.474Z] [ESEB-LOG] END: Execution Completed. Sharded Virtual Threads Active: 24/24 | Entropy δ = 0.
[2026-09-18T22:07:02.206Z] [ESEB-LOG] START: Orchestration initialized for domain 8000kicks.donabico.com
[2026-09-18T22:07:02.206Z] [ESEB-LOG] ROUND-ROBIN SELECTOR: Active Node: LLAMA_8B (Rapid RAG Fallback & Smart Sourcing)
[2026-09-18T22:07:03.647Z] [ESEB-LOG] SOTA SUCCESS: NODE [LLAMA_8B] HTTP Status: 200 OK (Credit Preserved)
[2026-09-18T22:07:03.648Z] [ESEB-LOG] HASH SHARDING: Initializing mathematical hash mapping into 24 virtual threads...
[2026-09-18T22:07:03.649Z] [ESEB-LOG] HASH SHARDING SUCCESS: All 24 virtual sharded threads mapped & verified. Entropy δ = 0.
[2026-09-18T22:07:03.649Z] [ESEB-LOG] DISPATCH: Virtual Thread #1 | Hash: 4bed59942488 | Status: ACTIVE
[2026-09-18T22:07:03.649Z] [ESEB-LOG] DISPATCH: Virtual Thread #2 | Hash: 0533d3cae603 | Status: ACTIVE
[2026-09-18T22:07:03.649Z] [ESEB-LOG] DISPATCH: Virtual Thread #3 | Hash: d4fcbe6a1cba | Status: ACTIVE
[2026-09-18T22:07:03.649Z] [ESEB-LOG] DISPATCH: Virtual Thread #4 | Hash: 3c7fc21de3eb | Status: ACTIVE
[2026-09-18T22:07:03.649Z] [ESEB-LOG] DISPATCH: Virtual Thread #5 | Hash: a1e67f9d0b19 | Status: ACTIVE
[2026-09-18T22:07:03.649Z] [ESEB-LOG] DISPATCH: Virtual Thread #6 | Hash: f1b55ee7d1ee | Status: ACTIVE
[2026-09-18T22:07:03.649Z] [ESEB-LOG] DISPATCH: Virtual Thread #7 | Hash: 8f949fa8904b | Status: ACTIVE
[2026-09-18T22:07:03.649Z] [ESEB-LOG] DISPATCH: Virtual Thread #8 | Hash: 0ad81fe7eede | Status: ACTIVE
[2026-09-18T22:07:03.649Z] [ESEB-LOG] DISPATCH: Virtual Thread #9 | Hash: 72014183a78e | Status: ACTIVE
[2026-09-18T22:07:03.649Z] [ESEB-LOG] DISPATCH: Virtual Thread #10 | Hash: 876a1e13b6fa | Status: ACTIVE
[2026-09-18T22:07:03.649Z] [ESEB-LOG] DISPATCH: Virtual Thread #11 | Hash: 8dedb4914d7f | Status: ACTIVE
[2026-09-18T22:07:03.649Z] [ESEB-LOG] DISPATCH: Virtual Thread #12 | Hash: 1ba09e9b8db6 | Status: ACTIVE
[2026-09-18T22:07:03.649Z] [ESEB-LOG] DISPATCH: Virtual Thread #13 | Hash: f793b2847bc0 | Status: ACTIVE
[2026-09-18T22:07:03.649Z] [ESEB-LOG] DISPATCH: Virtual Thread #14 | Hash: bf26e5e8dcfd | Status: ACTIVE
[2026-09-18T22:07:03.649Z] [ESEB-LOG] DISPATCH: Virtual Thread #15 | Hash: 83565b6bab16 | Status: ACTIVE
[2026-09-18T22:07:03.649Z] [ESEB-LOG] DISPATCH: Virtual Thread #16 | Hash: f70ef4273aae | Status: ACTIVE
[2026-09-18T22:07:03.649Z] [ESEB-LOG] DISPATCH: Virtual Thread #17 | Hash: bbc318296857 | Status: ACTIVE
[2026-09-18T22:07:03.649Z] [ESEB-LOG] DISPATCH: Virtual Thread #18 | Hash: 039e210e231e | Status: ACTIVE
[2026-09-18T22:07:03.649Z] [ESEB-LOG] DISPATCH: Virtual Thread #19 | Hash: f079c7bc1fc4 | Status: ACTIVE
[2026-09-18T22:07:03.649Z] [ESEB-LOG] DISPATCH: Virtual Thread #20 | Hash: 4be8af9784ce | Status: ACTIVE
[2026-09-18T22:07:03.649Z] [ESEB-LOG] DISPATCH: Virtual Thread #21 | Hash: 6b2ab3ae5395 | Status: ACTIVE
[2026-09-18T22:07:03.649Z] [ESEB-LOG] DISPATCH: Virtual Thread #22 | Hash: af7100bb814f | Status: ACTIVE
[2026-09-18T22:07:03.649Z] [ESEB-LOG] DISPATCH: Virtual Thread #23 | Hash: f7536a9fd408 | Status: ACTIVE
[2026-09-18T22:07:03.649Z] [ESEB-LOG] DISPATCH: Virtual Thread #24 | Hash: 76465385fd6c | Status: ACTIVE
[2026-09-18T22:07:03.649Z] [ESEB-LOG] ESEB CLASSIC SUCCESS: Core Authenticated | V-STAMP-24 Verified.
[2026-09-18T22:07:03.649Z] [ESEB-LOG] END: Execution Completed. Sharded Virtual Threads Active: 24/24 | Entropy δ = 0.
[2026-09-19T02:28:16.935Z] [ESEB-LOG] START: Orchestration initialized for domain 8000kicks.donabico.com
[2026-09-19T02:28:16.936Z] [ESEB-LOG] ROUND-ROBIN SELECTOR: Active Node: DEEPSEEK (Advanced Reasoning & GEO-SEO Optimization)
[2026-09-19T02:28:25.248Z] [ESEB-LOG] SOTA SUCCESS: NODE [DEEPSEEK] HTTP Status: 200 OK (Credit Preserved)
[2026-09-19T02:28:25.249Z] [ESEB-LOG] HASH SHARDING: Initializing mathematical hash mapping into 24 virtual threads...
[2026-09-19T02:28:25.250Z] [ESEB-LOG] HASH SHARDING SUCCESS: All 24 virtual sharded threads mapped & verified. Entropy δ = 0.
[2026-09-19T02:28:25.250Z] [ESEB-LOG] DISPATCH: Virtual Thread #1 | Hash: 121ea41cd8f5 | Status: ACTIVE
[2026-09-19T02:28:25.250Z] [ESEB-LOG] DISPATCH: Virtual Thread #2 | Hash: d56c3f64522d | Status: ACTIVE
[2026-09-19T02:28:25.250Z] [ESEB-LOG] DISPATCH: Virtual Thread #3 | Hash: 4073c5582a25 | Status: ACTIVE
[2026-09-19T02:28:25.250Z] [ESEB-LOG] DISPATCH: Virtual Thread #4 | Hash: 67bca8317796 | Status: ACTIVE
[2026-09-19T02:28:25.250Z] [ESEB-LOG] DISPATCH: Virtual Thread #5 | Hash: 729d760f5ca4 | Status: ACTIVE
[2026-09-19T02:28:25.250Z] [ESEB-LOG] DISPATCH: Virtual Thread #6 | Hash: 000a395ad871 | Status: ACTIVE
[2026-09-19T02:28:25.250Z] [ESEB-LOG] DISPATCH: Virtual Thread #7 | Hash: d466eb8a4ad0 | Status: ACTIVE
[2026-09-19T02:28:25.250Z] [ESEB-LOG] DISPATCH: Virtual Thread #8 | Hash: e0f8bac1bb76 | Status: ACTIVE
[2026-09-19T02:28:25.250Z] [ESEB-LOG] DISPATCH: Virtual Thread #9 | Hash: fcb3eb3eb8ff | Status: ACTIVE
[2026-09-19T02:28:25.250Z] [ESEB-LOG] DISPATCH: Virtual Thread #10 | Hash: 483bee9e94a5 | Status: ACTIVE
[2026-09-19T02:28:25.250Z] [ESEB-LOG] DISPATCH: Virtual Thread #11 | Hash: 0e7e9167560d | Status: ACTIVE
[2026-09-19T02:28:25.250Z] [ESEB-LOG] DISPATCH: Virtual Thread #12 | Hash: 791b8c23f47d | Status: ACTIVE
[2026-09-19T02:28:25.250Z] [ESEB-LOG] DISPATCH: Virtual Thread #13 | Hash: 5f056766dd5a | Status: ACTIVE
[2026-09-19T02:28:25.250Z] [ESEB-LOG] DISPATCH: Virtual Thread #14 | Hash: 79eaf0810f4c | Status: ACTIVE
[2026-09-19T02:28:25.250Z] [ESEB-LOG] DISPATCH: Virtual Thread #15 | Hash: 4a4ad69019a4 | Status: ACTIVE
[2026-09-19T02:28:25.250Z] [ESEB-LOG] DISPATCH: Virtual Thread #16 | Hash: d1a94d0c4252 | Status: ACTIVE
[2026-09-19T02:28:25.250Z] [ESEB-LOG] DISPATCH: Virtual Thread #17 | Hash: ea1865e1d0cf | Status: ACTIVE
[2026-09-19T02:28:25.250Z] [ESEB-LOG] DISPATCH: Virtual Thread #18 | Hash: cd8170bf75fa | Status: ACTIVE
[2026-09-19T02:28:25.250Z] [ESEB-LOG] DISPATCH: Virtual Thread #19 | Hash: c671785adf03 | Status: ACTIVE
[2026-09-19T02:28:25.250Z] [ESEB-LOG] DISPATCH: Virtual Thread #20 | Hash: 6eeb9361bf04 | Status: ACTIVE
[2026-09-19T02:28:25.250Z] [ESEB-LOG] DISPATCH: Virtual Thread #21 | Hash: 9d0eb13dedbc | Status: ACTIVE
[2026-09-19T02:28:25.250Z] [ESEB-LOG] DISPATCH: Virtual Thread #22 | Hash: 2f7384901206 | Status: ACTIVE
[2026-09-19T02:28:25.250Z] [ESEB-LOG] DISPATCH: Virtual Thread #23 | Hash: 5c982569cc5e | Status: ACTIVE
[2026-09-19T02:28:25.250Z] [ESEB-LOG] DISPATCH: Virtual Thread #24 | Hash: 42adc1dd792d | Status: ACTIVE
[2026-09-19T02:28:25.250Z] [ESEB-LOG] ESEB CLASSIC SUCCESS: Core Authenticated | V-STAMP-24 Verified.
[2026-09-19T02:28:25.250Z] [ESEB-LOG] END: Execution Completed. Sharded Virtual Threads Active: 24/24 | Entropy δ = 0.
[2026-09-19T08:24:49.063Z] [ESEB-LOG] START: Orchestration initialized for domain 8000kicks.donabico.com
[2026-09-19T08:24:49.064Z] [ESEB-LOG] ROUND-ROBIN SELECTOR: Active Node: LLAMA_3B (Edge Ultra-Fast Localization)
[2026-09-19T08:24:50.241Z] [ESEB-LOG] SOTA SUCCESS: NODE [LLAMA_3B] HTTP Status: 200 OK (Credit Preserved)
[2026-09-19T08:24:50.242Z] [ESEB-LOG] HASH SHARDING: Initializing mathematical hash mapping into 24 virtual threads...
[2026-09-19T08:24:50.242Z] [ESEB-LOG] HASH SHARDING SUCCESS: All 24 virtual sharded threads mapped & verified. Entropy δ = 0.
[2026-09-19T08:24:50.242Z] [ESEB-LOG] DISPATCH: Virtual Thread #1 | Hash: 4dbc53115e0c | Status: ACTIVE
[2026-09-19T08:24:50.242Z] [ESEB-LOG] DISPATCH: Virtual Thread #2 | Hash: 48c66a477e75 | Status: ACTIVE
[2026-09-19T08:24:50.242Z] [ESEB-LOG] DISPATCH: Virtual Thread #3 | Hash: 531704234df3 | Status: ACTIVE
[2026-09-19T08:24:50.242Z] [ESEB-LOG] DISPATCH: Virtual Thread #4 | Hash: d4f5a568a3a8 | Status: ACTIVE
[2026-09-19T08:24:50.242Z] [ESEB-LOG] DISPATCH: Virtual Thread #5 | Hash: 883dc98d1d3f | Status: ACTIVE
[2026-09-19T08:24:50.243Z] [ESEB-LOG] DISPATCH: Virtual Thread #6 | Hash: d551c94ec6a9 | Status: ACTIVE
[2026-09-19T08:24:50.243Z] [ESEB-LOG] DISPATCH: Virtual Thread #7 | Hash: e9d7256175c1 | Status: ACTIVE
[2026-09-19T08:24:50.243Z] [ESEB-LOG] DISPATCH: Virtual Thread #8 | Hash: 45e38caebd70 | Status: ACTIVE
[2026-09-19T08:24:50.243Z] [ESEB-LOG] DISPATCH: Virtual Thread #9 | Hash: 749d1075676b | Status: ACTIVE
[2026-09-19T08:24:50.243Z] [ESEB-LOG] DISPATCH: Virtual Thread #10 | Hash: 156b46450dfd | Status: ACTIVE
[2026-09-19T08:24:50.243Z] [ESEB-LOG] DISPATCH: Virtual Thread #11 | Hash: bd6acc6e3cfd | Status: ACTIVE
[2026-09-19T08:24:50.243Z] [ESEB-LOG] DISPATCH: Virtual Thread #12 | Hash: f8c1e3970f21 | Status: ACTIVE
[2026-09-19T08:24:50.243Z] [ESEB-LOG] DISPATCH: Virtual Thread #13 | Hash: ec132c5efcdc | Status: ACTIVE
[2026-09-19T08:24:50.243Z] [ESEB-LOG] DISPATCH: Virtual Thread #14 | Hash: 917ff35c75c6 | Status: ACTIVE
[2026-09-19T08:24:50.243Z] [ESEB-LOG] DISPATCH: Virtual Thread #15 | Hash: d31148f8aa30 | Status: ACTIVE
[2026-09-19T08:24:50.243Z] [ESEB-LOG] DISPATCH: Virtual Thread #16 | Hash: 1767ddf04c03 | Status: ACTIVE
[2026-09-19T08:24:50.243Z] [ESEB-LOG] DISPATCH: Virtual Thread #17 | Hash: 48e03c1dd4b2 | Status: ACTIVE
[2026-09-19T08:24:50.243Z] [ESEB-LOG] DISPATCH: Virtual Thread #18 | Hash: 9516f5535688 | Status: ACTIVE
[2026-09-19T08:24:50.243Z] [ESEB-LOG] DISPATCH: Virtual Thread #19 | Hash: e399d6ecaee2 | Status: ACTIVE
[2026-09-19T08:24:50.243Z] [ESEB-LOG] DISPATCH: Virtual Thread #20 | Hash: 3860208bf686 | Status: ACTIVE
[2026-09-19T08:24:50.243Z] [ESEB-LOG] DISPATCH: Virtual Thread #21 | Hash: 33a442e3ebed | Status: ACTIVE
[2026-09-19T08:24:50.243Z] [ESEB-LOG] DISPATCH: Virtual Thread #22 | Hash: 325ddff9802f | Status: ACTIVE
[2026-09-19T08:24:50.243Z] [ESEB-LOG] DISPATCH: Virtual Thread #23 | Hash: e5a95cf06c43 | Status: ACTIVE
[2026-09-19T08:24:50.243Z] [ESEB-LOG] DISPATCH: Virtual Thread #24 | Hash: ead17a5ec6a6 | Status: ACTIVE
[2026-09-19T08:24:50.243Z] [ESEB-LOG] ESEB CLASSIC SUCCESS: Core Authenticated | V-STAMP-24 Verified.
[2026-09-19T08:24:50.243Z] [ESEB-LOG] END: Execution Completed. Sharded Virtual Threads Active: 24/24 | Entropy δ = 0.
[2026-09-19T15:06:29.945Z] [ESEB-LOG] START: Orchestration initialized for domain 8000kicks.donabico.com
[2026-09-19T15:06:29.945Z] [ESEB-LOG] ROUND-ROBIN SELECTOR: Active Node: GEMMA_7B (Context Enrichment & Smart Conversion)
[2026-09-19T15:06:40.010Z] [ESEB-LOG] AUTO-HEALED: Request timeout. Self-healing fallback engaged.
[2026-09-19T15:06:40.010Z] [ESEB-LOG] HASH SHARDING: Initializing mathematical hash mapping into 24 virtual threads...
[2026-09-19T15:06:40.011Z] [ESEB-LOG] HASH SHARDING SUCCESS: All 24 virtual sharded threads mapped & verified. Entropy δ = 0.
[2026-09-19T15:06:40.011Z] [ESEB-LOG] DISPATCH: Virtual Thread #1 | Hash: 4957503da8f9 | Status: ACTIVE
[2026-09-19T15:06:40.011Z] [ESEB-LOG] DISPATCH: Virtual Thread #2 | Hash: 10d634382b7c | Status: ACTIVE
[2026-09-19T15:06:40.011Z] [ESEB-LOG] DISPATCH: Virtual Thread #3 | Hash: 17202b8e0927 | Status: ACTIVE
[2026-09-19T15:06:40.011Z] [ESEB-LOG] DISPATCH: Virtual Thread #4 | Hash: 995393ebb1a0 | Status: ACTIVE
[2026-09-19T15:06:40.011Z] [ESEB-LOG] DISPATCH: Virtual Thread #5 | Hash: 4b44425ded58 | Status: ACTIVE
[2026-09-19T15:06:40.011Z] [ESEB-LOG] DISPATCH: Virtual Thread #6 | Hash: f396b5f405e4 | Status: ACTIVE
[2026-09-19T15:06:40.011Z] [ESEB-LOG] DISPATCH: Virtual Thread #7 | Hash: 4b2b6ed2c3b5 | Status: ACTIVE
[2026-09-19T15:06:40.011Z] [ESEB-LOG] DISPATCH: Virtual Thread #8 | Hash: 9dd0e6048fdf | Status: ACTIVE
[2026-09-19T15:06:40.011Z] [ESEB-LOG] DISPATCH: Virtual Thread #9 | Hash: 79ed62bd5d40 | Status: ACTIVE
[2026-09-19T15:06:40.011Z] [ESEB-LOG] DISPATCH: Virtual Thread #10 | Hash: 69c14ea560ff | Status: ACTIVE
[2026-09-19T15:06:40.011Z] [ESEB-LOG] DISPATCH: Virtual Thread #11 | Hash: 75193e0e3ce5 | Status: ACTIVE
[2026-09-19T15:06:40.011Z] [ESEB-LOG] DISPATCH: Virtual Thread #12 | Hash: 5cfbe1cd4f59 | Status: ACTIVE
[2026-09-19T15:06:40.011Z] [ESEB-LOG] DISPATCH: Virtual Thread #13 | Hash: 62ca02a837c6 | Status: ACTIVE
[2026-09-19T15:06:40.011Z] [ESEB-LOG] DISPATCH: Virtual Thread #14 | Hash: 38c8829d9f3b | Status: ACTIVE
[2026-09-19T15:06:40.011Z] [ESEB-LOG] DISPATCH: Virtual Thread #15 | Hash: f39483e64fdd | Status: ACTIVE
[2026-09-19T15:06:40.011Z] [ESEB-LOG] DISPATCH: Virtual Thread #16 | Hash: 65020b1211d7 | Status: ACTIVE
[2026-09-19T15:06:40.011Z] [ESEB-LOG] DISPATCH: Virtual Thread #17 | Hash: f37a4faf4de4 | Status: ACTIVE
[2026-09-19T15:06:40.011Z] [ESEB-LOG] DISPATCH: Virtual Thread #18 | Hash: eb7cb6ea3df1 | Status: ACTIVE
[2026-09-19T15:06:40.011Z] [ESEB-LOG] DISPATCH: Virtual Thread #19 | Hash: f7ef10d06b38 | Status: ACTIVE
[2026-09-19T15:06:40.011Z] [ESEB-LOG] DISPATCH: Virtual Thread #20 | Hash: 5ec8bcd22649 | Status: ACTIVE
[2026-09-19T15:06:40.011Z] [ESEB-LOG] DISPATCH: Virtual Thread #21 | Hash: 1d5f26804613 | Status: ACTIVE
[2026-09-19T15:06:40.011Z] [ESEB-LOG] DISPATCH: Virtual Thread #22 | Hash: b100ceab418f | Status: ACTIVE
[2026-09-19T15:06:40.011Z] [ESEB-LOG] DISPATCH: Virtual Thread #23 | Hash: 5a75dfb1663d | Status: ACTIVE
[2026-09-19T15:06:40.011Z] [ESEB-LOG] DISPATCH: Virtual Thread #24 | Hash: 3c10e23d8d4b | Status: ACTIVE
[2026-09-19T15:06:40.011Z] [ESEB-LOG] ESEB CLASSIC SUCCESS: Core Authenticated | V-STAMP-24 Verified.
[2026-09-19T15:06:40.011Z] [ESEB-LOG] END: Execution Completed. Sharded Virtual Threads Active: 24/24 | Entropy δ = 0.
[2026-09-19T18:18:55.609Z] [ESEB-LOG] START: Orchestration initialized for domain 8000kicks.donabico.com
[2026-09-19T18:18:55.609Z] [ESEB-LOG] ROUND-ROBIN SELECTOR: Active Node: BGE_EMBEDDING (RAG Knowledge Vectorization)
[2026-09-19T18:18:55.970Z] [ESEB-LOG] SOTA SUCCESS: NODE [BGE_EMBEDDING] HTTP Status: 200 OK (Credit Preserved)
[2026-09-19T18:18:55.971Z] [ESEB-LOG] HASH SHARDING: Initializing mathematical hash mapping into 24 virtual threads...
[2026-09-19T18:18:55.971Z] [ESEB-LOG] HASH SHARDING SUCCESS: All 24 virtual sharded threads mapped & verified. Entropy δ = 0.
[2026-09-19T18:18:55.971Z] [ESEB-LOG] DISPATCH: Virtual Thread #1 | Hash: 14f0b8419182 | Status: ACTIVE
[2026-09-19T18:18:55.972Z] [ESEB-LOG] DISPATCH: Virtual Thread #2 | Hash: 158170d58044 | Status: ACTIVE
[2026-09-19T18:18:55.972Z] [ESEB-LOG] DISPATCH: Virtual Thread #3 | Hash: 138f842bf039 | Status: ACTIVE
[2026-09-19T18:18:55.972Z] [ESEB-LOG] DISPATCH: Virtual Thread #4 | Hash: 8390e6843dfa | Status: ACTIVE
[2026-09-19T18:18:55.972Z] [ESEB-LOG] DISPATCH: Virtual Thread #5 | Hash: 6fa23286a4b5 | Status: ACTIVE
[2026-09-19T18:18:55.972Z] [ESEB-LOG] DISPATCH: Virtual Thread #6 | Hash: 1e75a8663ca2 | Status: ACTIVE
[2026-09-19T18:18:55.972Z] [ESEB-LOG] DISPATCH: Virtual Thread #7 | Hash: 8ce46b97a551 | Status: ACTIVE
[2026-09-19T18:18:55.972Z] [ESEB-LOG] DISPATCH: Virtual Thread #8 | Hash: a5d8c0ccdab4 | Status: ACTIVE
[2026-09-19T18:18:55.972Z] [ESEB-LOG] DISPATCH: Virtual Thread #9 | Hash: e374d79655a0 | Status: ACTIVE
[2026-09-19T18:18:55.972Z] [ESEB-LOG] DISPATCH: Virtual Thread #10 | Hash: 3a4ceb6236f7 | Status: ACTIVE
[2026-09-19T18:18:55.972Z] [ESEB-LOG] DISPATCH: Virtual Thread #11 | Hash: 7dab3c2d7680 | Status: ACTIVE
[2026-09-19T18:18:55.972Z] [ESEB-LOG] DISPATCH: Virtual Thread #12 | Hash: 08357089e6aa | Status: ACTIVE
[2026-09-19T18:18:55.972Z] [ESEB-LOG] DISPATCH: Virtual Thread #13 | Hash: 8023e458b1b7 | Status: ACTIVE
[2026-09-19T18:18:55.972Z] [ESEB-LOG] DISPATCH: Virtual Thread #14 | Hash: ab2ccc841a78 | Status: ACTIVE
[2026-09-19T18:18:55.972Z] [ESEB-LOG] DISPATCH: Virtual Thread #15 | Hash: d04e434c2ff4 | Status: ACTIVE
[2026-09-19T18:18:55.972Z] [ESEB-LOG] DISPATCH: Virtual Thread #16 | Hash: c012e9438809 | Status: ACTIVE
[2026-09-19T18:18:55.972Z] [ESEB-LOG] DISPATCH: Virtual Thread #17 | Hash: 2709b540b78c | Status: ACTIVE
[2026-09-19T18:18:55.972Z] [ESEB-LOG] DISPATCH: Virtual Thread #18 | Hash: c30c3a1bfb49 | Status: ACTIVE
[2026-09-19T18:18:55.972Z] [ESEB-LOG] DISPATCH: Virtual Thread #19 | Hash: 96148b1c0dae | Status: ACTIVE
[2026-09-19T18:18:55.972Z] [ESEB-LOG] DISPATCH: Virtual Thread #20 | Hash: 63ca879a88a4 | Status: ACTIVE
[2026-09-19T18:18:55.972Z] [ESEB-LOG] DISPATCH: Virtual Thread #21 | Hash: f19826f84370 | Status: ACTIVE
[2026-09-19T18:18:55.972Z] [ESEB-LOG] DISPATCH: Virtual Thread #22 | Hash: a31c52892a35 | Status: ACTIVE
[2026-09-19T18:18:55.972Z] [ESEB-LOG] DISPATCH: Virtual Thread #23 | Hash: 505aff076918 | Status: ACTIVE
[2026-09-19T18:18:55.972Z] [ESEB-LOG] DISPATCH: Virtual Thread #24 | Hash: cd1d0303717b | Status: ACTIVE
[2026-09-19T18:18:55.972Z] [ESEB-LOG] ESEB CLASSIC SUCCESS: Core Authenticated | V-STAMP-24 Verified.
[2026-09-19T18:18:55.972Z] [ESEB-LOG] END: Execution Completed. Sharded Virtual Threads Active: 24/24 | Entropy δ = 0.
[2026-09-19T21:58:32.026Z] [ESEB-LOG] START: Orchestration initialized for domain 8000kicks.donabico.com
[2026-09-19T21:58:32.026Z] [ESEB-LOG] ROUND-ROBIN SELECTOR: Active Node: SDXL_IMAGE (Affiliate Intelligent Banners & Posters)
[2026-09-19T21:58:35.115Z] [ESEB-LOG] SOTA SUCCESS: NODE [SDXL_IMAGE] HTTP Status: 200 OK (Credit Preserved)
[2026-09-19T21:58:35.116Z] [ESEB-LOG] HASH SHARDING: Initializing mathematical hash mapping into 24 virtual threads...
[2026-09-19T21:58:35.117Z] [ESEB-LOG] HASH SHARDING SUCCESS: All 24 virtual sharded threads mapped & verified. Entropy δ = 0.
[2026-09-19T21:58:35.117Z] [ESEB-LOG] DISPATCH: Virtual Thread #1 | Hash: 5f84d4452622 | Status: ACTIVE
[2026-09-19T21:58:35.117Z] [ESEB-LOG] DISPATCH: Virtual Thread #2 | Hash: 365ed3c11df1 | Status: ACTIVE
[2026-09-19T21:58:35.117Z] [ESEB-LOG] DISPATCH: Virtual Thread #3 | Hash: aa658ba1001c | Status: ACTIVE
[2026-09-19T21:58:35.117Z] [ESEB-LOG] DISPATCH: Virtual Thread #4 | Hash: e4e18fd2584d | Status: ACTIVE
[2026-09-19T21:58:35.117Z] [ESEB-LOG] DISPATCH: Virtual Thread #5 | Hash: 6a6bc50da67b | Status: ACTIVE
[2026-09-19T21:58:35.117Z] [ESEB-LOG] DISPATCH: Virtual Thread #6 | Hash: 1b626b05889d | Status: ACTIVE
[2026-09-19T21:58:35.117Z] [ESEB-LOG] DISPATCH: Virtual Thread #7 | Hash: 8f9199e3c75a | Status: ACTIVE
[2026-09-19T21:58:35.117Z] [ESEB-LOG] DISPATCH: Virtual Thread #8 | Hash: 4d6ab54478b5 | Status: ACTIVE
[2026-09-19T21:58:35.117Z] [ESEB-LOG] DISPATCH: Virtual Thread #9 | Hash: d46e08de6ae5 | Status: ACTIVE
[2026-09-19T21:58:35.117Z] [ESEB-LOG] DISPATCH: Virtual Thread #10 | Hash: 8433ddea5cf4 | Status: ACTIVE
[2026-09-19T21:58:35.117Z] [ESEB-LOG] DISPATCH: Virtual Thread #11 | Hash: 5199ac61ec68 | Status: ACTIVE
[2026-09-19T21:58:35.117Z] [ESEB-LOG] DISPATCH: Virtual Thread #12 | Hash: 8f4d69d8ea40 | Status: ACTIVE
[2026-09-19T21:58:35.117Z] [ESEB-LOG] DISPATCH: Virtual Thread #13 | Hash: 732e1e6e4f77 | Status: ACTIVE
[2026-09-19T21:58:35.117Z] [ESEB-LOG] DISPATCH: Virtual Thread #14 | Hash: 05dd985a50f0 | Status: ACTIVE
[2026-09-19T21:58:35.117Z] [ESEB-LOG] DISPATCH: Virtual Thread #15 | Hash: 50a748ca2cdb | Status: ACTIVE
[2026-09-19T21:58:35.117Z] [ESEB-LOG] DISPATCH: Virtual Thread #16 | Hash: ad17830409ae | Status: ACTIVE
[2026-09-19T21:58:35.117Z] [ESEB-LOG] DISPATCH: Virtual Thread #17 | Hash: e00baaccd91d | Status: ACTIVE
[2026-09-19T21:58:35.117Z] [ESEB-LOG] DISPATCH: Virtual Thread #18 | Hash: 4d3f6c83d182 | Status: ACTIVE
[2026-09-19T21:58:35.117Z] [ESEB-LOG] DISPATCH: Virtual Thread #19 | Hash: 04c373b04361 | Status: ACTIVE
[2026-09-19T21:58:35.117Z] [ESEB-LOG] DISPATCH: Virtual Thread #20 | Hash: a5b8dad3f6b7 | Status: ACTIVE
[2026-09-19T21:58:35.117Z] [ESEB-LOG] DISPATCH: Virtual Thread #21 | Hash: 72ccf9378579 | Status: ACTIVE
[2026-09-19T21:58:35.117Z] [ESEB-LOG] DISPATCH: Virtual Thread #22 | Hash: 7ac372ebe62a | Status: ACTIVE
[2026-09-19T21:58:35.117Z] [ESEB-LOG] DISPATCH: Virtual Thread #23 | Hash: a34e828a6587 | Status: ACTIVE
[2026-09-19T21:58:35.117Z] [ESEB-LOG] DISPATCH: Virtual Thread #24 | Hash: 007c73e9274e | Status: ACTIVE
[2026-09-19T21:58:35.117Z] [ESEB-LOG] ESEB CLASSIC SUCCESS: Core Authenticated | V-STAMP-24 Verified.
[2026-09-19T21:58:35.117Z] [ESEB-LOG] END: Execution Completed. Sharded Virtual Threads Active: 24/24 | Entropy δ = 0.
[2026-09-20T02:38:58.391Z] [ESEB-LOG] START: Orchestration initialized for domain 8000kicks.donabico.com
[2026-09-20T02:38:58.392Z] [ESEB-LOG] ROUND-ROBIN SELECTOR: Active Node: LLAMA_70B (Super Smart Intelligent Reviews & Deep Synthesis)
[2026-09-20T02:39:03.167Z] [ESEB-LOG] SOTA SUCCESS: NODE [LLAMA_70B] HTTP Status: 200 OK (Credit Preserved)
[2026-09-20T02:39:03.168Z] [ESEB-LOG] HASH SHARDING: Initializing mathematical hash mapping into 24 virtual threads...
[2026-09-20T02:39:03.169Z] [ESEB-LOG] HASH SHARDING SUCCESS: All 24 virtual sharded threads mapped & verified. Entropy δ = 0.
[2026-09-20T02:39:03.169Z] [ESEB-LOG] DISPATCH: Virtual Thread #1 | Hash: 3fc91abf0306 | Status: ACTIVE
[2026-09-20T02:39:03.169Z] [ESEB-LOG] DISPATCH: Virtual Thread #2 | Hash: 14b538041ad1 | Status: ACTIVE
[2026-09-20T02:39:03.169Z] [ESEB-LOG] DISPATCH: Virtual Thread #3 | Hash: b4bdfba19b7c | Status: ACTIVE
[2026-09-20T02:39:03.169Z] [ESEB-LOG] DISPATCH: Virtual Thread #4 | Hash: 029e4404c032 | Status: ACTIVE
[2026-09-20T02:39:03.169Z] [ESEB-LOG] DISPATCH: Virtual Thread #5 | Hash: 406b86403cbc | Status: ACTIVE
[2026-09-20T02:39:03.169Z] [ESEB-LOG] DISPATCH: Virtual Thread #6 | Hash: caabc33faf43 | Status: ACTIVE
[2026-09-20T02:39:03.169Z] [ESEB-LOG] DISPATCH: Virtual Thread #7 | Hash: 2b6bf9c04655 | Status: ACTIVE
[2026-09-20T02:39:03.169Z] [ESEB-LOG] DISPATCH: Virtual Thread #8 | Hash: 94db9589c842 | Status: ACTIVE
[2026-09-20T02:39:03.169Z] [ESEB-LOG] DISPATCH: Virtual Thread #9 | Hash: 6d8e42c0f064 | Status: ACTIVE
[2026-09-20T02:39:03.169Z] [ESEB-LOG] DISPATCH: Virtual Thread #10 | Hash: 0e21d5d83248 | Status: ACTIVE
[2026-09-20T02:39:03.169Z] [ESEB-LOG] DISPATCH: Virtual Thread #11 | Hash: 9a02e9501952 | Status: ACTIVE
[2026-09-20T02:39:03.169Z] [ESEB-LOG] DISPATCH: Virtual Thread #12 | Hash: 2b3b68ac2a3b | Status: ACTIVE
[2026-09-20T02:39:03.169Z] [ESEB-LOG] DISPATCH: Virtual Thread #13 | Hash: 962a3f0c6dd8 | Status: ACTIVE
[2026-09-20T02:39:03.169Z] [ESEB-LOG] DISPATCH: Virtual Thread #14 | Hash: e64c50de6197 | Status: ACTIVE
[2026-09-20T02:39:03.169Z] [ESEB-LOG] DISPATCH: Virtual Thread #15 | Hash: 1d02312a3c54 | Status: ACTIVE
[2026-09-20T02:39:03.169Z] [ESEB-LOG] DISPATCH: Virtual Thread #16 | Hash: 8cede07bf280 | Status: ACTIVE
[2026-09-20T02:39:03.169Z] [ESEB-LOG] DISPATCH: Virtual Thread #17 | Hash: d4a81e22ef3f | Status: ACTIVE
[2026-09-20T02:39:03.169Z] [ESEB-LOG] DISPATCH: Virtual Thread #18 | Hash: b87059557567 | Status: ACTIVE
[2026-09-20T02:39:03.169Z] [ESEB-LOG] DISPATCH: Virtual Thread #19 | Hash: 48c9d200c0a9 | Status: ACTIVE
[2026-09-20T02:39:03.169Z] [ESEB-LOG] DISPATCH: Virtual Thread #20 | Hash: 978471742535 | Status: ACTIVE
[2026-09-20T02:39:03.169Z] [ESEB-LOG] DISPATCH: Virtual Thread #21 | Hash: 48670fde2849 | Status: ACTIVE
[2026-09-20T02:39:03.169Z] [ESEB-LOG] DISPATCH: Virtual Thread #22 | Hash: 72bd172c0889 | Status: ACTIVE
[2026-09-20T02:39:03.169Z] [ESEB-LOG] DISPATCH: Virtual Thread #23 | Hash: ea60a978030e | Status: ACTIVE
[2026-09-20T02:39:03.169Z] [ESEB-LOG] DISPATCH: Virtual Thread #24 | Hash: d33bd5bcdf67 | Status: ACTIVE
[2026-09-20T02:39:03.169Z] [ESEB-LOG] ESEB CLASSIC SUCCESS: Core Authenticated | V-STAMP-24 Verified.
[2026-09-20T02:39:03.169Z] [ESEB-LOG] END: Execution Completed. Sharded Virtual Threads Active: 24/24 | Entropy δ = 0.
[2026-09-20T08:56:21.697Z] [ESEB-LOG] START: Orchestration initialized for domain 8000kicks.donabico.com
[2026-09-20T08:56:21.697Z] [ESEB-LOG] ROUND-ROBIN SELECTOR: Active Node: DEEPSEEK (Advanced Reasoning & GEO-SEO Optimization)
[2026-09-20T08:56:31.758Z] [ESEB-LOG] AUTO-HEALED: Request timeout. Self-healing fallback engaged.
[2026-09-20T08:56:31.758Z] [ESEB-LOG] HASH SHARDING: Initializing mathematical hash mapping into 24 virtual threads...
[2026-09-20T08:56:31.758Z] [ESEB-LOG] HASH SHARDING SUCCESS: All 24 virtual sharded threads mapped & verified. Entropy δ = 0.
[2026-09-20T08:56:31.759Z] [ESEB-LOG] DISPATCH: Virtual Thread #1 | Hash: f6440034915f | Status: ACTIVE
[2026-09-20T08:56:31.759Z] [ESEB-LOG] DISPATCH: Virtual Thread #2 | Hash: 62e9ac2e6c25 | Status: ACTIVE
[2026-09-20T08:56:31.759Z] [ESEB-LOG] DISPATCH: Virtual Thread #3 | Hash: 971fb498ede0 | Status: ACTIVE
[2026-09-20T08:56:31.759Z] [ESEB-LOG] DISPATCH: Virtual Thread #4 | Hash: beea6fafaabe | Status: ACTIVE
[2026-09-20T08:56:31.759Z] [ESEB-LOG] DISPATCH: Virtual Thread #5 | Hash: 44083c1c2aff | Status: ACTIVE
[2026-09-20T08:56:31.759Z] [ESEB-LOG] DISPATCH: Virtual Thread #6 | Hash: 6279d8ac9f9c | Status: ACTIVE
[2026-09-20T08:56:31.759Z] [ESEB-LOG] DISPATCH: Virtual Thread #7 | Hash: 6e64fd0f8a3c | Status: ACTIVE
[2026-09-20T08:56:31.759Z] [ESEB-LOG] DISPATCH: Virtual Thread #8 | Hash: ec688dd76460 | Status: ACTIVE
[2026-09-20T08:56:31.759Z] [ESEB-LOG] DISPATCH: Virtual Thread #9 | Hash: 14b1de04e28a | Status: ACTIVE
[2026-09-20T08:56:31.759Z] [ESEB-LOG] DISPATCH: Virtual Thread #10 | Hash: 1b76fbb88293 | Status: ACTIVE
[2026-09-20T08:56:31.759Z] [ESEB-LOG] DISPATCH: Virtual Thread #11 | Hash: 0288f2e5713f | Status: ACTIVE
[2026-09-20T08:56:31.759Z] [ESEB-LOG] DISPATCH: Virtual Thread #12 | Hash: a1cf5194101b | Status: ACTIVE
[2026-09-20T08:56:31.759Z] [ESEB-LOG] DISPATCH: Virtual Thread #13 | Hash: 51a28e1a9790 | Status: ACTIVE
[2026-09-20T08:56:31.759Z] [ESEB-LOG] DISPATCH: Virtual Thread #14 | Hash: b3e3e0d5ee84 | Status: ACTIVE
[2026-09-20T08:56:31.759Z] [ESEB-LOG] DISPATCH: Virtual Thread #15 | Hash: afed51a94b36 | Status: ACTIVE
[2026-09-20T08:56:31.759Z] [ESEB-LOG] DISPATCH: Virtual Thread #16 | Hash: d12b6488ec60 | Status: ACTIVE
[2026-09-20T08:56:31.759Z] [ESEB-LOG] DISPATCH: Virtual Thread #17 | Hash: 3602c25c7391 | Status: ACTIVE
[2026-09-20T08:56:31.759Z] [ESEB-LOG] DISPATCH: Virtual Thread #18 | Hash: 9841d6e1f375 | Status: ACTIVE
[2026-09-20T08:56:31.759Z] [ESEB-LOG] DISPATCH: Virtual Thread #19 | Hash: 24a7a2772825 | Status: ACTIVE
[2026-09-20T08:56:31.759Z] [ESEB-LOG] DISPATCH: Virtual Thread #20 | Hash: 11cb63446cf5 | Status: ACTIVE
[2026-09-20T08:56:31.759Z] [ESEB-LOG] DISPATCH: Virtual Thread #21 | Hash: 6ffe55d1f2f9 | Status: ACTIVE
[2026-09-20T08:56:31.759Z] [ESEB-LOG] DISPATCH: Virtual Thread #22 | Hash: 3d7930ff5869 | Status: ACTIVE
[2026-09-20T08:56:31.759Z] [ESEB-LOG] DISPATCH: Virtual Thread #23 | Hash: 4785eca8b023 | Status: ACTIVE
[2026-09-20T08:56:31.759Z] [ESEB-LOG] DISPATCH: Virtual Thread #24 | Hash: 374da599eeb9 | Status: ACTIVE
[2026-09-20T08:56:31.759Z] [ESEB-LOG] ESEB CLASSIC SUCCESS: Core Authenticated | V-STAMP-24 Verified.
[2026-09-20T08:56:31.759Z] [ESEB-LOG] END: Execution Completed. Sharded Virtual Threads Active: 24/24 | Entropy δ = 0.
[2026-09-20T15:10:30.673Z] [ESEB-LOG] START: Orchestration initialized for domain 8000kicks.donabico.com
[2026-09-20T15:10:30.673Z] [ESEB-LOG] ROUND-ROBIN SELECTOR: Active Node: MISTRAL_7B (JSON-LD Schema & Structured Intelligence)
[2026-09-20T15:10:40.727Z] [ESEB-LOG] AUTO-HEALED: Request timeout. Self-healing fallback engaged.
[2026-09-20T15:10:40.727Z] [ESEB-LOG] HASH SHARDING: Initializing mathematical hash mapping into 24 virtual threads...
[2026-09-20T15:10:40.728Z] [ESEB-LOG] HASH SHARDING SUCCESS: All 24 virtual sharded threads mapped & verified. Entropy δ = 0.
[2026-09-20T15:10:40.728Z] [ESEB-LOG] DISPATCH: Virtual Thread #1 | Hash: ca5281b63923 | Status: ACTIVE
[2026-09-20T15:10:40.728Z] [ESEB-LOG] DISPATCH: Virtual Thread #2 | Hash: b82a9c92d440 | Status: ACTIVE
[2026-09-20T15:10:40.728Z] [ESEB-LOG] DISPATCH: Virtual Thread #3 | Hash: 43f1117a80c4 | Status: ACTIVE
[2026-09-20T15:10:40.728Z] [ESEB-LOG] DISPATCH: Virtual Thread #4 | Hash: addbd0160538 | Status: ACTIVE
[2026-09-20T15:10:40.728Z] [ESEB-LOG] DISPATCH: Virtual Thread #5 | Hash: f5191bc73a57 | Status: ACTIVE
[2026-09-20T15:10:40.728Z] [ESEB-LOG] DISPATCH: Virtual Thread #6 | Hash: 7820eac992f6 | Status: ACTIVE
[2026-09-20T15:10:40.728Z] [ESEB-LOG] DISPATCH: Virtual Thread #7 | Hash: 97c635d6dce6 | Status: ACTIVE
[2026-09-20T15:10:40.728Z] [ESEB-LOG] DISPATCH: Virtual Thread #8 | Hash: 9722e3f3f2b7 | Status: ACTIVE
[2026-09-20T15:10:40.728Z] [ESEB-LOG] DISPATCH: Virtual Thread #9 | Hash: 5deb21e30a22 | Status: ACTIVE
[2026-09-20T15:10:40.728Z] [ESEB-LOG] DISPATCH: Virtual Thread #10 | Hash: 15cd21fc1d1a | Status: ACTIVE
[2026-09-20T15:10:40.728Z] [ESEB-LOG] DISPATCH: Virtual Thread #11 | Hash: 59fea93b535a | Status: ACTIVE
[2026-09-20T15:10:40.728Z] [ESEB-LOG] DISPATCH: Virtual Thread #12 | Hash: d5db103e583d | Status: ACTIVE
[2026-09-20T15:10:40.728Z] [ESEB-LOG] DISPATCH: Virtual Thread #13 | Hash: af8a12c0d80d | Status: ACTIVE
[2026-09-20T15:10:40.728Z] [ESEB-LOG] DISPATCH: Virtual Thread #14 | Hash: c08894199f8a | Status: ACTIVE
[2026-09-20T15:10:40.728Z] [ESEB-LOG] DISPATCH: Virtual Thread #15 | Hash: 8f4cbb2b96b8 | Status: ACTIVE
[2026-09-20T15:10:40.728Z] [ESEB-LOG] DISPATCH: Virtual Thread #16 | Hash: f950c35dc32e | Status: ACTIVE
[2026-09-20T15:10:40.728Z] [ESEB-LOG] DISPATCH: Virtual Thread #17 | Hash: ec4e209aa55a | Status: ACTIVE
[2026-09-20T15:10:40.728Z] [ESEB-LOG] DISPATCH: Virtual Thread #18 | Hash: eccd5514832a | Status: ACTIVE
[2026-09-20T15:10:40.728Z] [ESEB-LOG] DISPATCH: Virtual Thread #19 | Hash: 1b2ad452998d | Status: ACTIVE
[2026-09-20T15:10:40.728Z] [ESEB-LOG] DISPATCH: Virtual Thread #20 | Hash: d98386bf69f1 | Status: ACTIVE
[2026-09-20T15:10:40.728Z] [ESEB-LOG] DISPATCH: Virtual Thread #21 | Hash: 70d3678315e8 | Status: ACTIVE
[2026-09-20T15:10:40.728Z] [ESEB-LOG] DISPATCH: Virtual Thread #22 | Hash: 56a7a5e5151d | Status: ACTIVE
[2026-09-20T15:10:40.728Z] [ESEB-LOG] DISPATCH: Virtual Thread #23 | Hash: df64006a393e | Status: ACTIVE
[2026-09-20T15:10:40.728Z] [ESEB-LOG] DISPATCH: Virtual Thread #24 | Hash: 8db1aea2a820 | Status: ACTIVE
[2026-09-20T15:10:40.728Z] [ESEB-LOG] ESEB CLASSIC SUCCESS: Core Authenticated | V-STAMP-24 Verified.
[2026-09-20T15:10:40.728Z] [ESEB-LOG] END: Execution Completed. Sharded Virtual Threads Active: 24/24 | Entropy δ = 0.
[2026-09-20T18:24:03.953Z] [ESEB-LOG] START: Orchestration initialized for domain 8000kicks.donabico.com
[2026-09-20T18:24:03.953Z] [ESEB-LOG] ROUND-ROBIN SELECTOR: Active Node: LLAMA_3B (Edge Ultra-Fast Localization)
[2026-09-20T18:24:05.205Z] [ESEB-LOG] SOTA SUCCESS: NODE [LLAMA_3B] HTTP Status: 200 OK (Credit Preserved)
[2026-09-20T18:24:05.206Z] [ESEB-LOG] HASH SHARDING: Initializing mathematical hash mapping into 24 virtual threads...
[2026-09-20T18:24:05.207Z] [ESEB-LOG] HASH SHARDING SUCCESS: All 24 virtual sharded threads mapped & verified. Entropy δ = 0.
[2026-09-20T18:24:05.207Z] [ESEB-LOG] DISPATCH: Virtual Thread #1 | Hash: bd38fa806be6 | Status: ACTIVE
[2026-09-20T18:24:05.207Z] [ESEB-LOG] DISPATCH: Virtual Thread #2 | Hash: d37aad41a698 | Status: ACTIVE
[2026-09-20T18:24:05.207Z] [ESEB-LOG] DISPATCH: Virtual Thread #3 | Hash: b8b563ac694c | Status: ACTIVE
[2026-09-20T18:24:05.207Z] [ESEB-LOG] DISPATCH: Virtual Thread #4 | Hash: 89b6d29ef4bd | Status: ACTIVE
[2026-09-20T18:24:05.207Z] [ESEB-LOG] DISPATCH: Virtual Thread #5 | Hash: 35b0227ff319 | Status: ACTIVE
[2026-09-20T18:24:05.207Z] [ESEB-LOG] DISPATCH: Virtual Thread #6 | Hash: 3d8669df07e7 | Status: ACTIVE
[2026-09-20T18:24:05.207Z] [ESEB-LOG] DISPATCH: Virtual Thread #7 | Hash: e20810d60283 | Status: ACTIVE
[2026-09-20T18:24:05.207Z] [ESEB-LOG] DISPATCH: Virtual Thread #8 | Hash: 9cb98408537e | Status: ACTIVE
[2026-09-20T18:24:05.207Z] [ESEB-LOG] DISPATCH: Virtual Thread #9 | Hash: ba913076be7c | Status: ACTIVE
[2026-09-20T18:24:05.207Z] [ESEB-LOG] DISPATCH: Virtual Thread #10 | Hash: a134308d91cc | Status: ACTIVE
[2026-09-20T18:24:05.207Z] [ESEB-LOG] DISPATCH: Virtual Thread #11 | Hash: 81a0ad371194 | Status: ACTIVE
[2026-09-20T18:24:05.207Z] [ESEB-LOG] DISPATCH: Virtual Thread #12 | Hash: 4ce7fed876f8 | Status: ACTIVE
[2026-09-20T18:24:05.207Z] [ESEB-LOG] DISPATCH: Virtual Thread #13 | Hash: 35a8401ba8b1 | Status: ACTIVE
[2026-09-20T18:24:05.207Z] [ESEB-LOG] DISPATCH: Virtual Thread #14 | Hash: 83cbae31edfe | Status: ACTIVE
[2026-09-20T18:24:05.207Z] [ESEB-LOG] DISPATCH: Virtual Thread #15 | Hash: 4680e414c134 | Status: ACTIVE
[2026-09-20T18:24:05.208Z] [ESEB-LOG] DISPATCH: Virtual Thread #16 | Hash: 7b7cc10ce676 | Status: ACTIVE
[2026-09-20T18:24:05.208Z] [ESEB-LOG] DISPATCH: Virtual Thread #17 | Hash: cdbe59ac63ef | Status: ACTIVE
[2026-09-20T18:24:05.208Z] [ESEB-LOG] DISPATCH: Virtual Thread #18 | Hash: 1cff8bd72daa | Status: ACTIVE
[2026-09-20T18:24:05.208Z] [ESEB-LOG] DISPATCH: Virtual Thread #19 | Hash: 3afa8e29ac5b | Status: ACTIVE
[2026-09-20T18:24:05.208Z] [ESEB-LOG] DISPATCH: Virtual Thread #20 | Hash: 54266192408d | Status: ACTIVE
[2026-09-20T18:24:05.208Z] [ESEB-LOG] DISPATCH: Virtual Thread #21 | Hash: 1494010b0b46 | Status: ACTIVE
[2026-09-20T18:24:05.208Z] [ESEB-LOG] DISPATCH: Virtual Thread #22 | Hash: c744b74fa81e | Status: ACTIVE
[2026-09-20T18:24:05.208Z] [ESEB-LOG] DISPATCH: Virtual Thread #23 | Hash: 5ba75a4a1464 | Status: ACTIVE
[2026-09-20T18:24:05.208Z] [ESEB-LOG] DISPATCH: Virtual Thread #24 | Hash: bf73fb5d8584 | Status: ACTIVE
[2026-09-20T18:24:05.208Z] [ESEB-LOG] ESEB CLASSIC SUCCESS: Core Authenticated | V-STAMP-24 Verified.
[2026-09-20T18:24:05.208Z] [ESEB-LOG] END: Execution Completed. Sharded Virtual Threads Active: 24/24 | Entropy δ = 0.
[2026-09-20T22:04:20.728Z] [ESEB-LOG] START: Orchestration initialized for domain 8000kicks.donabico.com
[2026-09-20T22:04:20.728Z] [ESEB-LOG] ROUND-ROBIN SELECTOR: Active Node: GEMMA_7B (Context Enrichment & Smart Conversion)
[2026-09-20T22:04:30.791Z] [ESEB-LOG] AUTO-HEALED: Request timeout. Self-healing fallback engaged.
[2026-09-20T22:04:30.791Z] [ESEB-LOG] HASH SHARDING: Initializing mathematical hash mapping into 24 virtual threads...
[2026-09-20T22:04:30.792Z] [ESEB-LOG] HASH SHARDING SUCCESS: All 24 virtual sharded threads mapped & verified. Entropy δ = 0.
[2026-09-20T22:04:30.792Z] [ESEB-LOG] DISPATCH: Virtual Thread #1 | Hash: 3bc1788ae323 | Status: ACTIVE
[2026-09-20T22:04:30.792Z] [ESEB-LOG] DISPATCH: Virtual Thread #2 | Hash: 501019b99b49 | Status: ACTIVE
[2026-09-20T22:04:30.792Z] [ESEB-LOG] DISPATCH: Virtual Thread #3 | Hash: 616b4da3e5e0 | Status: ACTIVE
[2026-09-20T22:04:30.792Z] [ESEB-LOG] DISPATCH: Virtual Thread #4 | Hash: c1a7e0a48740 | Status: ACTIVE
[2026-09-20T22:04:30.792Z] [ESEB-LOG] DISPATCH: Virtual Thread #5 | Hash: 127e47b3108e | Status: ACTIVE
[2026-09-20T22:04:30.792Z] [ESEB-LOG] DISPATCH: Virtual Thread #6 | Hash: 15316f94846c | Status: ACTIVE
[2026-09-20T22:04:30.792Z] [ESEB-LOG] DISPATCH: Virtual Thread #7 | Hash: f70e87ee76ae | Status: ACTIVE
[2026-09-20T22:04:30.792Z] [ESEB-LOG] DISPATCH: Virtual Thread #8 | Hash: e5622e2579db | Status: ACTIVE
[2026-09-20T22:04:30.792Z] [ESEB-LOG] DISPATCH: Virtual Thread #9 | Hash: a6f0c42e23f1 | Status: ACTIVE
[2026-09-20T22:04:30.792Z] [ESEB-LOG] DISPATCH: Virtual Thread #10 | Hash: c18b2a70df43 | Status: ACTIVE
[2026-09-20T22:04:30.792Z] [ESEB-LOG] DISPATCH: Virtual Thread #11 | Hash: 2fed07cda8bf | Status: ACTIVE
[2026-09-20T22:04:30.792Z] [ESEB-LOG] DISPATCH: Virtual Thread #12 | Hash: e60c9f1b4b06 | Status: ACTIVE
[2026-09-20T22:04:30.792Z] [ESEB-LOG] DISPATCH: Virtual Thread #13 | Hash: ab52896502ba | Status: ACTIVE
[2026-09-20T22:04:30.792Z] [ESEB-LOG] DISPATCH: Virtual Thread #14 | Hash: e35d3b18f68d | Status: ACTIVE
[2026-09-20T22:04:30.792Z] [ESEB-LOG] DISPATCH: Virtual Thread #15 | Hash: 0285076482a7 | Status: ACTIVE
[2026-09-20T22:04:30.792Z] [ESEB-LOG] DISPATCH: Virtual Thread #16 | Hash: e731fa52ab5d | Status: ACTIVE
[2026-09-20T22:04:30.792Z] [ESEB-LOG] DISPATCH: Virtual Thread #17 | Hash: 34a745dacb5f | Status: ACTIVE
[2026-09-20T22:04:30.792Z] [ESEB-LOG] DISPATCH: Virtual Thread #18 | Hash: b7020d0c2b95 | Status: ACTIVE
[2026-09-20T22:04:30.792Z] [ESEB-LOG] DISPATCH: Virtual Thread #19 | Hash: ce6cc4685dfc | Status: ACTIVE
[2026-09-20T22:04:30.792Z] [ESEB-LOG] DISPATCH: Virtual Thread #20 | Hash: 8db5327cb939 | Status: ACTIVE
[2026-09-20T22:04:30.792Z] [ESEB-LOG] DISPATCH: Virtual Thread #21 | Hash: 3cdebb6ae700 | Status: ACTIVE
[2026-09-20T22:04:30.792Z] [ESEB-LOG] DISPATCH: Virtual Thread #22 | Hash: 2c53814e14ef | Status: ACTIVE
[2026-09-20T22:04:30.792Z] [ESEB-LOG] DISPATCH: Virtual Thread #23 | Hash: db350338ed3c | Status: ACTIVE
[2026-09-20T22:04:30.792Z] [ESEB-LOG] DISPATCH: Virtual Thread #24 | Hash: c283262f10ab | Status: ACTIVE
[2026-09-20T22:04:30.792Z] [ESEB-LOG] ESEB CLASSIC SUCCESS: Core Authenticated | V-STAMP-24 Verified.
[2026-09-20T22:04:30.792Z] [ESEB-LOG] END: Execution Completed. Sharded Virtual Threads Active: 24/24 | Entropy δ = 0.
[2026-09-21T02:36:12.941Z] [ESEB-LOG] START: Orchestration initialized for domain 8000kicks.donabico.com
[2026-09-21T02:36:12.942Z] [ESEB-LOG] ROUND-ROBIN SELECTOR: Active Node: BGE_EMBEDDING (RAG Knowledge Vectorization)
[2026-09-21T02:36:13.404Z] [ESEB-LOG] SOTA SUCCESS: NODE [BGE_EMBEDDING] HTTP Status: 200 OK (Credit Preserved)
[2026-09-21T02:36:13.405Z] [ESEB-LOG] HASH SHARDING: Initializing mathematical hash mapping into 24 virtual threads...
[2026-09-21T02:36:13.405Z] [ESEB-LOG] HASH SHARDING SUCCESS: All 24 virtual sharded threads mapped & verified. Entropy δ = 0.
[2026-09-21T02:36:13.406Z] [ESEB-LOG] DISPATCH: Virtual Thread #1 | Hash: 6899d7af9a56 | Status: ACTIVE
[2026-09-21T02:36:13.406Z] [ESEB-LOG] DISPATCH: Virtual Thread #2 | Hash: 325e25106bc9 | Status: ACTIVE
[2026-09-21T02:36:13.406Z] [ESEB-LOG] DISPATCH: Virtual Thread #3 | Hash: aeadfcef0964 | Status: ACTIVE
[2026-09-21T02:36:13.406Z] [ESEB-LOG] DISPATCH: Virtual Thread #4 | Hash: d7fe7dd6857e | Status: ACTIVE
[2026-09-21T02:36:13.406Z] [ESEB-LOG] DISPATCH: Virtual Thread #5 | Hash: d53f106b4d94 | Status: ACTIVE
[2026-09-21T02:36:13.406Z] [ESEB-LOG] DISPATCH: Virtual Thread #6 | Hash: 5e6fdc09e122 | Status: ACTIVE
[2026-09-21T02:36:13.406Z] [ESEB-LOG] DISPATCH: Virtual Thread #7 | Hash: 7fc007632523 | Status: ACTIVE
[2026-09-21T02:36:13.406Z] [ESEB-LOG] DISPATCH: Virtual Thread #8 | Hash: 3c8cdf0daa4f | Status: ACTIVE
[2026-09-21T02:36:13.406Z] [ESEB-LOG] DISPATCH: Virtual Thread #9 | Hash: ca8085347c75 | Status: ACTIVE
[2026-09-21T02:36:13.406Z] [ESEB-LOG] DISPATCH: Virtual Thread #10 | Hash: 0cdb49718bb4 | Status: ACTIVE
[2026-09-21T02:36:13.406Z] [ESEB-LOG] DISPATCH: Virtual Thread #11 | Hash: fc5548dfb3cd | Status: ACTIVE
[2026-09-21T02:36:13.406Z] [ESEB-LOG] DISPATCH: Virtual Thread #12 | Hash: 2f455dad1ad5 | Status: ACTIVE
[2026-09-21T02:36:13.406Z] [ESEB-LOG] DISPATCH: Virtual Thread #13 | Hash: 8b91f5d5b85f | Status: ACTIVE
[2026-09-21T02:36:13.406Z] [ESEB-LOG] DISPATCH: Virtual Thread #14 | Hash: db93028e944a | Status: ACTIVE
[2026-09-21T02:36:13.406Z] [ESEB-LOG] DISPATCH: Virtual Thread #15 | Hash: 418689e1df1d | Status: ACTIVE
[2026-09-21T02:36:13.406Z] [ESEB-LOG] DISPATCH: Virtual Thread #16 | Hash: 79df1bf3bc1e | Status: ACTIVE
[2026-09-21T02:36:13.406Z] [ESEB-LOG] DISPATCH: Virtual Thread #17 | Hash: 391c81b13a0e | Status: ACTIVE
[2026-09-21T02:36:13.406Z] [ESEB-LOG] DISPATCH: Virtual Thread #18 | Hash: 1054da76190e | Status: ACTIVE
[2026-09-21T02:36:13.406Z] [ESEB-LOG] DISPATCH: Virtual Thread #19 | Hash: 10d910903760 | Status: ACTIVE
[2026-09-21T02:36:13.406Z] [ESEB-LOG] DISPATCH: Virtual Thread #20 | Hash: 8c2155309d75 | Status: ACTIVE
[2026-09-21T02:36:13.406Z] [ESEB-LOG] DISPATCH: Virtual Thread #21 | Hash: ace04610606c | Status: ACTIVE
[2026-09-21T02:36:13.406Z] [ESEB-LOG] DISPATCH: Virtual Thread #22 | Hash: 1e67a7e5b0e7 | Status: ACTIVE
[2026-09-21T02:36:13.406Z] [ESEB-LOG] DISPATCH: Virtual Thread #23 | Hash: de17f3d58ac9 | Status: ACTIVE
[2026-09-21T02:36:13.406Z] [ESEB-LOG] DISPATCH: Virtual Thread #24 | Hash: b6cf18c63ca1 | Status: ACTIVE
[2026-09-21T02:36:13.406Z] [ESEB-LOG] ESEB CLASSIC SUCCESS: Core Authenticated | V-STAMP-24 Verified.
[2026-09-21T02:36:13.406Z] [ESEB-LOG] END: Execution Completed. Sharded Virtual Threads Active: 24/24 | Entropy δ = 0.
[2026-09-21T09:27:46.032Z] [ESEB-LOG] START: Orchestration initialized for domain 8000kicks.donabico.com
[2026-09-21T09:27:46.032Z] [ESEB-LOG] ROUND-ROBIN SELECTOR: Active Node: LLAMA_70B (Super Smart Intelligent Reviews & Deep Synthesis)
[2026-09-21T09:27:50.796Z] [ESEB-LOG] SOTA SUCCESS: NODE [LLAMA_70B] HTTP Status: 200 OK (Credit Preserved)
[2026-09-21T09:27:50.797Z] [ESEB-LOG] HASH SHARDING: Initializing mathematical hash mapping into 24 virtual threads...
[2026-09-21T09:27:50.798Z] [ESEB-LOG] HASH SHARDING SUCCESS: All 24 virtual sharded threads mapped & verified. Entropy δ = 0.
[2026-09-21T09:27:50.798Z] [ESEB-LOG] DISPATCH: Virtual Thread #1 | Hash: a64902823d34 | Status: ACTIVE
[2026-09-21T09:27:50.798Z] [ESEB-LOG] DISPATCH: Virtual Thread #2 | Hash: 09a80ed4f441 | Status: ACTIVE
[2026-09-21T09:27:50.798Z] [ESEB-LOG] DISPATCH: Virtual Thread #3 | Hash: 8f84802d4463 | Status: ACTIVE
[2026-09-21T09:27:50.798Z] [ESEB-LOG] DISPATCH: Virtual Thread #4 | Hash: 3ba3bd8e5615 | Status: ACTIVE
[2026-09-21T09:27:50.798Z] [ESEB-LOG] DISPATCH: Virtual Thread #5 | Hash: a2373b4fe7f6 | Status: ACTIVE
[2026-09-21T09:27:50.798Z] [ESEB-LOG] DISPATCH: Virtual Thread #6 | Hash: f514e2dbd793 | Status: ACTIVE
[2026-09-21T09:27:50.798Z] [ESEB-LOG] DISPATCH: Virtual Thread #7 | Hash: 5b90398cc77c | Status: ACTIVE
[2026-09-21T09:27:50.798Z] [ESEB-LOG] DISPATCH: Virtual Thread #8 | Hash: ffe31683cbbc | Status: ACTIVE
[2026-09-21T09:27:50.798Z] [ESEB-LOG] DISPATCH: Virtual Thread #9 | Hash: 41148ea7f184 | Status: ACTIVE
[2026-09-21T09:27:50.798Z] [ESEB-LOG] DISPATCH: Virtual Thread #10 | Hash: 1f7c753d822f | Status: ACTIVE
[2026-09-21T09:27:50.798Z] [ESEB-LOG] DISPATCH: Virtual Thread #11 | Hash: 38fd5a763417 | Status: ACTIVE
[2026-09-21T09:27:50.798Z] [ESEB-LOG] DISPATCH: Virtual Thread #12 | Hash: 797273fbf572 | Status: ACTIVE
[2026-09-21T09:27:50.798Z] [ESEB-LOG] DISPATCH: Virtual Thread #13 | Hash: e1bed78147eb | Status: ACTIVE
[2026-09-21T09:27:50.798Z] [ESEB-LOG] DISPATCH: Virtual Thread #14 | Hash: d357eae3b84f | Status: ACTIVE
[2026-09-21T09:27:50.798Z] [ESEB-LOG] DISPATCH: Virtual Thread #15 | Hash: 79cfc01b1324 | Status: ACTIVE
[2026-09-21T09:27:50.798Z] [ESEB-LOG] DISPATCH: Virtual Thread #16 | Hash: b72fa6a0d108 | Status: ACTIVE
[2026-09-21T09:27:50.798Z] [ESEB-LOG] DISPATCH: Virtual Thread #17 | Hash: 0fe1d38e23ad | Status: ACTIVE
[2026-09-21T09:27:50.798Z] [ESEB-LOG] DISPATCH: Virtual Thread #18 | Hash: 7a93a99097b3 | Status: ACTIVE
[2026-09-21T09:27:50.798Z] [ESEB-LOG] DISPATCH: Virtual Thread #19 | Hash: c108b51e9b6e | Status: ACTIVE
[2026-09-21T09:27:50.798Z] [ESEB-LOG] DISPATCH: Virtual Thread #20 | Hash: 50610b8e115a | Status: ACTIVE
[2026-09-21T09:27:50.798Z] [ESEB-LOG] DISPATCH: Virtual Thread #21 | Hash: ae66912c48a1 | Status: ACTIVE
[2026-09-21T09:27:50.798Z] [ESEB-LOG] DISPATCH: Virtual Thread #22 | Hash: edac4a1ebcb2 | Status: ACTIVE
[2026-09-21T09:27:50.798Z] [ESEB-LOG] DISPATCH: Virtual Thread #23 | Hash: 31a322ed03cf | Status: ACTIVE
[2026-09-21T09:27:50.799Z] [ESEB-LOG] DISPATCH: Virtual Thread #24 | Hash: b7b57cacca8b | Status: ACTIVE
[2026-09-21T09:27:50.799Z] [ESEB-LOG] ESEB CLASSIC SUCCESS: Core Authenticated | V-STAMP-24 Verified.
[2026-09-21T09:27:50.799Z] [ESEB-LOG] END: Execution Completed. Sharded Virtual Threads Active: 24/24 | Entropy δ = 0.
[2026-09-21T17:32:38.747Z] [ESEB-LOG] START: Orchestration initialized for domain 8000kicks.donabico.com
[2026-09-21T17:32:38.747Z] [ESEB-LOG] ROUND-ROBIN SELECTOR: Active Node: DEEPSEEK (Advanced Reasoning & GEO-SEO Optimization)
[2026-09-21T17:32:48.794Z] [ESEB-LOG] AUTO-HEALED: Request timeout. Self-healing fallback engaged.
[2026-09-21T17:32:48.794Z] [ESEB-LOG] HASH SHARDING: Initializing mathematical hash mapping into 24 virtual threads...
[2026-09-21T17:32:48.795Z] [ESEB-LOG] HASH SHARDING SUCCESS: All 24 virtual sharded threads mapped & verified. Entropy δ = 0.
[2026-09-21T17:32:48.795Z] [ESEB-LOG] DISPATCH: Virtual Thread #1 | Hash: e82b838200a1 | Status: ACTIVE
[2026-09-21T17:32:48.795Z] [ESEB-LOG] DISPATCH: Virtual Thread #2 | Hash: 3f18a3ae7046 | Status: ACTIVE
[2026-09-21T17:32:48.795Z] [ESEB-LOG] DISPATCH: Virtual Thread #3 | Hash: 5f9e74f740f0 | Status: ACTIVE
[2026-09-21T17:32:48.795Z] [ESEB-LOG] DISPATCH: Virtual Thread #4 | Hash: ee5bf79c6370 | Status: ACTIVE
[2026-09-21T17:32:48.795Z] [ESEB-LOG] DISPATCH: Virtual Thread #5 | Hash: 7abac5c66f83 | Status: ACTIVE
[2026-09-21T17:32:48.795Z] [ESEB-LOG] DISPATCH: Virtual Thread #6 | Hash: ee20d0eb903c | Status: ACTIVE
[2026-09-21T17:32:48.795Z] [ESEB-LOG] DISPATCH: Virtual Thread #7 | Hash: 9c3b65cd8a05 | Status: ACTIVE
[2026-09-21T17:32:48.795Z] [ESEB-LOG] DISPATCH: Virtual Thread #8 | Hash: 556422fc18a6 | Status: ACTIVE
[2026-09-21T17:32:48.795Z] [ESEB-LOG] DISPATCH: Virtual Thread #9 | Hash: 419e857b05b0 | Status: ACTIVE
[2026-09-21T17:32:48.795Z] [ESEB-LOG] DISPATCH: Virtual Thread #10 | Hash: ea034ff8c068 | Status: ACTIVE
[2026-09-21T17:32:48.795Z] [ESEB-LOG] DISPATCH: Virtual Thread #11 | Hash: 3f2e27cfe083 | Status: ACTIVE
[2026-09-21T17:32:48.795Z] [ESEB-LOG] DISPATCH: Virtual Thread #12 | Hash: c2f2315d3e62 | Status: ACTIVE
[2026-09-21T17:32:48.795Z] [ESEB-LOG] DISPATCH: Virtual Thread #13 | Hash: 793dbda0e213 | Status: ACTIVE
[2026-09-21T17:32:48.795Z] [ESEB-LOG] DISPATCH: Virtual Thread #14 | Hash: a6f2242b87b0 | Status: ACTIVE
[2026-09-21T17:32:48.795Z] [ESEB-LOG] DISPATCH: Virtual Thread #15 | Hash: 597452c32965 | Status: ACTIVE
[2026-09-21T17:32:48.795Z] [ESEB-LOG] DISPATCH: Virtual Thread #16 | Hash: edf73d52df1b | Status: ACTIVE
[2026-09-21T17:32:48.795Z] [ESEB-LOG] DISPATCH: Virtual Thread #17 | Hash: f5582eeb75fc | Status: ACTIVE
[2026-09-21T17:32:48.795Z] [ESEB-LOG] DISPATCH: Virtual Thread #18 | Hash: 57dd2d77a94c | Status: ACTIVE
[2026-09-21T17:32:48.795Z] [ESEB-LOG] DISPATCH: Virtual Thread #19 | Hash: cc754a5958ad | Status: ACTIVE
[2026-09-21T17:32:48.795Z] [ESEB-LOG] DISPATCH: Virtual Thread #20 | Hash: e36a473e6cf1 | Status: ACTIVE
[2026-09-21T17:32:48.795Z] [ESEB-LOG] DISPATCH: Virtual Thread #21 | Hash: 83437b2d3bb6 | Status: ACTIVE
[2026-09-21T17:32:48.795Z] [ESEB-LOG] DISPATCH: Virtual Thread #22 | Hash: 038e3fd86075 | Status: ACTIVE
[2026-09-21T17:32:48.795Z] [ESEB-LOG] DISPATCH: Virtual Thread #23 | Hash: 86f14227f0df | Status: ACTIVE
[2026-09-21T17:32:48.795Z] [ESEB-LOG] DISPATCH: Virtual Thread #24 | Hash: deb600669093 | Status: ACTIVE
[2026-09-21T17:32:48.795Z] [ESEB-LOG] ESEB CLASSIC SUCCESS: Core Authenticated | V-STAMP-24 Verified.
[2026-09-21T17:32:48.796Z] [ESEB-LOG] END: Execution Completed. Sharded Virtual Threads Active: 24/24 | Entropy δ = 0.
[2026-09-21T22:56:23.097Z] [ESEB-LOG] START: Orchestration initialized for domain 8000kicks.donabico.com
[2026-09-21T22:56:23.097Z] [ESEB-LOG] ROUND-ROBIN SELECTOR: Active Node: MISTRAL_7B (JSON-LD Schema & Structured Intelligence)
[2026-09-21T22:56:33.157Z] [ESEB-LOG] AUTO-HEALED: Request timeout. Self-healing fallback engaged.
[2026-09-21T22:56:33.157Z] [ESEB-LOG] HASH SHARDING: Initializing mathematical hash mapping into 24 virtual threads...
[2026-09-21T22:56:33.158Z] [ESEB-LOG] HASH SHARDING SUCCESS: All 24 virtual sharded threads mapped & verified. Entropy δ = 0.
[2026-09-21T22:56:33.158Z] [ESEB-LOG] DISPATCH: Virtual Thread #1 | Hash: 4f40f83ecdd9 | Status: ACTIVE
[2026-09-21T22:56:33.158Z] [ESEB-LOG] DISPATCH: Virtual Thread #2 | Hash: f74cab56d784 | Status: ACTIVE
[2026-09-21T22:56:33.158Z] [ESEB-LOG] DISPATCH: Virtual Thread #3 | Hash: 748869a1c3c9 | Status: ACTIVE
[2026-09-21T22:56:33.158Z] [ESEB-LOG] DISPATCH: Virtual Thread #4 | Hash: bfbd5c53aabe | Status: ACTIVE
[2026-09-21T22:56:33.158Z] [ESEB-LOG] DISPATCH: Virtual Thread #5 | Hash: 7e4ee54715e2 | Status: ACTIVE
[2026-09-21T22:56:33.158Z] [ESEB-LOG] DISPATCH: Virtual Thread #6 | Hash: 851fbb0cf090 | Status: ACTIVE
[2026-09-21T22:56:33.158Z] [ESEB-LOG] DISPATCH: Virtual Thread #7 | Hash: 9ab00e197492 | Status: ACTIVE
[2026-09-21T22:56:33.158Z] [ESEB-LOG] DISPATCH: Virtual Thread #8 | Hash: 8ec28543e288 | Status: ACTIVE
[2026-09-21T22:56:33.158Z] [ESEB-LOG] DISPATCH: Virtual Thread #9 | Hash: e9a852ae76bf | Status: ACTIVE
[2026-09-21T22:56:33.158Z] [ESEB-LOG] DISPATCH: Virtual Thread #10 | Hash: 436d23462bac | Status: ACTIVE
[2026-09-21T22:56:33.158Z] [ESEB-LOG] DISPATCH: Virtual Thread #11 | Hash: a438144a9725 | Status: ACTIVE
[2026-09-21T22:56:33.158Z] [ESEB-LOG] DISPATCH: Virtual Thread #12 | Hash: f9433a904c71 | Status: ACTIVE
[2026-09-21T22:56:33.158Z] [ESEB-LOG] DISPATCH: Virtual Thread #13 | Hash: 3e093ed6dbd2 | Status: ACTIVE
[2026-09-21T22:56:33.158Z] [ESEB-LOG] DISPATCH: Virtual Thread #14 | Hash: 02bf0638d847 | Status: ACTIVE
[2026-09-21T22:56:33.158Z] [ESEB-LOG] DISPATCH: Virtual Thread #15 | Hash: 69dc46e909e9 | Status: ACTIVE
[2026-09-21T22:56:33.158Z] [ESEB-LOG] DISPATCH: Virtual Thread #16 | Hash: 5e58575f7d0d | Status: ACTIVE
[2026-09-21T22:56:33.158Z] [ESEB-LOG] DISPATCH: Virtual Thread #17 | Hash: 82b7a292c665 | Status: ACTIVE
[2026-09-21T22:56:33.158Z] [ESEB-LOG] DISPATCH: Virtual Thread #18 | Hash: 2cfe482227bd | Status: ACTIVE
[2026-09-21T22:56:33.158Z] [ESEB-LOG] DISPATCH: Virtual Thread #19 | Hash: 93796fd92ebe | Status: ACTIVE
[2026-09-21T22:56:33.158Z] [ESEB-LOG] DISPATCH: Virtual Thread #20 | Hash: 4318e8901b75 | Status: ACTIVE
[2026-09-21T22:56:33.158Z] [ESEB-LOG] DISPATCH: Virtual Thread #21 | Hash: 846b5c97ba3e | Status: ACTIVE
[2026-09-21T22:56:33.158Z] [ESEB-LOG] DISPATCH: Virtual Thread #22 | Hash: ea165a7d56cf | Status: ACTIVE
[2026-09-21T22:56:33.159Z] [ESEB-LOG] DISPATCH: Virtual Thread #23 | Hash: e59e6721ed77 | Status: ACTIVE
[2026-09-21T22:56:33.159Z] [ESEB-LOG] DISPATCH: Virtual Thread #24 | Hash: 8daaa29e3263 | Status: ACTIVE
[2026-09-21T22:56:33.159Z] [ESEB-LOG] ESEB CLASSIC SUCCESS: Core Authenticated | V-STAMP-24 Verified.
[2026-09-21T22:56:33.159Z] [ESEB-LOG] END: Execution Completed. Sharded Virtual Threads Active: 24/24 | Entropy δ = 0.
[2026-09-22T02:38:21.546Z] [ESEB-LOG] START: Orchestration initialized for domain 8000kicks.donabico.com
[2026-09-22T02:38:21.546Z] [ESEB-LOG] ROUND-ROBIN SELECTOR: Active Node: LLAMA_3B (Edge Ultra-Fast Localization)
[2026-09-22T02:38:22.894Z] [ESEB-LOG] SOTA SUCCESS: NODE [LLAMA_3B] HTTP Status: 200 OK (Credit Preserved)
[2026-09-22T02:38:22.895Z] [ESEB-LOG] HASH SHARDING: Initializing mathematical hash mapping into 24 virtual threads...
[2026-09-22T02:38:22.896Z] [ESEB-LOG] HASH SHARDING SUCCESS: All 24 virtual sharded threads mapped & verified. Entropy δ = 0.
[2026-09-22T02:38:22.896Z] [ESEB-LOG] DISPATCH: Virtual Thread #1 | Hash: 1ff0f33a6936 | Status: ACTIVE
[2026-09-22T02:38:22.896Z] [ESEB-LOG] DISPATCH: Virtual Thread #2 | Hash: c5f491749175 | Status: ACTIVE
[2026-09-22T02:38:22.896Z] [ESEB-LOG] DISPATCH: Virtual Thread #3 | Hash: d391037e08cf | Status: ACTIVE
[2026-09-22T02:38:22.896Z] [ESEB-LOG] DISPATCH: Virtual Thread #4 | Hash: d1215654297d | Status: ACTIVE
[2026-09-22T02:38:22.896Z] [ESEB-LOG] DISPATCH: Virtual Thread #5 | Hash: 7b400c92a33f | Status: ACTIVE
[2026-09-22T02:38:22.896Z] [ESEB-LOG] DISPATCH: Virtual Thread #6 | Hash: 832ac17f4ae7 | Status: ACTIVE
[2026-09-22T02:38:22.896Z] [ESEB-LOG] DISPATCH: Virtual Thread #7 | Hash: e3f9c90ea5a1 | Status: ACTIVE
[2026-09-22T02:38:22.896Z] [ESEB-LOG] DISPATCH: Virtual Thread #8 | Hash: e6943aa149bb | Status: ACTIVE
[2026-09-22T02:38:22.896Z] [ESEB-LOG] DISPATCH: Virtual Thread #9 | Hash: 514716f23bab | Status: ACTIVE
[2026-09-22T02:38:22.896Z] [ESEB-LOG] DISPATCH: Virtual Thread #10 | Hash: 2d78d4320a5e | Status: ACTIVE
[2026-09-22T02:38:22.896Z] [ESEB-LOG] DISPATCH: Virtual Thread #11 | Hash: 05acbb5dcf37 | Status: ACTIVE
[2026-09-22T02:38:22.896Z] [ESEB-LOG] DISPATCH: Virtual Thread #12 | Hash: f8fa1006ac40 | Status: ACTIVE
[2026-09-22T02:38:22.896Z] [ESEB-LOG] DISPATCH: Virtual Thread #13 | Hash: e39f9e5d4b59 | Status: ACTIVE
[2026-09-22T02:38:22.896Z] [ESEB-LOG] DISPATCH: Virtual Thread #14 | Hash: 3dd7f491ca24 | Status: ACTIVE
[2026-09-22T02:38:22.896Z] [ESEB-LOG] DISPATCH: Virtual Thread #15 | Hash: 24d95bc76dec | Status: ACTIVE
[2026-09-22T02:38:22.896Z] [ESEB-LOG] DISPATCH: Virtual Thread #16 | Hash: 58148364561e | Status: ACTIVE
[2026-09-22T02:38:22.896Z] [ESEB-LOG] DISPATCH: Virtual Thread #17 | Hash: 61f6c73234c0 | Status: ACTIVE
[2026-09-22T02:38:22.896Z] [ESEB-LOG] DISPATCH: Virtual Thread #18 | Hash: 17ba8a328e16 | Status: ACTIVE
[2026-09-22T02:38:22.896Z] [ESEB-LOG] DISPATCH: Virtual Thread #19 | Hash: cfbd757a5692 | Status: ACTIVE
[2026-09-22T02:38:22.896Z] [ESEB-LOG] DISPATCH: Virtual Thread #20 | Hash: 521ecc1216a9 | Status: ACTIVE
[2026-09-22T02:38:22.896Z] [ESEB-LOG] DISPATCH: Virtual Thread #21 | Hash: 9c31fe9c6993 | Status: ACTIVE
[2026-09-22T02:38:22.896Z] [ESEB-LOG] DISPATCH: Virtual Thread #22 | Hash: 78b046ff3aaa | Status: ACTIVE
[2026-09-22T02:38:22.896Z] [ESEB-LOG] DISPATCH: Virtual Thread #23 | Hash: 1a3803995867 | Status: ACTIVE
[2026-09-22T02:38:22.896Z] [ESEB-LOG] DISPATCH: Virtual Thread #24 | Hash: 48331fcd549c | Status: ACTIVE
[2026-09-22T02:38:22.896Z] [ESEB-LOG] ESEB CLASSIC SUCCESS: Core Authenticated | V-STAMP-24 Verified.
[2026-09-22T02:38:22.896Z] [ESEB-LOG] END: Execution Completed. Sharded Virtual Threads Active: 24/24 | Entropy δ = 0.
[2026-09-22T08:55:19.771Z] [ESEB-LOG] START: Orchestration initialized for domain 8000kicks.donabico.com
[2026-09-22T08:55:19.771Z] [ESEB-LOG] ROUND-ROBIN SELECTOR: Active Node: BGE_EMBEDDING (RAG Knowledge Vectorization)
[2026-09-22T08:55:20.235Z] [ESEB-LOG] SOTA SUCCESS: NODE [BGE_EMBEDDING] HTTP Status: 200 OK (Credit Preserved)
[2026-09-22T08:55:20.236Z] [ESEB-LOG] HASH SHARDING: Initializing mathematical hash mapping into 24 virtual threads...
[2026-09-22T08:55:20.237Z] [ESEB-LOG] HASH SHARDING SUCCESS: All 24 virtual sharded threads mapped & verified. Entropy δ = 0.
[2026-09-22T08:55:20.237Z] [ESEB-LOG] DISPATCH: Virtual Thread #1 | Hash: 9fa9b40e5e87 | Status: ACTIVE
[2026-09-22T08:55:20.237Z] [ESEB-LOG] DISPATCH: Virtual Thread #2 | Hash: ea8a41eedaea | Status: ACTIVE
[2026-09-22T08:55:20.237Z] [ESEB-LOG] DISPATCH: Virtual Thread #3 | Hash: af721032137e | Status: ACTIVE
[2026-09-22T08:55:20.237Z] [ESEB-LOG] DISPATCH: Virtual Thread #4 | Hash: 9554298eaeae | Status: ACTIVE
[2026-09-22T08:55:20.237Z] [ESEB-LOG] DISPATCH: Virtual Thread #5 | Hash: 2c42ca9ec7c7 | Status: ACTIVE
[2026-09-22T08:55:20.237Z] [ESEB-LOG] DISPATCH: Virtual Thread #6 | Hash: 9527dcf12971 | Status: ACTIVE
[2026-09-22T08:55:20.237Z] [ESEB-LOG] DISPATCH: Virtual Thread #7 | Hash: 09e7304bf27c | Status: ACTIVE
[2026-09-22T08:55:20.237Z] [ESEB-LOG] DISPATCH: Virtual Thread #8 | Hash: 6bf3d9a02ed0 | Status: ACTIVE
[2026-09-22T08:55:20.237Z] [ESEB-LOG] DISPATCH: Virtual Thread #9 | Hash: 31e04f35bef5 | Status: ACTIVE
[2026-09-22T08:55:20.237Z] [ESEB-LOG] DISPATCH: Virtual Thread #10 | Hash: 9f5bb5d9e039 | Status: ACTIVE
[2026-09-22T08:55:20.237Z] [ESEB-LOG] DISPATCH: Virtual Thread #11 | Hash: 7048e0b82ee9 | Status: ACTIVE
[2026-09-22T08:55:20.237Z] [ESEB-LOG] DISPATCH: Virtual Thread #12 | Hash: f7e926b21e12 | Status: ACTIVE
[2026-09-22T08:55:20.237Z] [ESEB-LOG] DISPATCH: Virtual Thread #13 | Hash: 0fc01d2e517a | Status: ACTIVE
[2026-09-22T08:55:20.237Z] [ESEB-LOG] DISPATCH: Virtual Thread #14 | Hash: 22245bba419c | Status: ACTIVE
[2026-09-22T08:55:20.237Z] [ESEB-LOG] DISPATCH: Virtual Thread #15 | Hash: eb8ca282cedc | Status: ACTIVE
[2026-09-22T08:55:20.237Z] [ESEB-LOG] DISPATCH: Virtual Thread #16 | Hash: 59d029ecb2a3 | Status: ACTIVE
[2026-09-22T08:55:20.237Z] [ESEB-LOG] DISPATCH: Virtual Thread #17 | Hash: 91d7ad3d86a7 | Status: ACTIVE
[2026-09-22T08:55:20.237Z] [ESEB-LOG] DISPATCH: Virtual Thread #18 | Hash: b47ea6967ef5 | Status: ACTIVE
[2026-09-22T08:55:20.237Z] [ESEB-LOG] DISPATCH: Virtual Thread #19 | Hash: 2a324a59a812 | Status: ACTIVE
[2026-09-22T08:55:20.237Z] [ESEB-LOG] DISPATCH: Virtual Thread #20 | Hash: ebca851f0d26 | Status: ACTIVE
[2026-09-22T08:55:20.237Z] [ESEB-LOG] DISPATCH: Virtual Thread #21 | Hash: 344e7f184216 | Status: ACTIVE
[2026-09-22T08:55:20.237Z] [ESEB-LOG] DISPATCH: Virtual Thread #22 | Hash: ad9d81039f5c | Status: ACTIVE
[2026-09-22T08:55:20.237Z] [ESEB-LOG] DISPATCH: Virtual Thread #23 | Hash: 673bdadbfe97 | Status: ACTIVE
[2026-09-22T08:55:20.237Z] [ESEB-LOG] DISPATCH: Virtual Thread #24 | Hash: 8e18622b8a5f | Status: ACTIVE
[2026-09-22T08:55:20.237Z] [ESEB-LOG] ESEB CLASSIC SUCCESS: Core Authenticated | V-STAMP-24 Verified.
[2026-09-22T08:55:20.237Z] [ESEB-LOG] END: Execution Completed. Sharded Virtual Threads Active: 24/24 | Entropy δ = 0.
[2026-09-22T16:00:49.169Z] [ESEB-LOG] START: Orchestration initialized for domain 8000kicks.donabico.com
[2026-09-22T16:00:49.169Z] [ESEB-LOG] ROUND-ROBIN SELECTOR: Active Node: LLAMA_70B (Super Smart Intelligent Reviews & Deep Synthesis)
[2026-09-22T16:00:57.806Z] [ESEB-LOG] SOTA SUCCESS: NODE [LLAMA_70B] HTTP Status: 200 OK (Credit Preserved)
[2026-09-22T16:00:57.807Z] [ESEB-LOG] HASH SHARDING: Initializing mathematical hash mapping into 24 virtual threads...
[2026-09-22T16:00:57.808Z] [ESEB-LOG] HASH SHARDING SUCCESS: All 24 virtual sharded threads mapped & verified. Entropy δ = 0.
[2026-09-22T16:00:57.808Z] [ESEB-LOG] DISPATCH: Virtual Thread #1 | Hash: b64b20faa913 | Status: ACTIVE
[2026-09-22T16:00:57.808Z] [ESEB-LOG] DISPATCH: Virtual Thread #2 | Hash: 93f99f4158fa | Status: ACTIVE
[2026-09-22T16:00:57.808Z] [ESEB-LOG] DISPATCH: Virtual Thread #3 | Hash: e0d2eed16bbd | Status: ACTIVE
[2026-09-22T16:00:57.808Z] [ESEB-LOG] DISPATCH: Virtual Thread #4 | Hash: 43cd6a9fa60f | Status: ACTIVE
[2026-09-22T16:00:57.808Z] [ESEB-LOG] DISPATCH: Virtual Thread #5 | Hash: 0c6c19e56405 | Status: ACTIVE
[2026-09-22T16:00:57.808Z] [ESEB-LOG] DISPATCH: Virtual Thread #6 | Hash: b054593ef893 | Status: ACTIVE
[2026-09-22T16:00:57.808Z] [ESEB-LOG] DISPATCH: Virtual Thread #7 | Hash: 5ab4ad9030d4 | Status: ACTIVE
[2026-09-22T16:00:57.808Z] [ESEB-LOG] DISPATCH: Virtual Thread #8 | Hash: e9579370db5a | Status: ACTIVE
[2026-09-22T16:00:57.808Z] [ESEB-LOG] DISPATCH: Virtual Thread #9 | Hash: 374120bcd16d | Status: ACTIVE
[2026-09-22T16:00:57.808Z] [ESEB-LOG] DISPATCH: Virtual Thread #10 | Hash: d75b1f55de0c | Status: ACTIVE
[2026-09-22T16:00:57.808Z] [ESEB-LOG] DISPATCH: Virtual Thread #11 | Hash: 497f4aef9536 | Status: ACTIVE
[2026-09-22T16:00:57.808Z] [ESEB-LOG] DISPATCH: Virtual Thread #12 | Hash: 7831c0bdf779 | Status: ACTIVE
[2026-09-22T16:00:57.808Z] [ESEB-LOG] DISPATCH: Virtual Thread #13 | Hash: b843ea07099f | Status: ACTIVE
[2026-09-22T16:00:57.808Z] [ESEB-LOG] DISPATCH: Virtual Thread #14 | Hash: 7b2599cb3e26 | Status: ACTIVE
[2026-09-22T16:00:57.808Z] [ESEB-LOG] DISPATCH: Virtual Thread #15 | Hash: a80d27d4f24c | Status: ACTIVE
[2026-09-22T16:00:57.808Z] [ESEB-LOG] DISPATCH: Virtual Thread #16 | Hash: d220df9065cc | Status: ACTIVE
[2026-09-22T16:00:57.808Z] [ESEB-LOG] DISPATCH: Virtual Thread #17 | Hash: a9e999350958 | Status: ACTIVE
[2026-09-22T16:00:57.808Z] [ESEB-LOG] DISPATCH: Virtual Thread #18 | Hash: d0ffaa829f3a | Status: ACTIVE
[2026-09-22T16:00:57.808Z] [ESEB-LOG] DISPATCH: Virtual Thread #19 | Hash: aed09be9d4a2 | Status: ACTIVE
[2026-09-22T16:00:57.808Z] [ESEB-LOG] DISPATCH: Virtual Thread #20 | Hash: df4023f5c1e9 | Status: ACTIVE
[2026-09-22T16:00:57.808Z] [ESEB-LOG] DISPATCH: Virtual Thread #21 | Hash: 6018422618ca | Status: ACTIVE
[2026-09-22T16:00:57.808Z] [ESEB-LOG] DISPATCH: Virtual Thread #22 | Hash: bebe5f90af90 | Status: ACTIVE
[2026-09-22T16:00:57.808Z] [ESEB-LOG] DISPATCH: Virtual Thread #23 | Hash: c1a8943a9a3c | Status: ACTIVE
[2026-09-22T16:00:57.808Z] [ESEB-LOG] DISPATCH: Virtual Thread #24 | Hash: e818c89bc2f8 | Status: ACTIVE
[2026-09-22T16:00:57.808Z] [ESEB-LOG] ESEB CLASSIC SUCCESS: Core Authenticated | V-STAMP-24 Verified.
[2026-09-22T16:00:57.808Z] [ESEB-LOG] END: Execution Completed. Sharded Virtual Threads Active: 24/24 | Entropy δ = 0.
[2026-09-22T22:34:40.866Z] [ESEB-LOG] START: Orchestration initialized for domain 8000kicks.donabico.com
[2026-09-22T22:34:40.866Z] [ESEB-LOG] ROUND-ROBIN SELECTOR: Active Node: LLAMA_8B (Rapid RAG Fallback & Smart Sourcing)
[2026-09-22T22:34:42.402Z] [ESEB-LOG] SOTA SUCCESS: NODE [LLAMA_8B] HTTP Status: 200 OK (Credit Preserved)
[2026-09-22T22:34:42.403Z] [ESEB-LOG] HASH SHARDING: Initializing mathematical hash mapping into 24 virtual threads...
[2026-09-22T22:34:42.403Z] [ESEB-LOG] HASH SHARDING SUCCESS: All 24 virtual sharded threads mapped & verified. Entropy δ = 0.
[2026-09-22T22:34:42.403Z] [ESEB-LOG] DISPATCH: Virtual Thread #1 | Hash: 9190cd7bc3ed | Status: ACTIVE
[2026-09-22T22:34:42.403Z] [ESEB-LOG] DISPATCH: Virtual Thread #2 | Hash: bcb984aded95 | Status: ACTIVE
[2026-09-22T22:34:42.403Z] [ESEB-LOG] DISPATCH: Virtual Thread #3 | Hash: 805587e943fa | Status: ACTIVE
[2026-09-22T22:34:42.403Z] [ESEB-LOG] DISPATCH: Virtual Thread #4 | Hash: ebb721d0568b | Status: ACTIVE
[2026-09-22T22:34:42.403Z] [ESEB-LOG] DISPATCH: Virtual Thread #5 | Hash: 4f0b4afb0bd2 | Status: ACTIVE
[2026-09-22T22:34:42.403Z] [ESEB-LOG] DISPATCH: Virtual Thread #6 | Hash: 5f90300e449f | Status: ACTIVE
[2026-09-22T22:34:42.403Z] [ESEB-LOG] DISPATCH: Virtual Thread #7 | Hash: 0c46b435843e | Status: ACTIVE
[2026-09-22T22:34:42.403Z] [ESEB-LOG] DISPATCH: Virtual Thread #8 | Hash: 46373d8583a1 | Status: ACTIVE
[2026-09-22T22:34:42.403Z] [ESEB-LOG] DISPATCH: Virtual Thread #9 | Hash: ad9951f6f1b2 | Status: ACTIVE
[2026-09-22T22:34:42.403Z] [ESEB-LOG] DISPATCH: Virtual Thread #10 | Hash: 1cd25fe23711 | Status: ACTIVE
[2026-09-22T22:34:42.403Z] [ESEB-LOG] DISPATCH: Virtual Thread #11 | Hash: fdb62fafa233 | Status: ACTIVE
[2026-09-22T22:34:42.403Z] [ESEB-LOG] DISPATCH: Virtual Thread #12 | Hash: a9bd28d76497 | Status: ACTIVE
[2026-09-22T22:34:42.403Z] [ESEB-LOG] DISPATCH: Virtual Thread #13 | Hash: 0173751846f8 | Status: ACTIVE
[2026-09-22T22:34:42.404Z] [ESEB-LOG] DISPATCH: Virtual Thread #14 | Hash: ffba56013afb | Status: ACTIVE
[2026-09-22T22:34:42.404Z] [ESEB-LOG] DISPATCH: Virtual Thread #15 | Hash: e55b505a02b9 | Status: ACTIVE
[2026-09-22T22:34:42.404Z] [ESEB-LOG] DISPATCH: Virtual Thread #16 | Hash: 2e013bfcb595 | Status: ACTIVE
[2026-09-22T22:34:42.404Z] [ESEB-LOG] DISPATCH: Virtual Thread #17 | Hash: a1442cb5a2d8 | Status: ACTIVE
[2026-09-22T22:34:42.404Z] [ESEB-LOG] DISPATCH: Virtual Thread #18 | Hash: 0d0798173ff9 | Status: ACTIVE
[2026-09-22T22:34:42.404Z] [ESEB-LOG] DISPATCH: Virtual Thread #19 | Hash: b2e5f8e49157 | Status: ACTIVE
[2026-09-22T22:34:42.404Z] [ESEB-LOG] DISPATCH: Virtual Thread #20 | Hash: a7368f20feb5 | Status: ACTIVE
[2026-09-22T22:34:42.404Z] [ESEB-LOG] DISPATCH: Virtual Thread #21 | Hash: 79063e4f3dd4 | Status: ACTIVE
[2026-09-22T22:34:42.404Z] [ESEB-LOG] DISPATCH: Virtual Thread #22 | Hash: 96cd80301708 | Status: ACTIVE
[2026-09-22T22:34:42.404Z] [ESEB-LOG] DISPATCH: Virtual Thread #23 | Hash: 57cb1841c309 | Status: ACTIVE
[2026-09-22T22:34:42.404Z] [ESEB-LOG] DISPATCH: Virtual Thread #24 | Hash: 2a686e14fdf3 | Status: ACTIVE
[2026-09-22T22:34:42.404Z] [ESEB-LOG] ESEB CLASSIC SUCCESS: Core Authenticated | V-STAMP-24 Verified.
[2026-09-22T22:34:42.404Z] [ESEB-LOG] END: Execution Completed. Sharded Virtual Threads Active: 24/24 | Entropy δ = 0.
[2026-09-23T02:38:39.466Z] [ESEB-LOG] START: Orchestration initialized for domain 8000kicks.donabico.com
[2026-09-23T02:38:39.466Z] [ESEB-LOG] ROUND-ROBIN SELECTOR: Active Node: DEEPSEEK (Advanced Reasoning & GEO-SEO Optimization)
[2026-09-23T02:38:48.162Z] [ESEB-LOG] SOTA SUCCESS: NODE [DEEPSEEK] HTTP Status: 200 OK (Credit Preserved)
[2026-09-23T02:38:48.163Z] [ESEB-LOG] HASH SHARDING: Initializing mathematical hash mapping into 24 virtual threads...
[2026-09-23T02:38:48.164Z] [ESEB-LOG] HASH SHARDING SUCCESS: All 24 virtual sharded threads mapped & verified. Entropy δ = 0.
[2026-09-23T02:38:48.164Z] [ESEB-LOG] DISPATCH: Virtual Thread #1 | Hash: 7b24666590fd | Status: ACTIVE
[2026-09-23T02:38:48.164Z] [ESEB-LOG] DISPATCH: Virtual Thread #2 | Hash: 41f0f50e584d | Status: ACTIVE
[2026-09-23T02:38:48.164Z] [ESEB-LOG] DISPATCH: Virtual Thread #3 | Hash: 016b5f6401a4 | Status: ACTIVE
[2026-09-23T02:38:48.164Z] [ESEB-LOG] DISPATCH: Virtual Thread #4 | Hash: c2741f77de1b | Status: ACTIVE
[2026-09-23T02:38:48.164Z] [ESEB-LOG] DISPATCH: Virtual Thread #5 | Hash: 1d7d2936b147 | Status: ACTIVE
[2026-09-23T02:38:48.164Z] [ESEB-LOG] DISPATCH: Virtual Thread #6 | Hash: f9b061e73fae | Status: ACTIVE
[2026-09-23T02:38:48.164Z] [ESEB-LOG] DISPATCH: Virtual Thread #7 | Hash: a86a8409bbea | Status: ACTIVE
[2026-09-23T02:38:48.164Z] [ESEB-LOG] DISPATCH: Virtual Thread #8 | Hash: 3378150b4b92 | Status: ACTIVE
[2026-09-23T02:38:48.164Z] [ESEB-LOG] DISPATCH: Virtual Thread #9 | Hash: bfff46f8fab7 | Status: ACTIVE
[2026-09-23T02:38:48.164Z] [ESEB-LOG] DISPATCH: Virtual Thread #10 | Hash: 8eb3812a8bcc | Status: ACTIVE
[2026-09-23T02:38:48.164Z] [ESEB-LOG] DISPATCH: Virtual Thread #11 | Hash: 546dc7b02d8d | Status: ACTIVE
[2026-09-23T02:38:48.164Z] [ESEB-LOG] DISPATCH: Virtual Thread #12 | Hash: 6d8781c27858 | Status: ACTIVE
[2026-09-23T02:38:48.164Z] [ESEB-LOG] DISPATCH: Virtual Thread #13 | Hash: 8963e2abdac0 | Status: ACTIVE
[2026-09-23T02:38:48.164Z] [ESEB-LOG] DISPATCH: Virtual Thread #14 | Hash: 4a717567358c | Status: ACTIVE
[2026-09-23T02:38:48.164Z] [ESEB-LOG] DISPATCH: Virtual Thread #15 | Hash: 9d0e0d5f3ee2 | Status: ACTIVE
[2026-09-23T02:38:48.164Z] [ESEB-LOG] DISPATCH: Virtual Thread #16 | Hash: 405140eb7d3e | Status: ACTIVE
[2026-09-23T02:38:48.164Z] [ESEB-LOG] DISPATCH: Virtual Thread #17 | Hash: d75c19070d83 | Status: ACTIVE
[2026-09-23T02:38:48.164Z] [ESEB-LOG] DISPATCH: Virtual Thread #18 | Hash: 137d987dd46d | Status: ACTIVE
[2026-09-23T02:38:48.165Z] [ESEB-LOG] DISPATCH: Virtual Thread #19 | Hash: a30f4ceaa32d | Status: ACTIVE
[2026-09-23T02:38:48.165Z] [ESEB-LOG] DISPATCH: Virtual Thread #20 | Hash: 3c53cf80a0bc | Status: ACTIVE
[2026-09-23T02:38:48.165Z] [ESEB-LOG] DISPATCH: Virtual Thread #21 | Hash: e7a5eea66ea1 | Status: ACTIVE
[2026-09-23T02:38:48.165Z] [ESEB-LOG] DISPATCH: Virtual Thread #22 | Hash: 6c8e82fb753b | Status: ACTIVE
[2026-09-23T02:38:48.165Z] [ESEB-LOG] DISPATCH: Virtual Thread #23 | Hash: d05a6b5f302f | Status: ACTIVE
[2026-09-23T02:38:48.165Z] [ESEB-LOG] DISPATCH: Virtual Thread #24 | Hash: d77043add3b6 | Status: ACTIVE
[2026-09-23T02:38:48.165Z] [ESEB-LOG] ESEB CLASSIC SUCCESS: Core Authenticated | V-STAMP-24 Verified.
[2026-09-23T02:38:48.165Z] [ESEB-LOG] END: Execution Completed. Sharded Virtual Threads Active: 24/24 | Entropy δ = 0.
[2026-09-23T08:57:52.005Z] [ESEB-LOG] START: Orchestration initialized for domain 8000kicks.donabico.com
[2026-09-23T08:57:52.006Z] [ESEB-LOG] ROUND-ROBIN SELECTOR: Active Node: LLAMA_3B (Edge Ultra-Fast Localization)
[2026-09-23T08:57:54.025Z] [ESEB-LOG] SOTA SUCCESS: NODE [LLAMA_3B] HTTP Status: 200 OK (Credit Preserved)
[2026-09-23T08:57:54.026Z] [ESEB-LOG] HASH SHARDING: Initializing mathematical hash mapping into 24 virtual threads...
[2026-09-23T08:57:54.027Z] [ESEB-LOG] HASH SHARDING SUCCESS: All 24 virtual sharded threads mapped & verified. Entropy δ = 0.
[2026-09-23T08:57:54.027Z] [ESEB-LOG] DISPATCH: Virtual Thread #1 | Hash: dc8be43bea2f | Status: ACTIVE
[2026-09-23T08:57:54.027Z] [ESEB-LOG] DISPATCH: Virtual Thread #2 | Hash: 8dbf49c497de | Status: ACTIVE
[2026-09-23T08:57:54.027Z] [ESEB-LOG] DISPATCH: Virtual Thread #3 | Hash: 311634a8b11e | Status: ACTIVE
[2026-09-23T08:57:54.027Z] [ESEB-LOG] DISPATCH: Virtual Thread #4 | Hash: d06890e5f365 | Status: ACTIVE
[2026-09-23T08:57:54.027Z] [ESEB-LOG] DISPATCH: Virtual Thread #5 | Hash: d4e92ae53875 | Status: ACTIVE
[2026-09-23T08:57:54.027Z] [ESEB-LOG] DISPATCH: Virtual Thread #6 | Hash: a9c2ab2af32a | Status: ACTIVE
[2026-09-23T08:57:54.027Z] [ESEB-LOG] DISPATCH: Virtual Thread #7 | Hash: db18b599a731 | Status: ACTIVE
[2026-09-23T08:57:54.027Z] [ESEB-LOG] DISPATCH: Virtual Thread #8 | Hash: cb65c2ad5f01 | Status: ACTIVE
[2026-09-23T08:57:54.027Z] [ESEB-LOG] DISPATCH: Virtual Thread #9 | Hash: 3c5311491fcc | Status: ACTIVE
[2026-09-23T08:57:54.027Z] [ESEB-LOG] DISPATCH: Virtual Thread #10 | Hash: 7f4860d5a468 | Status: ACTIVE
[2026-09-23T08:57:54.027Z] [ESEB-LOG] DISPATCH: Virtual Thread #11 | Hash: 2c2638c963f6 | Status: ACTIVE
[2026-09-23T08:57:54.027Z] [ESEB-LOG] DISPATCH: Virtual Thread #12 | Hash: 25c040b8f554 | Status: ACTIVE
[2026-09-23T08:57:54.027Z] [ESEB-LOG] DISPATCH: Virtual Thread #13 | Hash: aceec198dae1 | Status: ACTIVE
[2026-09-23T08:57:54.028Z] [ESEB-LOG] DISPATCH: Virtual Thread #14 | Hash: b1e129664fa8 | Status: ACTIVE
[2026-09-23T08:57:54.028Z] [ESEB-LOG] DISPATCH: Virtual Thread #15 | Hash: 8dddac5d230f | Status: ACTIVE
[2026-09-23T08:57:54.028Z] [ESEB-LOG] DISPATCH: Virtual Thread #16 | Hash: a5ef790a9f3d | Status: ACTIVE
[2026-09-23T08:57:54.028Z] [ESEB-LOG] DISPATCH: Virtual Thread #17 | Hash: e4103b286304 | Status: ACTIVE
[2026-09-23T08:57:54.028Z] [ESEB-LOG] DISPATCH: Virtual Thread #18 | Hash: 18d950c2c756 | Status: ACTIVE
[2026-09-23T08:57:54.028Z] [ESEB-LOG] DISPATCH: Virtual Thread #19 | Hash: 61afa90cf148 | Status: ACTIVE
[2026-09-23T08:57:54.028Z] [ESEB-LOG] DISPATCH: Virtual Thread #20 | Hash: 11ae23fad54c | Status: ACTIVE
[2026-09-23T08:57:54.028Z] [ESEB-LOG] DISPATCH: Virtual Thread #21 | Hash: 5ef3bf9d930b | Status: ACTIVE
[2026-09-23T08:57:54.028Z] [ESEB-LOG] DISPATCH: Virtual Thread #22 | Hash: 36a5cb1eca77 | Status: ACTIVE
[2026-09-23T08:57:54.028Z] [ESEB-LOG] DISPATCH: Virtual Thread #23 | Hash: 393ebe1394e1 | Status: ACTIVE
[2026-09-23T08:57:54.028Z] [ESEB-LOG] DISPATCH: Virtual Thread #24 | Hash: 3277a2fda549 | Status: ACTIVE
[2026-09-23T08:57:54.028Z] [ESEB-LOG] ESEB CLASSIC SUCCESS: Core Authenticated | V-STAMP-24 Verified.
[2026-09-23T08:57:54.028Z] [ESEB-LOG] END: Execution Completed. Sharded Virtual Threads Active: 24/24 | Entropy δ = 0.
[2026-09-23T15:51:17.387Z] [ESEB-LOG] START: Orchestration initialized for domain 8000kicks.donabico.com
[2026-09-23T15:51:17.387Z] [ESEB-LOG] ROUND-ROBIN SELECTOR: Active Node: GEMMA_7B (Context Enrichment & Smart Conversion)
[2026-09-23T15:51:27.444Z] [ESEB-LOG] AUTO-HEALED: Request timeout. Self-healing fallback engaged.
[2026-09-23T15:51:27.444Z] [ESEB-LOG] HASH SHARDING: Initializing mathematical hash mapping into 24 virtual threads...
[2026-09-23T15:51:27.444Z] [ESEB-LOG] HASH SHARDING SUCCESS: All 24 virtual sharded threads mapped & verified. Entropy δ = 0.
[2026-09-23T15:51:27.444Z] [ESEB-LOG] DISPATCH: Virtual Thread #1 | Hash: 42cd495c928d | Status: ACTIVE
[2026-09-23T15:51:27.444Z] [ESEB-LOG] DISPATCH: Virtual Thread #2 | Hash: 3e1618b3ba8b | Status: ACTIVE
[2026-09-23T15:51:27.445Z] [ESEB-LOG] DISPATCH: Virtual Thread #3 | Hash: 9798aa46400d | Status: ACTIVE
[2026-09-23T15:51:27.445Z] [ESEB-LOG] DISPATCH: Virtual Thread #4 | Hash: 2185af59eb61 | Status: ACTIVE
[2026-09-23T15:51:27.445Z] [ESEB-LOG] DISPATCH: Virtual Thread #5 | Hash: 6d750e85c3a3 | Status: ACTIVE
[2026-09-23T15:51:27.445Z] [ESEB-LOG] DISPATCH: Virtual Thread #6 | Hash: da7082515250 | Status: ACTIVE
[2026-09-23T15:51:27.445Z] [ESEB-LOG] DISPATCH: Virtual Thread #7 | Hash: 75c36804ee78 | Status: ACTIVE
[2026-09-23T15:51:27.445Z] [ESEB-LOG] DISPATCH: Virtual Thread #8 | Hash: f484d274a5c8 | Status: ACTIVE
[2026-09-23T15:51:27.445Z] [ESEB-LOG] DISPATCH: Virtual Thread #9 | Hash: 04739d3ff0cb | Status: ACTIVE
[2026-09-23T15:51:27.445Z] [ESEB-LOG] DISPATCH: Virtual Thread #10 | Hash: 644ad0b6f5c6 | Status: ACTIVE
[2026-09-23T15:51:27.445Z] [ESEB-LOG] DISPATCH: Virtual Thread #11 | Hash: f3db9247e109 | Status: ACTIVE
[2026-09-23T15:51:27.445Z] [ESEB-LOG] DISPATCH: Virtual Thread #12 | Hash: c7be4e6b9421 | Status: ACTIVE
[2026-09-23T15:51:27.445Z] [ESEB-LOG] DISPATCH: Virtual Thread #13 | Hash: 353b98226af7 | Status: ACTIVE
[2026-09-23T15:51:27.445Z] [ESEB-LOG] DISPATCH: Virtual Thread #14 | Hash: b651d783afca | Status: ACTIVE
[2026-09-23T15:51:27.445Z] [ESEB-LOG] DISPATCH: Virtual Thread #15 | Hash: 4c47cb820404 | Status: ACTIVE
[2026-09-23T15:51:27.445Z] [ESEB-LOG] DISPATCH: Virtual Thread #16 | Hash: 0203dec4c378 | Status: ACTIVE
[2026-09-23T15:51:27.445Z] [ESEB-LOG] DISPATCH: Virtual Thread #17 | Hash: 68ecb55fa14b | Status: ACTIVE
[2026-09-23T15:51:27.445Z] [ESEB-LOG] DISPATCH: Virtual Thread #18 | Hash: 26b538611fe3 | Status: ACTIVE
[2026-09-23T15:51:27.445Z] [ESEB-LOG] DISPATCH: Virtual Thread #19 | Hash: 7279a8e70cd0 | Status: ACTIVE
[2026-09-23T15:51:27.445Z] [ESEB-LOG] DISPATCH: Virtual Thread #20 | Hash: 8046d8eeb03f | Status: ACTIVE
[2026-09-23T15:51:27.445Z] [ESEB-LOG] DISPATCH: Virtual Thread #21 | Hash: 344fc390bb04 | Status: ACTIVE
[2026-09-23T15:51:27.445Z] [ESEB-LOG] DISPATCH: Virtual Thread #22 | Hash: 99ac74a4f79a | Status: ACTIVE
[2026-09-23T15:51:27.445Z] [ESEB-LOG] DISPATCH: Virtual Thread #23 | Hash: 4d6e046ab29b | Status: ACTIVE
[2026-09-23T15:51:27.445Z] [ESEB-LOG] DISPATCH: Virtual Thread #24 | Hash: edbc818d8ef6 | Status: ACTIVE
[2026-09-23T15:51:27.445Z] [ESEB-LOG] ESEB CLASSIC SUCCESS: Core Authenticated | V-STAMP-24 Verified.
[2026-09-23T15:51:27.445Z] [ESEB-LOG] END: Execution Completed. Sharded Virtual Threads Active: 24/24 | Entropy δ = 0.
[2026-09-23T19:21:25.631Z] [ESEB-LOG] START: Orchestration initialized for domain 8000kicks.donabico.com
[2026-09-23T19:21:25.631Z] [ESEB-LOG] ROUND-ROBIN SELECTOR: Active Node: BGE_EMBEDDING (RAG Knowledge Vectorization)
[2026-09-23T19:21:26.141Z] [ESEB-LOG] SOTA SUCCESS: NODE [BGE_EMBEDDING] HTTP Status: 200 OK (Credit Preserved)
[2026-09-23T19:21:26.142Z] [ESEB-LOG] HASH SHARDING: Initializing mathematical hash mapping into 24 virtual threads...
[2026-09-23T19:21:26.143Z] [ESEB-LOG] HASH SHARDING SUCCESS: All 24 virtual sharded threads mapped & verified. Entropy δ = 0.
[2026-09-23T19:21:26.143Z] [ESEB-LOG] DISPATCH: Virtual Thread #1 | Hash: 41f82b8f7382 | Status: ACTIVE
[2026-09-23T19:21:26.143Z] [ESEB-LOG] DISPATCH: Virtual Thread #2 | Hash: 99f78ee21e5c | Status: ACTIVE
[2026-09-23T19:21:26.143Z] [ESEB-LOG] DISPATCH: Virtual Thread #3 | Hash: 2180321891cc | Status: ACTIVE
[2026-09-23T19:21:26.143Z] [ESEB-LOG] DISPATCH: Virtual Thread #4 | Hash: 93cf91705e99 | Status: ACTIVE
[2026-09-23T19:21:26.143Z] [ESEB-LOG] DISPATCH: Virtual Thread #5 | Hash: 2fa3d72447ac | Status: ACTIVE
[2026-09-23T19:21:26.143Z] [ESEB-LOG] DISPATCH: Virtual Thread #6 | Hash: 74a8944002c6 | Status: ACTIVE
[2026-09-23T19:21:26.143Z] [ESEB-LOG] DISPATCH: Virtual Thread #7 | Hash: c62da23cb416 | Status: ACTIVE
[2026-09-23T19:21:26.143Z] [ESEB-LOG] DISPATCH: Virtual Thread #8 | Hash: 8ec9665c1fc5 | Status: ACTIVE
[2026-09-23T19:21:26.143Z] [ESEB-LOG] DISPATCH: Virtual Thread #9 | Hash: 7142486554e7 | Status: ACTIVE
[2026-09-23T19:21:26.143Z] [ESEB-LOG] DISPATCH: Virtual Thread #10 | Hash: a60fcf819224 | Status: ACTIVE
[2026-09-23T19:21:26.143Z] [ESEB-LOG] DISPATCH: Virtual Thread #11 | Hash: 83d20a98da73 | Status: ACTIVE
[2026-09-23T19:21:26.143Z] [ESEB-LOG] DISPATCH: Virtual Thread #12 | Hash: bffb483c5539 | Status: ACTIVE
[2026-09-23T19:21:26.143Z] [ESEB-LOG] DISPATCH: Virtual Thread #13 | Hash: 541fb894f506 | Status: ACTIVE
[2026-09-23T19:21:26.143Z] [ESEB-LOG] DISPATCH: Virtual Thread #14 | Hash: b436927b8631 | Status: ACTIVE
[2026-09-23T19:21:26.143Z] [ESEB-LOG] DISPATCH: Virtual Thread #15 | Hash: 39cde6a4fcd3 | Status: ACTIVE
[2026-09-23T19:21:26.143Z] [ESEB-LOG] DISPATCH: Virtual Thread #16 | Hash: 66a49a79e4ae | Status: ACTIVE
[2026-09-23T19:21:26.143Z] [ESEB-LOG] DISPATCH: Virtual Thread #17 | Hash: 305472ed55e6 | Status: ACTIVE
[2026-09-23T19:21:26.143Z] [ESEB-LOG] DISPATCH: Virtual Thread #18 | Hash: 8db15de02a15 | Status: ACTIVE
[2026-09-23T19:21:26.143Z] [ESEB-LOG] DISPATCH: Virtual Thread #19 | Hash: 637d36d9fd5d | Status: ACTIVE
[2026-09-23T19:21:26.143Z] [ESEB-LOG] DISPATCH: Virtual Thread #20 | Hash: fd89e7439401 | Status: ACTIVE
[2026-09-23T19:21:26.143Z] [ESEB-LOG] DISPATCH: Virtual Thread #21 | Hash: c3300e6fa76e | Status: ACTIVE
[2026-09-23T19:21:26.143Z] [ESEB-LOG] DISPATCH: Virtual Thread #22 | Hash: 7f8835041b7c | Status: ACTIVE
[2026-09-23T19:21:26.143Z] [ESEB-LOG] DISPATCH: Virtual Thread #23 | Hash: 8388d6e7fc63 | Status: ACTIVE
[2026-09-23T19:21:26.143Z] [ESEB-LOG] DISPATCH: Virtual Thread #24 | Hash: 67ee2db30fbc | Status: ACTIVE
[2026-09-23T19:21:26.143Z] [ESEB-LOG] ESEB CLASSIC SUCCESS: Core Authenticated | V-STAMP-24 Verified.
[2026-09-23T19:21:26.143Z] [ESEB-LOG] END: Execution Completed. Sharded Virtual Threads Active: 24/24 | Entropy δ = 0.
[2026-09-23T22:35:10.457Z] [ESEB-LOG] START: Orchestration initialized for domain 8000kicks.donabico.com
[2026-09-23T22:35:10.457Z] [ESEB-LOG] ROUND-ROBIN SELECTOR: Active Node: SDXL_IMAGE (Affiliate Intelligent Banners & Posters)
[2026-09-23T22:35:16.701Z] [ESEB-LOG] SOTA SUCCESS: NODE [SDXL_IMAGE] HTTP Status: 200 OK (Credit Preserved)
[2026-09-23T22:35:16.702Z] [ESEB-LOG] HASH SHARDING: Initializing mathematical hash mapping into 24 virtual threads...
[2026-09-23T22:35:16.703Z] [ESEB-LOG] HASH SHARDING SUCCESS: All 24 virtual sharded threads mapped & verified. Entropy δ = 0.
[2026-09-23T22:35:16.703Z] [ESEB-LOG] DISPATCH: Virtual Thread #1 | Hash: a90e10139057 | Status: ACTIVE
[2026-09-23T22:35:16.703Z] [ESEB-LOG] DISPATCH: Virtual Thread #2 | Hash: 3c17bab0d7f6 | Status: ACTIVE
[2026-09-23T22:35:16.703Z] [ESEB-LOG] DISPATCH: Virtual Thread #3 | Hash: 59536d03662b | Status: ACTIVE
[2026-09-23T22:35:16.703Z] [ESEB-LOG] DISPATCH: Virtual Thread #4 | Hash: 3d759bb81235 | Status: ACTIVE
[2026-09-23T22:35:16.703Z] [ESEB-LOG] DISPATCH: Virtual Thread #5 | Hash: 38f613cede7f | Status: ACTIVE
[2026-09-23T22:35:16.703Z] [ESEB-LOG] DISPATCH: Virtual Thread #6 | Hash: 43958728ef40 | Status: ACTIVE
[2026-09-23T22:35:16.703Z] [ESEB-LOG] DISPATCH: Virtual Thread #7 | Hash: 4448840e9876 | Status: ACTIVE
[2026-09-23T22:35:16.703Z] [ESEB-LOG] DISPATCH: Virtual Thread #8 | Hash: 2ddda8b675c2 | Status: ACTIVE
[2026-09-23T22:35:16.703Z] [ESEB-LOG] DISPATCH: Virtual Thread #9 | Hash: 9c5d17130b2d | Status: ACTIVE
[2026-09-23T22:35:16.703Z] [ESEB-LOG] DISPATCH: Virtual Thread #10 | Hash: 65d996e2ff60 | Status: ACTIVE
[2026-09-23T22:35:16.703Z] [ESEB-LOG] DISPATCH: Virtual Thread #11 | Hash: e7a680cec4f6 | Status: ACTIVE
[2026-09-23T22:35:16.703Z] [ESEB-LOG] DISPATCH: Virtual Thread #12 | Hash: 4c6bc633c554 | Status: ACTIVE
[2026-09-23T22:35:16.703Z] [ESEB-LOG] DISPATCH: Virtual Thread #13 | Hash: 63668d27bf79 | Status: ACTIVE
[2026-09-23T22:35:16.703Z] [ESEB-LOG] DISPATCH: Virtual Thread #14 | Hash: 40c01a278ee3 | Status: ACTIVE
[2026-09-23T22:35:16.703Z] [ESEB-LOG] DISPATCH: Virtual Thread #15 | Hash: 2442c834577b | Status: ACTIVE
[2026-09-23T22:35:16.703Z] [ESEB-LOG] DISPATCH: Virtual Thread #16 | Hash: 557f6d098d8a | Status: ACTIVE
[2026-09-23T22:35:16.703Z] [ESEB-LOG] DISPATCH: Virtual Thread #17 | Hash: 279e74cb8759 | Status: ACTIVE
[2026-09-23T22:35:16.703Z] [ESEB-LOG] DISPATCH: Virtual Thread #18 | Hash: 81b79174d5ca | Status: ACTIVE
[2026-09-23T22:35:16.703Z] [ESEB-LOG] DISPATCH: Virtual Thread #19 | Hash: dda6a4ad12ea | Status: ACTIVE
[2026-09-23T22:35:16.703Z] [ESEB-LOG] DISPATCH: Virtual Thread #20 | Hash: 3d83842dab65 | Status: ACTIVE
[2026-09-23T22:35:16.703Z] [ESEB-LOG] DISPATCH: Virtual Thread #21 | Hash: 1ad1661c34b4 | Status: ACTIVE
[2026-09-23T22:35:16.703Z] [ESEB-LOG] DISPATCH: Virtual Thread #22 | Hash: 4a59397e3eda | Status: ACTIVE
[2026-09-23T22:35:16.703Z] [ESEB-LOG] DISPATCH: Virtual Thread #23 | Hash: ee5a0985e139 | Status: ACTIVE
[2026-09-23T22:35:16.703Z] [ESEB-LOG] DISPATCH: Virtual Thread #24 | Hash: 710e4946335c | Status: ACTIVE
[2026-09-23T22:35:16.703Z] [ESEB-LOG] ESEB CLASSIC SUCCESS: Core Authenticated | V-STAMP-24 Verified.
[2026-09-23T22:35:16.703Z] [ESEB-LOG] END: Execution Completed. Sharded Virtual Threads Active: 24/24 | Entropy δ = 0.
[2026-09-24T02:27:58.259Z] [ESEB-LOG] START: Orchestration initialized for domain 8000kicks.donabico.com
[2026-09-24T02:27:58.259Z] [ESEB-LOG] ROUND-ROBIN SELECTOR: Active Node: LLAMA_70B (Super Smart Intelligent Reviews & Deep Synthesis)
[2026-09-24T02:28:02.591Z] [ESEB-LOG] SOTA SUCCESS: NODE [LLAMA_70B] HTTP Status: 200 OK (Credit Preserved)
[2026-09-24T02:28:02.591Z] [ESEB-LOG] HASH SHARDING: Initializing mathematical hash mapping into 24 virtual threads...
[2026-09-24T02:28:02.592Z] [ESEB-LOG] HASH SHARDING SUCCESS: All 24 virtual sharded threads mapped & verified. Entropy δ = 0.
[2026-09-24T02:28:02.592Z] [ESEB-LOG] DISPATCH: Virtual Thread #1 | Hash: 59dbeef09355 | Status: ACTIVE
[2026-09-24T02:28:02.592Z] [ESEB-LOG] DISPATCH: Virtual Thread #2 | Hash: 79194094d483 | Status: ACTIVE
[2026-09-24T02:28:02.592Z] [ESEB-LOG] DISPATCH: Virtual Thread #3 | Hash: 9481b698414c | Status: ACTIVE
[2026-09-24T02:28:02.592Z] [ESEB-LOG] DISPATCH: Virtual Thread #4 | Hash: d6f135a0f35a | Status: ACTIVE
[2026-09-24T02:28:02.592Z] [ESEB-LOG] DISPATCH: Virtual Thread #5 | Hash: 213b785575a4 | Status: ACTIVE
[2026-09-24T02:28:02.592Z] [ESEB-LOG] DISPATCH: Virtual Thread #6 | Hash: bdec39ea4758 | Status: ACTIVE
[2026-09-24T02:28:02.592Z] [ESEB-LOG] DISPATCH: Virtual Thread #7 | Hash: b8cdd4227073 | Status: ACTIVE
[2026-09-24T02:28:02.592Z] [ESEB-LOG] DISPATCH: Virtual Thread #8 | Hash: 431ed5e2a8e6 | Status: ACTIVE
[2026-09-24T02:28:02.592Z] [ESEB-LOG] DISPATCH: Virtual Thread #9 | Hash: 43d5ab214c32 | Status: ACTIVE
[2026-09-24T02:28:02.592Z] [ESEB-LOG] DISPATCH: Virtual Thread #10 | Hash: 67385b6bdca0 | Status: ACTIVE
[2026-09-24T02:28:02.592Z] [ESEB-LOG] DISPATCH: Virtual Thread #11 | Hash: 8609c8f95f2b | Status: ACTIVE
[2026-09-24T02:28:02.592Z] [ESEB-LOG] DISPATCH: Virtual Thread #12 | Hash: 67b4b1e76778 | Status: ACTIVE
[2026-09-24T02:28:02.592Z] [ESEB-LOG] DISPATCH: Virtual Thread #13 | Hash: 980f0ecc6ce8 | Status: ACTIVE
[2026-09-24T02:28:02.592Z] [ESEB-LOG] DISPATCH: Virtual Thread #14 | Hash: 04ac4cbb1e9f | Status: ACTIVE
[2026-09-24T02:28:02.592Z] [ESEB-LOG] DISPATCH: Virtual Thread #15 | Hash: 17d08f5672ac | Status: ACTIVE
[2026-09-24T02:28:02.592Z] [ESEB-LOG] DISPATCH: Virtual Thread #16 | Hash: 4262ca561ddd | Status: ACTIVE
[2026-09-24T02:28:02.592Z] [ESEB-LOG] DISPATCH: Virtual Thread #17 | Hash: 67e6e10cf4b5 | Status: ACTIVE
[2026-09-24T02:28:02.592Z] [ESEB-LOG] DISPATCH: Virtual Thread #18 | Hash: de7cfdea7cf2 | Status: ACTIVE
[2026-09-24T02:28:02.592Z] [ESEB-LOG] DISPATCH: Virtual Thread #19 | Hash: 9415e82d92b7 | Status: ACTIVE
[2026-09-24T02:28:02.592Z] [ESEB-LOG] DISPATCH: Virtual Thread #20 | Hash: 911cc64381ba | Status: ACTIVE
[2026-09-24T02:28:02.592Z] [ESEB-LOG] DISPATCH: Virtual Thread #21 | Hash: 5ad18c7addc4 | Status: ACTIVE
[2026-09-24T02:28:02.592Z] [ESEB-LOG] DISPATCH: Virtual Thread #22 | Hash: 749b416db31f | Status: ACTIVE
[2026-09-24T02:28:02.592Z] [ESEB-LOG] DISPATCH: Virtual Thread #23 | Hash: ec9d78fc0c5f | Status: ACTIVE
[2026-09-24T02:28:02.592Z] [ESEB-LOG] DISPATCH: Virtual Thread #24 | Hash: 7e2535d02380 | Status: ACTIVE
[2026-09-24T02:28:02.592Z] [ESEB-LOG] ESEB CLASSIC SUCCESS: Core Authenticated | V-STAMP-24 Verified.
[2026-09-24T02:28:02.592Z] [ESEB-LOG] END: Execution Completed. Sharded Virtual Threads Active: 24/24 | Entropy δ = 0.
[2026-09-24T08:53:31.927Z] [ESEB-LOG] START: Orchestration initialized for domain 8000kicks.donabico.com
[2026-09-24T08:53:31.927Z] [ESEB-LOG] ROUND-ROBIN SELECTOR: Active Node: DEEPSEEK (Advanced Reasoning & GEO-SEO Optimization)
[2026-09-24T08:53:40.079Z] [ESEB-LOG] SOTA SUCCESS: NODE [DEEPSEEK] HTTP Status: 200 OK (Credit Preserved)
[2026-09-24T08:53:40.080Z] [ESEB-LOG] HASH SHARDING: Initializing mathematical hash mapping into 24 virtual threads...
[2026-09-24T08:53:40.080Z] [ESEB-LOG] HASH SHARDING SUCCESS: All 24 virtual sharded threads mapped & verified. Entropy δ = 0.
[2026-09-24T08:53:40.080Z] [ESEB-LOG] DISPATCH: Virtual Thread #1 | Hash: ddb252506765 | Status: ACTIVE
[2026-09-24T08:53:40.080Z] [ESEB-LOG] DISPATCH: Virtual Thread #2 | Hash: 204d3f8767d0 | Status: ACTIVE
[2026-09-24T08:53:40.080Z] [ESEB-LOG] DISPATCH: Virtual Thread #3 | Hash: db4fc0dde259 | Status: ACTIVE
[2026-09-24T08:53:40.080Z] [ESEB-LOG] DISPATCH: Virtual Thread #4 | Hash: 34c2004a3856 | Status: ACTIVE
[2026-09-24T08:53:40.080Z] [ESEB-LOG] DISPATCH: Virtual Thread #5 | Hash: 6f02f5e5220a | Status: ACTIVE
[2026-09-24T08:53:40.080Z] [ESEB-LOG] DISPATCH: Virtual Thread #6 | Hash: ecb219764f91 | Status: ACTIVE
[2026-09-24T08:53:40.080Z] [ESEB-LOG] DISPATCH: Virtual Thread #7 | Hash: 8c6998119c7c | Status: ACTIVE
[2026-09-24T08:53:40.080Z] [ESEB-LOG] DISPATCH: Virtual Thread #8 | Hash: 550bdd892c68 | Status: ACTIVE
[2026-09-24T08:53:40.080Z] [ESEB-LOG] DISPATCH: Virtual Thread #9 | Hash: d6cdbf398b47 | Status: ACTIVE
[2026-09-24T08:53:40.080Z] [ESEB-LOG] DISPATCH: Virtual Thread #10 | Hash: bd2a9b2163a0 | Status: ACTIVE
[2026-09-24T08:53:40.080Z] [ESEB-LOG] DISPATCH: Virtual Thread #11 | Hash: c64e667e6027 | Status: ACTIVE
[2026-09-24T08:53:40.081Z] [ESEB-LOG] DISPATCH: Virtual Thread #12 | Hash: 9e030ee0ba6c | Status: ACTIVE
[2026-09-24T08:53:40.081Z] [ESEB-LOG] DISPATCH: Virtual Thread #13 | Hash: 31db0bfe589c | Status: ACTIVE
[2026-09-24T08:53:40.081Z] [ESEB-LOG] DISPATCH: Virtual Thread #14 | Hash: 53653fb8dea6 | Status: ACTIVE
[2026-09-24T08:53:40.081Z] [ESEB-LOG] DISPATCH: Virtual Thread #15 | Hash: 24d90abce52b | Status: ACTIVE
[2026-09-24T08:53:40.081Z] [ESEB-LOG] DISPATCH: Virtual Thread #16 | Hash: 0a673d99526d | Status: ACTIVE
[2026-09-24T08:53:40.081Z] [ESEB-LOG] DISPATCH: Virtual Thread #17 | Hash: 09b509a5b7d9 | Status: ACTIVE
[2026-09-24T08:53:40.081Z] [ESEB-LOG] DISPATCH: Virtual Thread #18 | Hash: e98c80240ac5 | Status: ACTIVE
[2026-09-24T08:53:40.081Z] [ESEB-LOG] DISPATCH: Virtual Thread #19 | Hash: 82abb33c20a2 | Status: ACTIVE
[2026-09-24T08:53:40.081Z] [ESEB-LOG] DISPATCH: Virtual Thread #20 | Hash: 1d94a2f3da0e | Status: ACTIVE
[2026-09-24T08:53:40.081Z] [ESEB-LOG] DISPATCH: Virtual Thread #21 | Hash: c1d407c959f0 | Status: ACTIVE
[2026-09-24T08:53:40.081Z] [ESEB-LOG] DISPATCH: Virtual Thread #22 | Hash: 4b7331d63b52 | Status: ACTIVE
[2026-09-24T08:53:40.081Z] [ESEB-LOG] DISPATCH: Virtual Thread #23 | Hash: bdbdc40c0395 | Status: ACTIVE
[2026-09-24T08:53:40.081Z] [ESEB-LOG] DISPATCH: Virtual Thread #24 | Hash: b39ccd52c4f9 | Status: ACTIVE
[2026-09-24T08:53:40.081Z] [ESEB-LOG] ESEB CLASSIC SUCCESS: Core Authenticated | V-STAMP-24 Verified.
[2026-09-24T08:53:40.081Z] [ESEB-LOG] END: Execution Completed. Sharded Virtual Threads Active: 24/24 | Entropy δ = 0.
